2026-07-08 19:51:30 ERROR    [onshape_export_manager.events] Event subscriber raised for system.startup
Traceback (most recent call last):
  File "/Users/hrebis/Desktop/OnshapeExportTool/onshape_export_manager/core/events.py", line 344, in _dispatch
    result = callback(event)
  File "/Users/hrebis/Desktop/AI/Projects/OnshapeExportTool-ClaudeV3/tests/test_events.py", line 64, in boom
    raise RuntimeError("subscriber failure")
RuntimeError: subscriber failure
2026-07-08 21:49:18 WARNING  [onshape_export_manager.queue] Queue job scheduled for retry id=7af0cb93-1ee7-4f7f-8c0c-1dd4396e8d18 retry_count=1 next_run_at=2026-06-25T12:00:02+00:00 error=timeout
2026-07-08 21:49:18 WARNING  [onshape_export_manager.queue] Queue job scheduled for retry id=7af0cb93-1ee7-4f7f-8c0c-1dd4396e8d18 retry_count=2 next_run_at=2026-06-25T12:00:04+00:00 error=timeout again
2026-07-08 21:49:18 ERROR    [onshape_export_manager.queue] Queue job permanently failed id=7af0cb93-1ee7-4f7f-8c0c-1dd4396e8d18 error=final
2026-07-08 21:49:55 WARNING  [onshape_export_manager.web] Worker failed to start: EventBus.subscribe() got an unexpected keyword argument 'event_type'
2026-07-08 21:51:03 ERROR    [onshape_export_manager.worker] Queued export failed id=f7fd731a-6a94-445f-aa39-36e11e8d9a31: ValueError: unknown or disabled label 'A'
Traceback (most recent call last):
  File "/Users/hrebis/Desktop/OnshapeExportTool/onshape_export_manager/core/worker.py", line 372, in _run_job
    request = self._build_request(job)
  File "/Users/hrebis/Desktop/OnshapeExportTool/onshape_export_manager/core/worker.py", line 487, in _build_request
    raise ValueError(f"unknown or disabled label '{job.label_name}'")
ValueError: unknown or disabled label 'A'
2026-07-08 21:51:03 ERROR    [onshape_export_manager.worker] Queued export failed id=666095cb-8a86-433e-b92d-3ad60b1a3818: ValueError: unknown or disabled label 'B'
Traceback (most recent call last):
  File "/Users/hrebis/Desktop/OnshapeExportTool/onshape_export_manager/core/worker.py", line 372, in _run_job
    request = self._build_request(job)
  File "/Users/hrebis/Desktop/OnshapeExportTool/onshape_export_manager/core/worker.py", line 487, in _build_request
    raise ValueError(f"unknown or disabled label '{job.label_name}'")
ValueError: unknown or disabled label 'B'
2026-07-08 21:51:03 ERROR    [onshape_export_manager.worker] Queued export failed id=dab5e0d6-0d33-4dd2-95e3-ee79ee992fba: ValueError: unknown or disabled label 'A'
Traceback (most recent call last):
  File "/Users/hrebis/Desktop/OnshapeExportTool/onshape_export_manager/core/worker.py", line 372, in _run_job
    request = self._build_request(job)
  File "/Users/hrebis/Desktop/OnshapeExportTool/onshape_export_manager/core/worker.py", line 487, in _build_request
    raise ValueError(f"unknown or disabled label '{job.label_name}'")
ValueError: unknown or disabled label 'A'
2026-07-08 21:51:03 WARNING  [onshape_export_manager.queue] Queue job scheduled for retry id=f7fd731a-6a94-445f-aa39-36e11e8d9a31 retry_count=1 next_run_at=2026-07-08T18:51:04.013769+00:00 error=ValueError: unknown or disabled label 'A'
2026-07-08 21:51:03 WARNING  [onshape_export_manager.queue] Queue job scheduled for retry id=dab5e0d6-0d33-4dd2-95e3-ee79ee992fba retry_count=1 next_run_at=2026-07-08T18:51:04.018087+00:00 error=ValueError: unknown or disabled label 'A'
2026-07-08 21:51:03 ERROR    [onshape_export_manager.worker] Queued export failed id=05c46483-eb6c-4cdf-89f1-9b16455af859: ValueError: unknown or disabled label 'B'
Traceback (most recent call last):
  File "/Users/hrebis/Desktop/OnshapeExportTool/onshape_export_manager/core/worker.py", line 372, in _run_job
    request = self._build_request(job)
  File "/Users/hrebis/Desktop/OnshapeExportTool/onshape_export_manager/core/worker.py", line 487, in _build_request
    raise ValueError(f"unknown or disabled label '{job.label_name}'")
ValueError: unknown or disabled label 'B'
2026-07-08 21:51:03 WARNING  [onshape_export_manager.queue] Queue job scheduled for retry id=666095cb-8a86-433e-b92d-3ad60b1a3818 retry_count=1 next_run_at=2026-07-08T18:51:04.015937+00:00 error=ValueError: unknown or disabled label 'B'
2026-07-08 21:51:03 WARNING  [onshape_export_manager.queue] Queue job scheduled for retry id=05c46483-eb6c-4cdf-89f1-9b16455af859 retry_count=1 next_run_at=2026-07-08T18:51:04.021392+00:00 error=ValueError: unknown or disabled label 'B'
2026-07-08 22:16:56 ERROR    [onshape_export_manager.worker] Queued export failed id=b967ea28-b692-4ecd-96c9-4f02fe6b06dd: ValueError: unknown or disabled label 'A'
Traceback (most recent call last):
  File "/Users/hrebis/Desktop/OnshapeExportTool/onshape_export_manager/core/worker.py", line 372, in _run_job
    request = self._build_request(job)
  File "/Users/hrebis/Desktop/OnshapeExportTool/onshape_export_manager/core/worker.py", line 487, in _build_request
    raise ValueError(f"unknown or disabled label '{job.label_name}'")
ValueError: unknown or disabled label 'A'
2026-07-08 22:16:56 ERROR    [onshape_export_manager.worker] Queued export failed id=81c36558-112c-4202-8f12-e27984db8c73: ValueError: unknown or disabled label 'B'
Traceback (most recent call last):
  File "/Users/hrebis/Desktop/OnshapeExportTool/onshape_export_manager/core/worker.py", line 372, in _run_job
    request = self._build_request(job)
  File "/Users/hrebis/Desktop/OnshapeExportTool/onshape_export_manager/core/worker.py", line 487, in _build_request
    raise ValueError(f"unknown or disabled label '{job.label_name}'")
ValueError: unknown or disabled label 'B'
2026-07-08 22:16:56 WARNING  [onshape_export_manager.queue] Queue job scheduled for retry id=b967ea28-b692-4ecd-96c9-4f02fe6b06dd retry_count=1 next_run_at=2026-07-08T19:16:57.596746+00:00 error=ValueError: unknown or disabled label 'A'
2026-07-08 22:16:56 WARNING  [onshape_export_manager.queue] Queue job scheduled for retry id=81c36558-112c-4202-8f12-e27984db8c73 retry_count=1 next_run_at=2026-07-08T19:16:57.598679+00:00 error=ValueError: unknown or disabled label 'B'
2026-07-08 22:17:01 ERROR    [onshape_export_manager.worker] Queued export failed id=b967ea28-b692-4ecd-96c9-4f02fe6b06dd: ValueError: unknown or disabled label 'A'
Traceback (most recent call last):
  File "/Users/hrebis/Desktop/OnshapeExportTool/onshape_export_manager/core/worker.py", line 372, in _run_job
    request = self._build_request(job)
  File "/Users/hrebis/Desktop/OnshapeExportTool/onshape_export_manager/core/worker.py", line 487, in _build_request
    raise ValueError(f"unknown or disabled label '{job.label_name}'")
ValueError: unknown or disabled label 'A'
2026-07-08 22:17:01 ERROR    [onshape_export_manager.worker] Queued export failed id=81c36558-112c-4202-8f12-e27984db8c73: ValueError: unknown or disabled label 'B'
Traceback (most recent call last):
  File "/Users/hrebis/Desktop/OnshapeExportTool/onshape_export_manager/core/worker.py", line 372, in _run_job
    request = self._build_request(job)
  File "/Users/hrebis/Desktop/OnshapeExportTool/onshape_export_manager/core/worker.py", line 487, in _build_request
    raise ValueError(f"unknown or disabled label '{job.label_name}'")
ValueError: unknown or disabled label 'B'
2026-07-08 22:17:01 WARNING  [onshape_export_manager.queue] Queue job scheduled for retry id=81c36558-112c-4202-8f12-e27984db8c73 retry_count=2 next_run_at=2026-07-08T19:17:03.615872+00:00 error=ValueError: unknown or disabled label 'B'
2026-07-08 22:17:01 WARNING  [onshape_export_manager.queue] Queue job scheduled for retry id=b967ea28-b692-4ecd-96c9-4f02fe6b06dd retry_count=2 next_run_at=2026-07-08T19:17:03.615404+00:00 error=ValueError: unknown or disabled label 'A'
2026-07-08 22:17:06 ERROR    [onshape_export_manager.worker] Queued export failed id=b967ea28-b692-4ecd-96c9-4f02fe6b06dd: ValueError: unknown or disabled label 'A'
Traceback (most recent call last):
  File "/Users/hrebis/Desktop/OnshapeExportTool/onshape_export_manager/core/worker.py", line 372, in _run_job
    request = self._build_request(job)
  File "/Users/hrebis/Desktop/OnshapeExportTool/onshape_export_manager/core/worker.py", line 487, in _build_request
    raise ValueError(f"unknown or disabled label '{job.label_name}'")
ValueError: unknown or disabled label 'A'
2026-07-08 22:17:06 ERROR    [onshape_export_manager.worker] Queued export failed id=81c36558-112c-4202-8f12-e27984db8c73: ValueError: unknown or disabled label 'B'
Traceback (most recent call last):
  File "/Users/hrebis/Desktop/OnshapeExportTool/onshape_export_manager/core/worker.py", line 372, in _run_job
    request = self._build_request(job)
  File "/Users/hrebis/Desktop/OnshapeExportTool/onshape_export_manager/core/worker.py", line 487, in _build_request
    raise ValueError(f"unknown or disabled label '{job.label_name}'")
ValueError: unknown or disabled label 'B'
2026-07-08 22:17:06 WARNING  [onshape_export_manager.queue] Queue job scheduled for retry id=b967ea28-b692-4ecd-96c9-4f02fe6b06dd retry_count=3 next_run_at=2026-07-08T19:17:10.628192+00:00 error=ValueError: unknown or disabled label 'A'
2026-07-08 22:17:06 WARNING  [onshape_export_manager.queue] Queue job scheduled for retry id=81c36558-112c-4202-8f12-e27984db8c73 retry_count=3 next_run_at=2026-07-08T19:17:10.631909+00:00 error=ValueError: unknown or disabled label 'B'
2026-07-08 22:17:11 ERROR    [onshape_export_manager.worker] Queued export failed id=b967ea28-b692-4ecd-96c9-4f02fe6b06dd: ValueError: unknown or disabled label 'A'
Traceback (most recent call last):
  File "/Users/hrebis/Desktop/OnshapeExportTool/onshape_export_manager/core/worker.py", line 372, in _run_job
    request = self._build_request(job)
  File "/Users/hrebis/Desktop/OnshapeExportTool/onshape_export_manager/core/worker.py", line 487, in _build_request
    raise ValueError(f"unknown or disabled label '{job.label_name}'")
ValueError: unknown or disabled label 'A'
2026-07-08 22:17:11 ERROR    [onshape_export_manager.worker] Queued export failed id=81c36558-112c-4202-8f12-e27984db8c73: ValueError: unknown or disabled label 'B'
Traceback (most recent call last):
  File "/Users/hrebis/Desktop/OnshapeExportTool/onshape_export_manager/core/worker.py", line 372, in _run_job
    request = self._build_request(job)
  File "/Users/hrebis/Desktop/OnshapeExportTool/onshape_export_manager/core/worker.py", line 487, in _build_request
    raise ValueError(f"unknown or disabled label '{job.label_name}'")
ValueError: unknown or disabled label 'B'
2026-07-08 22:17:11 ERROR    [onshape_export_manager.queue] Queue job permanently failed id=81c36558-112c-4202-8f12-e27984db8c73 error=ValueError: unknown or disabled label 'B'
2026-07-08 22:17:11 ERROR    [onshape_export_manager.queue] Queue job permanently failed id=b967ea28-b692-4ecd-96c9-4f02fe6b06dd error=ValueError: unknown or disabled label 'A'
2026-07-08 22:23:47 ERROR    [onshape_export_manager.worker] Queued export failed id=1e31fb34-8ba2-40ad-a86c-44c089475d28: ValueError: unknown or disabled label 'A'
Traceback (most recent call last):
  File "/Users/hrebis/Desktop/OnshapeExportTool/onshape_export_manager/core/worker.py", line 372, in _run_job
    request = self._build_request(job)
  File "/Users/hrebis/Desktop/OnshapeExportTool/onshape_export_manager/core/worker.py", line 487, in _build_request
    raise ValueError(f"unknown or disabled label '{job.label_name}'")
ValueError: unknown or disabled label 'A'
2026-07-08 22:23:47 ERROR    [onshape_export_manager.worker] Queued export failed id=507cf275-ceb3-4ae5-83ec-100eb67b7a11: ValueError: unknown or disabled label 'B'
Traceback (most recent call last):
  File "/Users/hrebis/Desktop/OnshapeExportTool/onshape_export_manager/core/worker.py", line 372, in _run_job
    request = self._build_request(job)
  File "/Users/hrebis/Desktop/OnshapeExportTool/onshape_export_manager/core/worker.py", line 487, in _build_request
    raise ValueError(f"unknown or disabled label '{job.label_name}'")
ValueError: unknown or disabled label 'B'
2026-07-08 22:23:47 WARNING  [onshape_export_manager.queue] Queue job scheduled for retry id=507cf275-ceb3-4ae5-83ec-100eb67b7a11 retry_count=1 next_run_at=2026-07-08T19:23:48.311052+00:00 error=ValueError: unknown or disabled label 'B'
2026-07-08 22:23:47 WARNING  [onshape_export_manager.queue] Queue job scheduled for retry id=1e31fb34-8ba2-40ad-a86c-44c089475d28 retry_count=1 next_run_at=2026-07-08T19:23:48.310599+00:00 error=ValueError: unknown or disabled label 'A'
2026-07-08 22:23:52 ERROR    [onshape_export_manager.worker] Queued export failed id=507cf275-ceb3-4ae5-83ec-100eb67b7a11: ValueError: unknown or disabled label 'B'
Traceback (most recent call last):
  File "/Users/hrebis/Desktop/OnshapeExportTool/onshape_export_manager/core/worker.py", line 372, in _run_job
    request = self._build_request(job)
  File "/Users/hrebis/Desktop/OnshapeExportTool/onshape_export_manager/core/worker.py", line 487, in _build_request
    raise ValueError(f"unknown or disabled label '{job.label_name}'")
ValueError: unknown or disabled label 'B'
2026-07-08 22:23:52 ERROR    [onshape_export_manager.worker] Queued export failed id=1e31fb34-8ba2-40ad-a86c-44c089475d28: ValueError: unknown or disabled label 'A'
Traceback (most recent call last):
  File "/Users/hrebis/Desktop/OnshapeExportTool/onshape_export_manager/core/worker.py", line 372, in _run_job
    request = self._build_request(job)
  File "/Users/hrebis/Desktop/OnshapeExportTool/onshape_export_manager/core/worker.py", line 487, in _build_request
    raise ValueError(f"unknown or disabled label '{job.label_name}'")
ValueError: unknown or disabled label 'A'
2026-07-08 22:23:52 WARNING  [onshape_export_manager.queue] Queue job scheduled for retry id=507cf275-ceb3-4ae5-83ec-100eb67b7a11 retry_count=2 next_run_at=2026-07-08T19:23:54.331483+00:00 error=ValueError: unknown or disabled label 'B'
2026-07-08 22:23:52 WARNING  [onshape_export_manager.queue] Queue job scheduled for retry id=1e31fb34-8ba2-40ad-a86c-44c089475d28 retry_count=2 next_run_at=2026-07-08T19:23:54.331743+00:00 error=ValueError: unknown or disabled label 'A'
2026-07-08 22:23:57 ERROR    [onshape_export_manager.worker] Queued export failed id=1e31fb34-8ba2-40ad-a86c-44c089475d28: ValueError: unknown or disabled label 'A'
Traceback (most recent call last):
  File "/Users/hrebis/Desktop/OnshapeExportTool/onshape_export_manager/core/worker.py", line 372, in _run_job
    request = self._build_request(job)
  File "/Users/hrebis/Desktop/OnshapeExportTool/onshape_export_manager/core/worker.py", line 487, in _build_request
    raise ValueError(f"unknown or disabled label '{job.label_name}'")
ValueError: unknown or disabled label 'A'
2026-07-08 22:23:57 ERROR    [onshape_export_manager.worker] Queued export failed id=507cf275-ceb3-4ae5-83ec-100eb67b7a11: ValueError: unknown or disabled label 'B'
Traceback (most recent call last):
  File "/Users/hrebis/Desktop/OnshapeExportTool/onshape_export_manager/core/worker.py", line 372, in _run_job
    request = self._build_request(job)
  File "/Users/hrebis/Desktop/OnshapeExportTool/onshape_export_manager/core/worker.py", line 487, in _build_request
    raise ValueError(f"unknown or disabled label '{job.label_name}'")
ValueError: unknown or disabled label 'B'
2026-07-08 22:23:57 WARNING  [onshape_export_manager.queue] Queue job scheduled for retry id=1e31fb34-8ba2-40ad-a86c-44c089475d28 retry_count=3 next_run_at=2026-07-08T19:24:01.350555+00:00 error=ValueError: unknown or disabled label 'A'
2026-07-08 22:23:57 WARNING  [onshape_export_manager.queue] Queue job scheduled for retry id=507cf275-ceb3-4ae5-83ec-100eb67b7a11 retry_count=3 next_run_at=2026-07-08T19:24:01.351501+00:00 error=ValueError: unknown or disabled label 'B'
2026-07-08 22:24:02 ERROR    [onshape_export_manager.worker] Queued export failed id=1e31fb34-8ba2-40ad-a86c-44c089475d28: ValueError: unknown or disabled label 'A'
Traceback (most recent call last):
  File "/Users/hrebis/Desktop/OnshapeExportTool/onshape_export_manager/core/worker.py", line 372, in _run_job
    request = self._build_request(job)
  File "/Users/hrebis/Desktop/OnshapeExportTool/onshape_export_manager/core/worker.py", line 487, in _build_request
    raise ValueError(f"unknown or disabled label '{job.label_name}'")
ValueError: unknown or disabled label 'A'
2026-07-08 22:24:02 ERROR    [onshape_export_manager.queue] Queue job permanently failed id=1e31fb34-8ba2-40ad-a86c-44c089475d28 error=ValueError: unknown or disabled label 'A'
2026-07-08 22:24:02 ERROR    [onshape_export_manager.worker] Queued export failed id=507cf275-ceb3-4ae5-83ec-100eb67b7a11: ValueError: unknown or disabled label 'B'
Traceback (most recent call last):
  File "/Users/hrebis/Desktop/OnshapeExportTool/onshape_export_manager/core/worker.py", line 372, in _run_job
    request = self._build_request(job)
  File "/Users/hrebis/Desktop/OnshapeExportTool/onshape_export_manager/core/worker.py", line 487, in _build_request
    raise ValueError(f"unknown or disabled label '{job.label_name}'")
ValueError: unknown or disabled label 'B'
2026-07-08 22:24:02 ERROR    [onshape_export_manager.queue] Queue job permanently failed id=507cf275-ceb3-4ae5-83ec-100eb67b7a11 error=ValueError: unknown or disabled label 'B'
2026-07-08 22:25:55 ERROR    [onshape_export_manager.worker] Queued export failed id=8b3b5ee1-f465-45c7-8bbd-1162123d24fa: ValueError: unknown or disabled label 'A'
Traceback (most recent call last):
  File "/Users/hrebis/Desktop/OnshapeExportTool/onshape_export_manager/core/worker.py", line 372, in _run_job
    request = self._build_request(job)
  File "/Users/hrebis/Desktop/OnshapeExportTool/onshape_export_manager/core/worker.py", line 487, in _build_request
    raise ValueError(f"unknown or disabled label '{job.label_name}'")
ValueError: unknown or disabled label 'A'
2026-07-08 22:25:55 ERROR    [onshape_export_manager.worker] Queued export failed id=e04778c9-5f18-4340-8c3e-a11b5388330c: ValueError: unknown or disabled label 'B'
Traceback (most recent call last):
  File "/Users/hrebis/Desktop/OnshapeExportTool/onshape_export_manager/core/worker.py", line 372, in _run_job
    request = self._build_request(job)
  File "/Users/hrebis/Desktop/OnshapeExportTool/onshape_export_manager/core/worker.py", line 487, in _build_request
    raise ValueError(f"unknown or disabled label '{job.label_name}'")
ValueError: unknown or disabled label 'B'
2026-07-08 22:25:55 WARNING  [onshape_export_manager.queue] Queue job scheduled for retry id=8b3b5ee1-f465-45c7-8bbd-1162123d24fa retry_count=1 next_run_at=2026-07-08T19:25:56.519176+00:00 error=ValueError: unknown or disabled label 'A'
2026-07-08 22:25:55 WARNING  [onshape_export_manager.queue] Queue job scheduled for retry id=e04778c9-5f18-4340-8c3e-a11b5388330c retry_count=1 next_run_at=2026-07-08T19:25:56.519504+00:00 error=ValueError: unknown or disabled label 'B'
2026-07-08 22:26:00 ERROR    [onshape_export_manager.worker] Queued export failed id=8b3b5ee1-f465-45c7-8bbd-1162123d24fa: ValueError: unknown or disabled label 'A'
Traceback (most recent call last):
  File "/Users/hrebis/Desktop/OnshapeExportTool/onshape_export_manager/core/worker.py", line 372, in _run_job
    request = self._build_request(job)
  File "/Users/hrebis/Desktop/OnshapeExportTool/onshape_export_manager/core/worker.py", line 487, in _build_request
    raise ValueError(f"unknown or disabled label '{job.label_name}'")
ValueError: unknown or disabled label 'A'
2026-07-08 22:26:00 WARNING  [onshape_export_manager.queue] Queue job scheduled for retry id=8b3b5ee1-f465-45c7-8bbd-1162123d24fa retry_count=2 next_run_at=2026-07-08T19:26:02.530670+00:00 error=ValueError: unknown or disabled label 'A'
2026-07-08 22:26:00 ERROR    [onshape_export_manager.worker] Queued export failed id=e04778c9-5f18-4340-8c3e-a11b5388330c: ValueError: unknown or disabled label 'B'
Traceback (most recent call last):
  File "/Users/hrebis/Desktop/OnshapeExportTool/onshape_export_manager/core/worker.py", line 372, in _run_job
    request = self._build_request(job)
  File "/Users/hrebis/Desktop/OnshapeExportTool/onshape_export_manager/core/worker.py", line 487, in _build_request
    raise ValueError(f"unknown or disabled label '{job.label_name}'")
ValueError: unknown or disabled label 'B'
2026-07-08 22:26:00 WARNING  [onshape_export_manager.queue] Queue job scheduled for retry id=e04778c9-5f18-4340-8c3e-a11b5388330c retry_count=2 next_run_at=2026-07-08T19:26:02.537070+00:00 error=ValueError: unknown or disabled label 'B'
2026-07-08 22:26:05 ERROR    [onshape_export_manager.worker] Queued export failed id=8b3b5ee1-f465-45c7-8bbd-1162123d24fa: ValueError: unknown or disabled label 'A'
Traceback (most recent call last):
  File "/Users/hrebis/Desktop/OnshapeExportTool/onshape_export_manager/core/worker.py", line 372, in _run_job
    request = self._build_request(job)
  File "/Users/hrebis/Desktop/OnshapeExportTool/onshape_export_manager/core/worker.py", line 487, in _build_request
    raise ValueError(f"unknown or disabled label '{job.label_name}'")
ValueError: unknown or disabled label 'A'
2026-07-08 22:26:05 ERROR    [onshape_export_manager.worker] Queued export failed id=e04778c9-5f18-4340-8c3e-a11b5388330c: ValueError: unknown or disabled label 'B'
Traceback (most recent call last):
  File "/Users/hrebis/Desktop/OnshapeExportTool/onshape_export_manager/core/worker.py", line 372, in _run_job
    request = self._build_request(job)
  File "/Users/hrebis/Desktop/OnshapeExportTool/onshape_export_manager/core/worker.py", line 487, in _build_request
    raise ValueError(f"unknown or disabled label '{job.label_name}'")
ValueError: unknown or disabled label 'B'
2026-07-08 22:26:05 WARNING  [onshape_export_manager.queue] Queue job scheduled for retry id=8b3b5ee1-f465-45c7-8bbd-1162123d24fa retry_count=3 next_run_at=2026-07-08T19:26:09.555961+00:00 error=ValueError: unknown or disabled label 'A'
2026-07-08 22:26:05 WARNING  [onshape_export_manager.queue] Queue job scheduled for retry id=e04778c9-5f18-4340-8c3e-a11b5388330c retry_count=3 next_run_at=2026-07-08T19:26:09.557496+00:00 error=ValueError: unknown or disabled label 'B'
2026-07-08 22:26:10 ERROR    [onshape_export_manager.worker] Queued export failed id=8b3b5ee1-f465-45c7-8bbd-1162123d24fa: ValueError: unknown or disabled label 'A'
Traceback (most recent call last):
  File "/Users/hrebis/Desktop/OnshapeExportTool/onshape_export_manager/core/worker.py", line 372, in _run_job
    request = self._build_request(job)
  File "/Users/hrebis/Desktop/OnshapeExportTool/onshape_export_manager/core/worker.py", line 487, in _build_request
    raise ValueError(f"unknown or disabled label '{job.label_name}'")
ValueError: unknown or disabled label 'A'
2026-07-08 22:26:10 ERROR    [onshape_export_manager.worker] Queued export failed id=e04778c9-5f18-4340-8c3e-a11b5388330c: ValueError: unknown or disabled label 'B'
Traceback (most recent call last):
  File "/Users/hrebis/Desktop/OnshapeExportTool/onshape_export_manager/core/worker.py", line 372, in _run_job
    request = self._build_request(job)
  File "/Users/hrebis/Desktop/OnshapeExportTool/onshape_export_manager/core/worker.py", line 487, in _build_request
    raise ValueError(f"unknown or disabled label '{job.label_name}'")
ValueError: unknown or disabled label 'B'
2026-07-08 22:26:10 ERROR    [onshape_export_manager.queue] Queue job permanently failed id=8b3b5ee1-f465-45c7-8bbd-1162123d24fa error=ValueError: unknown or disabled label 'A'
2026-07-08 22:26:10 ERROR    [onshape_export_manager.queue] Queue job permanently failed id=e04778c9-5f18-4340-8c3e-a11b5388330c error=ValueError: unknown or disabled label 'B'
2026-07-08 22:39:41 ERROR    [onshape_export_manager.worker] Queued export failed id=5ccab949-f7dd-4c75-b895-05ca1df265af: ValueError: unknown or disabled label 'A'
Traceback (most recent call last):
  File "/Users/hrebis/Desktop/OnshapeExportTool/onshape_export_manager/core/worker.py", line 372, in _run_job
    request = self._build_request(job)
  File "/Users/hrebis/Desktop/OnshapeExportTool/onshape_export_manager/core/worker.py", line 487, in _build_request
    raise ValueError(f"unknown or disabled label '{job.label_name}'")
ValueError: unknown or disabled label 'A'
2026-07-08 22:39:41 WARNING  [onshape_export_manager.queue] Queue job scheduled for retry id=5ccab949-f7dd-4c75-b895-05ca1df265af retry_count=1 next_run_at=2026-07-08T19:39:42.347419+00:00 error=ValueError: unknown or disabled label 'A'
2026-07-08 22:39:41 ERROR    [onshape_export_manager.worker] Queued export failed id=d647e820-4d4b-4756-976c-82d3f6260ec1: ValueError: unknown or disabled label 'B'
Traceback (most recent call last):
  File "/Users/hrebis/Desktop/OnshapeExportTool/onshape_export_manager/core/worker.py", line 372, in _run_job
    request = self._build_request(job)
  File "/Users/hrebis/Desktop/OnshapeExportTool/onshape_export_manager/core/worker.py", line 487, in _build_request
    raise ValueError(f"unknown or disabled label '{job.label_name}'")
ValueError: unknown or disabled label 'B'
2026-07-08 22:39:41 WARNING  [onshape_export_manager.queue] Queue job scheduled for retry id=d647e820-4d4b-4756-976c-82d3f6260ec1 retry_count=1 next_run_at=2026-07-08T19:39:42.354293+00:00 error=ValueError: unknown or disabled label 'B'
2026-07-08 22:39:46 ERROR    [onshape_export_manager.worker] Queued export failed id=5ccab949-f7dd-4c75-b895-05ca1df265af: ValueError: unknown or disabled label 'A'
Traceback (most recent call last):
  File "/Users/hrebis/Desktop/OnshapeExportTool/onshape_export_manager/core/worker.py", line 372, in _run_job
    request = self._build_request(job)
  File "/Users/hrebis/Desktop/OnshapeExportTool/onshape_export_manager/core/worker.py", line 487, in _build_request
    raise ValueError(f"unknown or disabled label '{job.label_name}'")
ValueError: unknown or disabled label 'A'
2026-07-08 22:39:46 ERROR    [onshape_export_manager.worker] Queued export failed id=d647e820-4d4b-4756-976c-82d3f6260ec1: ValueError: unknown or disabled label 'B'
Traceback (most recent call last):
  File "/Users/hrebis/Desktop/OnshapeExportTool/onshape_export_manager/core/worker.py", line 372, in _run_job
    request = self._build_request(job)
  File "/Users/hrebis/Desktop/OnshapeExportTool/onshape_export_manager/core/worker.py", line 487, in _build_request
    raise ValueError(f"unknown or disabled label '{job.label_name}'")
ValueError: unknown or disabled label 'B'
2026-07-08 22:39:46 WARNING  [onshape_export_manager.queue] Queue job scheduled for retry id=5ccab949-f7dd-4c75-b895-05ca1df265af retry_count=2 next_run_at=2026-07-08T19:39:48.374826+00:00 error=ValueError: unknown or disabled label 'A'
2026-07-08 22:39:46 WARNING  [onshape_export_manager.queue] Queue job scheduled for retry id=d647e820-4d4b-4756-976c-82d3f6260ec1 retry_count=2 next_run_at=2026-07-08T19:39:48.374893+00:00 error=ValueError: unknown or disabled label 'B'
2026-07-08 22:39:51 ERROR    [onshape_export_manager.worker] Queued export failed id=5ccab949-f7dd-4c75-b895-05ca1df265af: ValueError: unknown or disabled label 'A'
Traceback (most recent call last):
  File "/Users/hrebis/Desktop/OnshapeExportTool/onshape_export_manager/core/worker.py", line 372, in _run_job
    request = self._build_request(job)
  File "/Users/hrebis/Desktop/OnshapeExportTool/onshape_export_manager/core/worker.py", line 487, in _build_request
    raise ValueError(f"unknown or disabled label '{job.label_name}'")
ValueError: unknown or disabled label 'A'
2026-07-08 22:39:51 WARNING  [onshape_export_manager.queue] Queue job scheduled for retry id=5ccab949-f7dd-4c75-b895-05ca1df265af retry_count=3 next_run_at=2026-07-08T19:39:55.386463+00:00 error=ValueError: unknown or disabled label 'A'
2026-07-08 22:39:51 ERROR    [onshape_export_manager.worker] Queued export failed id=d647e820-4d4b-4756-976c-82d3f6260ec1: ValueError: unknown or disabled label 'B'
Traceback (most recent call last):
  File "/Users/hrebis/Desktop/OnshapeExportTool/onshape_export_manager/core/worker.py", line 372, in _run_job
    request = self._build_request(job)
  File "/Users/hrebis/Desktop/OnshapeExportTool/onshape_export_manager/core/worker.py", line 487, in _build_request
    raise ValueError(f"unknown or disabled label '{job.label_name}'")
ValueError: unknown or disabled label 'B'
2026-07-08 22:39:51 WARNING  [onshape_export_manager.queue] Queue job scheduled for retry id=d647e820-4d4b-4756-976c-82d3f6260ec1 retry_count=3 next_run_at=2026-07-08T19:39:55.395760+00:00 error=ValueError: unknown or disabled label 'B'
2026-07-08 22:39:56 ERROR    [onshape_export_manager.worker] Queued export failed id=5ccab949-f7dd-4c75-b895-05ca1df265af: ValueError: unknown or disabled label 'A'
Traceback (most recent call last):
  File "/Users/hrebis/Desktop/OnshapeExportTool/onshape_export_manager/core/worker.py", line 372, in _run_job
    request = self._build_request(job)
  File "/Users/hrebis/Desktop/OnshapeExportTool/onshape_export_manager/core/worker.py", line 487, in _build_request
    raise ValueError(f"unknown or disabled label '{job.label_name}'")
ValueError: unknown or disabled label 'A'
2026-07-08 22:39:56 ERROR    [onshape_export_manager.queue] Queue job permanently failed id=5ccab949-f7dd-4c75-b895-05ca1df265af error=ValueError: unknown or disabled label 'A'
2026-07-08 22:39:56 ERROR    [onshape_export_manager.worker] Queued export failed id=d647e820-4d4b-4756-976c-82d3f6260ec1: ValueError: unknown or disabled label 'B'
Traceback (most recent call last):
  File "/Users/hrebis/Desktop/OnshapeExportTool/onshape_export_manager/core/worker.py", line 372, in _run_job
    request = self._build_request(job)
  File "/Users/hrebis/Desktop/OnshapeExportTool/onshape_export_manager/core/worker.py", line 487, in _build_request
    raise ValueError(f"unknown or disabled label '{job.label_name}'")
ValueError: unknown or disabled label 'B'
2026-07-08 22:39:56 ERROR    [onshape_export_manager.queue] Queue job permanently failed id=d647e820-4d4b-4756-976c-82d3f6260ec1 error=ValueError: unknown or disabled label 'B'
2026-07-08 23:09:19 ERROR    [onshape_export_manager.worker] Queued export failed id=332133ee-baa0-46d9-a5e7-f5717a704bd5: ValueError: unknown or disabled label 'A'
Traceback (most recent call last):
  File "/Users/hrebis/Desktop/OnshapeExportTool/onshape_export_manager/core/worker.py", line 372, in _run_job
    request = self._build_request(job)
  File "/Users/hrebis/Desktop/OnshapeExportTool/onshape_export_manager/core/worker.py", line 487, in _build_request
    raise ValueError(f"unknown or disabled label '{job.label_name}'")
ValueError: unknown or disabled label 'A'
2026-07-08 23:09:19 ERROR    [onshape_export_manager.worker] Queued export failed id=6f95b1b0-b8d3-46ba-9305-ee4529d6602b: ValueError: unknown or disabled label 'B'
Traceback (most recent call last):
  File "/Users/hrebis/Desktop/OnshapeExportTool/onshape_export_manager/core/worker.py", line 372, in _run_job
    request = self._build_request(job)
  File "/Users/hrebis/Desktop/OnshapeExportTool/onshape_export_manager/core/worker.py", line 487, in _build_request
    raise ValueError(f"unknown or disabled label '{job.label_name}'")
ValueError: unknown or disabled label 'B'
2026-07-08 23:09:19 WARNING  [onshape_export_manager.queue] Queue job scheduled for retry id=332133ee-baa0-46d9-a5e7-f5717a704bd5 retry_count=1 next_run_at=2026-07-08T20:09:20.040721+00:00 error=ValueError: unknown or disabled label 'A'
2026-07-08 23:09:19 WARNING  [onshape_export_manager.queue] Queue job scheduled for retry id=6f95b1b0-b8d3-46ba-9305-ee4529d6602b retry_count=1 next_run_at=2026-07-08T20:09:20.043355+00:00 error=ValueError: unknown or disabled label 'B'
2026-07-08 23:09:24 ERROR    [onshape_export_manager.worker] Queued export failed id=332133ee-baa0-46d9-a5e7-f5717a704bd5: ValueError: unknown or disabled label 'A'
Traceback (most recent call last):
  File "/Users/hrebis/Desktop/OnshapeExportTool/onshape_export_manager/core/worker.py", line 372, in _run_job
    request = self._build_request(job)
  File "/Users/hrebis/Desktop/OnshapeExportTool/onshape_export_manager/core/worker.py", line 487, in _build_request
    raise ValueError(f"unknown or disabled label '{job.label_name}'")
ValueError: unknown or disabled label 'A'
2026-07-08 23:09:24 WARNING  [onshape_export_manager.queue] Queue job scheduled for retry id=332133ee-baa0-46d9-a5e7-f5717a704bd5 retry_count=2 next_run_at=2026-07-08T20:09:26.055944+00:00 error=ValueError: unknown or disabled label 'A'
2026-07-08 23:09:24 ERROR    [onshape_export_manager.worker] Queued export failed id=6f95b1b0-b8d3-46ba-9305-ee4529d6602b: ValueError: unknown or disabled label 'B'
Traceback (most recent call last):
  File "/Users/hrebis/Desktop/OnshapeExportTool/onshape_export_manager/core/worker.py", line 372, in _run_job
    request = self._build_request(job)
  File "/Users/hrebis/Desktop/OnshapeExportTool/onshape_export_manager/core/worker.py", line 487, in _build_request
    raise ValueError(f"unknown or disabled label '{job.label_name}'")
ValueError: unknown or disabled label 'B'
2026-07-08 23:09:24 WARNING  [onshape_export_manager.queue] Queue job scheduled for retry id=6f95b1b0-b8d3-46ba-9305-ee4529d6602b retry_count=2 next_run_at=2026-07-08T20:09:26.068455+00:00 error=ValueError: unknown or disabled label 'B'
2026-07-08 23:09:29 ERROR    [onshape_export_manager.worker] Queued export failed id=332133ee-baa0-46d9-a5e7-f5717a704bd5: ValueError: unknown or disabled label 'A'
Traceback (most recent call last):
  File "/Users/hrebis/Desktop/OnshapeExportTool/onshape_export_manager/core/worker.py", line 372, in _run_job
    request = self._build_request(job)
  File "/Users/hrebis/Desktop/OnshapeExportTool/onshape_export_manager/core/worker.py", line 487, in _build_request
    raise ValueError(f"unknown or disabled label '{job.label_name}'")
ValueError: unknown or disabled label 'A'
2026-07-08 23:09:29 WARNING  [onshape_export_manager.queue] Queue job scheduled for retry id=332133ee-baa0-46d9-a5e7-f5717a704bd5 retry_count=3 next_run_at=2026-07-08T20:09:33.077144+00:00 error=ValueError: unknown or disabled label 'A'
2026-07-08 23:09:29 ERROR    [onshape_export_manager.worker] Queued export failed id=6f95b1b0-b8d3-46ba-9305-ee4529d6602b: ValueError: unknown or disabled label 'B'
Traceback (most recent call last):
  File "/Users/hrebis/Desktop/OnshapeExportTool/onshape_export_manager/core/worker.py", line 372, in _run_job
    request = self._build_request(job)
  File "/Users/hrebis/Desktop/OnshapeExportTool/onshape_export_manager/core/worker.py", line 487, in _build_request
    raise ValueError(f"unknown or disabled label '{job.label_name}'")
ValueError: unknown or disabled label 'B'
2026-07-08 23:09:29 WARNING  [onshape_export_manager.queue] Queue job scheduled for retry id=6f95b1b0-b8d3-46ba-9305-ee4529d6602b retry_count=3 next_run_at=2026-07-08T20:09:33.082413+00:00 error=ValueError: unknown or disabled label 'B'
2026-07-08 23:09:34 ERROR    [onshape_export_manager.worker] Queued export failed id=332133ee-baa0-46d9-a5e7-f5717a704bd5: ValueError: unknown or disabled label 'A'
Traceback (most recent call last):
  File "/Users/hrebis/Desktop/OnshapeExportTool/onshape_export_manager/core/worker.py", line 372, in _run_job
    request = self._build_request(job)
  File "/Users/hrebis/Desktop/OnshapeExportTool/onshape_export_manager/core/worker.py", line 487, in _build_request
    raise ValueError(f"unknown or disabled label '{job.label_name}'")
ValueError: unknown or disabled label 'A'
2026-07-08 23:09:34 ERROR    [onshape_export_manager.worker] Queued export failed id=6f95b1b0-b8d3-46ba-9305-ee4529d6602b: ValueError: unknown or disabled label 'B'
Traceback (most recent call last):
  File "/Users/hrebis/Desktop/OnshapeExportTool/onshape_export_manager/core/worker.py", line 372, in _run_job
    request = self._build_request(job)
  File "/Users/hrebis/Desktop/OnshapeExportTool/onshape_export_manager/core/worker.py", line 487, in _build_request
    raise ValueError(f"unknown or disabled label '{job.label_name}'")
ValueError: unknown or disabled label 'B'
2026-07-08 23:09:34 ERROR    [onshape_export_manager.queue] Queue job permanently failed id=332133ee-baa0-46d9-a5e7-f5717a704bd5 error=ValueError: unknown or disabled label 'A'
2026-07-08 23:09:34 ERROR    [onshape_export_manager.queue] Queue job permanently failed id=6f95b1b0-b8d3-46ba-9305-ee4529d6602b error=ValueError: unknown or disabled label 'B'
2026-07-08 23:13:49 ERROR    [onshape_export_manager.worker] Queued export failed id=ddb6ab28-687f-440c-afe2-db79a5ab0fdb: ValueError: unknown or disabled label 'A'
Traceback (most recent call last):
  File "/Users/hrebis/Desktop/OnshapeExportTool/onshape_export_manager/core/worker.py", line 372, in _run_job
    request = self._build_request(job)
  File "/Users/hrebis/Desktop/OnshapeExportTool/onshape_export_manager/core/worker.py", line 487, in _build_request
    raise ValueError(f"unknown or disabled label '{job.label_name}'")
ValueError: unknown or disabled label 'A'
2026-07-08 23:13:49 ERROR    [onshape_export_manager.worker] Queued export failed id=342b5c50-7c7d-44b4-a47e-03dcf0ffee3a: ValueError: unknown or disabled label 'B'
Traceback (most recent call last):
  File "/Users/hrebis/Desktop/OnshapeExportTool/onshape_export_manager/core/worker.py", line 372, in _run_job
    request = self._build_request(job)
  File "/Users/hrebis/Desktop/OnshapeExportTool/onshape_export_manager/core/worker.py", line 487, in _build_request
    raise ValueError(f"unknown or disabled label '{job.label_name}'")
ValueError: unknown or disabled label 'B'
2026-07-08 23:13:49 WARNING  [onshape_export_manager.queue] Queue job scheduled for retry id=ddb6ab28-687f-440c-afe2-db79a5ab0fdb retry_count=1 next_run_at=2026-07-08T20:13:50.543842+00:00 error=ValueError: unknown or disabled label 'A'
2026-07-08 23:13:49 WARNING  [onshape_export_manager.queue] Queue job scheduled for retry id=342b5c50-7c7d-44b4-a47e-03dcf0ffee3a retry_count=1 next_run_at=2026-07-08T20:13:50.544328+00:00 error=ValueError: unknown or disabled label 'B'
2026-07-08 23:13:54 ERROR    [onshape_export_manager.worker] Queued export failed id=ddb6ab28-687f-440c-afe2-db79a5ab0fdb: ValueError: unknown or disabled label 'A'
Traceback (most recent call last):
  File "/Users/hrebis/Desktop/OnshapeExportTool/onshape_export_manager/core/worker.py", line 372, in _run_job
    request = self._build_request(job)
  File "/Users/hrebis/Desktop/OnshapeExportTool/onshape_export_manager/core/worker.py", line 487, in _build_request
    raise ValueError(f"unknown or disabled label '{job.label_name}'")
ValueError: unknown or disabled label 'A'
2026-07-08 23:13:54 WARNING  [onshape_export_manager.queue] Queue job scheduled for retry id=ddb6ab28-687f-440c-afe2-db79a5ab0fdb retry_count=2 next_run_at=2026-07-08T20:13:56.554517+00:00 error=ValueError: unknown or disabled label 'A'
2026-07-08 23:13:54 ERROR    [onshape_export_manager.worker] Queued export failed id=342b5c50-7c7d-44b4-a47e-03dcf0ffee3a: ValueError: unknown or disabled label 'B'
Traceback (most recent call last):
  File "/Users/hrebis/Desktop/OnshapeExportTool/onshape_export_manager/core/worker.py", line 372, in _run_job
    request = self._build_request(job)
  File "/Users/hrebis/Desktop/OnshapeExportTool/onshape_export_manager/core/worker.py", line 487, in _build_request
    raise ValueError(f"unknown or disabled label '{job.label_name}'")
ValueError: unknown or disabled label 'B'
2026-07-08 23:13:54 WARNING  [onshape_export_manager.queue] Queue job scheduled for retry id=342b5c50-7c7d-44b4-a47e-03dcf0ffee3a retry_count=2 next_run_at=2026-07-08T20:13:56.561512+00:00 error=ValueError: unknown or disabled label 'B'
2026-07-08 23:13:59 ERROR    [onshape_export_manager.worker] Queued export failed id=ddb6ab28-687f-440c-afe2-db79a5ab0fdb: ValueError: unknown or disabled label 'A'
Traceback (most recent call last):
  File "/Users/hrebis/Desktop/OnshapeExportTool/onshape_export_manager/core/worker.py", line 372, in _run_job
    request = self._build_request(job)
  File "/Users/hrebis/Desktop/OnshapeExportTool/onshape_export_manager/core/worker.py", line 487, in _build_request
    raise ValueError(f"unknown or disabled label '{job.label_name}'")
ValueError: unknown or disabled label 'A'
2026-07-08 23:13:59 ERROR    [onshape_export_manager.worker] Queued export failed id=342b5c50-7c7d-44b4-a47e-03dcf0ffee3a: ValueError: unknown or disabled label 'B'
Traceback (most recent call last):
  File "/Users/hrebis/Desktop/OnshapeExportTool/onshape_export_manager/core/worker.py", line 372, in _run_job
    request = self._build_request(job)
  File "/Users/hrebis/Desktop/OnshapeExportTool/onshape_export_manager/core/worker.py", line 487, in _build_request
    raise ValueError(f"unknown or disabled label '{job.label_name}'")
ValueError: unknown or disabled label 'B'
2026-07-08 23:13:59 WARNING  [onshape_export_manager.queue] Queue job scheduled for retry id=ddb6ab28-687f-440c-afe2-db79a5ab0fdb retry_count=3 next_run_at=2026-07-08T20:14:03.573161+00:00 error=ValueError: unknown or disabled label 'A'
2026-07-08 23:13:59 WARNING  [onshape_export_manager.queue] Queue job scheduled for retry id=342b5c50-7c7d-44b4-a47e-03dcf0ffee3a retry_count=3 next_run_at=2026-07-08T20:14:03.577462+00:00 error=ValueError: unknown or disabled label 'B'
2026-07-08 23:14:04 ERROR    [onshape_export_manager.worker] Queued export failed id=ddb6ab28-687f-440c-afe2-db79a5ab0fdb: ValueError: unknown or disabled label 'A'
Traceback (most recent call last):
  File "/Users/hrebis/Desktop/OnshapeExportTool/onshape_export_manager/core/worker.py", line 372, in _run_job
    request = self._build_request(job)
  File "/Users/hrebis/Desktop/OnshapeExportTool/onshape_export_manager/core/worker.py", line 487, in _build_request
    raise ValueError(f"unknown or disabled label '{job.label_name}'")
ValueError: unknown or disabled label 'A'
2026-07-08 23:14:04 ERROR    [onshape_export_manager.worker] Queued export failed id=342b5c50-7c7d-44b4-a47e-03dcf0ffee3a: ValueError: unknown or disabled label 'B'
Traceback (most recent call last):
  File "/Users/hrebis/Desktop/OnshapeExportTool/onshape_export_manager/core/worker.py", line 372, in _run_job
    request = self._build_request(job)
  File "/Users/hrebis/Desktop/OnshapeExportTool/onshape_export_manager/core/worker.py", line 487, in _build_request
    raise ValueError(f"unknown or disabled label '{job.label_name}'")
ValueError: unknown or disabled label 'B'
2026-07-08 23:14:04 ERROR    [onshape_export_manager.queue] Queue job permanently failed id=ddb6ab28-687f-440c-afe2-db79a5ab0fdb error=ValueError: unknown or disabled label 'A'
2026-07-08 23:14:04 ERROR    [onshape_export_manager.queue] Queue job permanently failed id=342b5c50-7c7d-44b4-a47e-03dcf0ffee3a error=ValueError: unknown or disabled label 'B'
2026-07-08 23:21:05 ERROR    [onshape_export_manager.worker] Queued export failed id=ce4b271a-d88f-4555-84bf-ee0341d09e8d: ValueError: unknown or disabled label 'A'
Traceback (most recent call last):
  File "/Users/hrebis/Desktop/OnshapeExportTool/onshape_export_manager/core/worker.py", line 372, in _run_job
    request = self._build_request(job)
  File "/Users/hrebis/Desktop/OnshapeExportTool/onshape_export_manager/core/worker.py", line 487, in _build_request
    raise ValueError(f"unknown or disabled label '{job.label_name}'")
ValueError: unknown or disabled label 'A'
2026-07-08 23:21:05 WARNING  [onshape_export_manager.queue] Queue job scheduled for retry id=ce4b271a-d88f-4555-84bf-ee0341d09e8d retry_count=1 next_run_at=2026-07-08T20:21:06.289841+00:00 error=ValueError: unknown or disabled label 'A'
2026-07-08 23:21:05 ERROR    [onshape_export_manager.worker] Queued export failed id=7bd59551-ae4a-4845-8ad7-2e6cb50542b3: ValueError: unknown or disabled label 'B'
Traceback (most recent call last):
  File "/Users/hrebis/Desktop/OnshapeExportTool/onshape_export_manager/core/worker.py", line 372, in _run_job
    request = self._build_request(job)
  File "/Users/hrebis/Desktop/OnshapeExportTool/onshape_export_manager/core/worker.py", line 487, in _build_request
    raise ValueError(f"unknown or disabled label '{job.label_name}'")
ValueError: unknown or disabled label 'B'
2026-07-08 23:21:05 WARNING  [onshape_export_manager.queue] Queue job scheduled for retry id=7bd59551-ae4a-4845-8ad7-2e6cb50542b3 retry_count=1 next_run_at=2026-07-08T20:21:06.295547+00:00 error=ValueError: unknown or disabled label 'B'
2026-07-08 23:21:10 ERROR    [onshape_export_manager.worker] Queued export failed id=ce4b271a-d88f-4555-84bf-ee0341d09e8d: ValueError: unknown or disabled label 'A'
Traceback (most recent call last):
  File "/Users/hrebis/Desktop/OnshapeExportTool/onshape_export_manager/core/worker.py", line 372, in _run_job
    request = self._build_request(job)
  File "/Users/hrebis/Desktop/OnshapeExportTool/onshape_export_manager/core/worker.py", line 487, in _build_request
    raise ValueError(f"unknown or disabled label '{job.label_name}'")
ValueError: unknown or disabled label 'A'
2026-07-08 23:21:10 ERROR    [onshape_export_manager.worker] Queued export failed id=7bd59551-ae4a-4845-8ad7-2e6cb50542b3: ValueError: unknown or disabled label 'B'
Traceback (most recent call last):
  File "/Users/hrebis/Desktop/OnshapeExportTool/onshape_export_manager/core/worker.py", line 372, in _run_job
    request = self._build_request(job)
  File "/Users/hrebis/Desktop/OnshapeExportTool/onshape_export_manager/core/worker.py", line 487, in _build_request
    raise ValueError(f"unknown or disabled label '{job.label_name}'")
ValueError: unknown or disabled label 'B'
2026-07-08 23:21:10 WARNING  [onshape_export_manager.queue] Queue job scheduled for retry id=ce4b271a-d88f-4555-84bf-ee0341d09e8d retry_count=2 next_run_at=2026-07-08T20:21:12.309426+00:00 error=ValueError: unknown or disabled label 'A'
2026-07-08 23:21:10 WARNING  [onshape_export_manager.queue] Queue job scheduled for retry id=7bd59551-ae4a-4845-8ad7-2e6cb50542b3 retry_count=2 next_run_at=2026-07-08T20:21:12.313149+00:00 error=ValueError: unknown or disabled label 'B'
2026-07-08 23:21:15 ERROR    [onshape_export_manager.worker] Queued export failed id=ce4b271a-d88f-4555-84bf-ee0341d09e8d: ValueError: unknown or disabled label 'A'
Traceback (most recent call last):
  File "/Users/hrebis/Desktop/OnshapeExportTool/onshape_export_manager/core/worker.py", line 372, in _run_job
    request = self._build_request(job)
  File "/Users/hrebis/Desktop/OnshapeExportTool/onshape_export_manager/core/worker.py", line 487, in _build_request
    raise ValueError(f"unknown or disabled label '{job.label_name}'")
ValueError: unknown or disabled label 'A'
2026-07-08 23:21:15 WARNING  [onshape_export_manager.queue] Queue job scheduled for retry id=ce4b271a-d88f-4555-84bf-ee0341d09e8d retry_count=3 next_run_at=2026-07-08T20:21:19.323640+00:00 error=ValueError: unknown or disabled label 'A'
2026-07-08 23:21:15 ERROR    [onshape_export_manager.worker] Queued export failed id=7bd59551-ae4a-4845-8ad7-2e6cb50542b3: ValueError: unknown or disabled label 'B'
Traceback (most recent call last):
  File "/Users/hrebis/Desktop/OnshapeExportTool/onshape_export_manager/core/worker.py", line 372, in _run_job
    request = self._build_request(job)
  File "/Users/hrebis/Desktop/OnshapeExportTool/onshape_export_manager/core/worker.py", line 487, in _build_request
    raise ValueError(f"unknown or disabled label '{job.label_name}'")
ValueError: unknown or disabled label 'B'
2026-07-08 23:21:15 WARNING  [onshape_export_manager.queue] Queue job scheduled for retry id=7bd59551-ae4a-4845-8ad7-2e6cb50542b3 retry_count=3 next_run_at=2026-07-08T20:21:19.330633+00:00 error=ValueError: unknown or disabled label 'B'
2026-07-08 23:21:20 ERROR    [onshape_export_manager.worker] Queued export failed id=ce4b271a-d88f-4555-84bf-ee0341d09e8d: ValueError: unknown or disabled label 'A'
Traceback (most recent call last):
  File "/Users/hrebis/Desktop/OnshapeExportTool/onshape_export_manager/core/worker.py", line 372, in _run_job
    request = self._build_request(job)
  File "/Users/hrebis/Desktop/OnshapeExportTool/onshape_export_manager/core/worker.py", line 487, in _build_request
    raise ValueError(f"unknown or disabled label '{job.label_name}'")
ValueError: unknown or disabled label 'A'
2026-07-08 23:21:20 ERROR    [onshape_export_manager.worker] Queued export failed id=7bd59551-ae4a-4845-8ad7-2e6cb50542b3: ValueError: unknown or disabled label 'B'
Traceback (most recent call last):
  File "/Users/hrebis/Desktop/OnshapeExportTool/onshape_export_manager/core/worker.py", line 372, in _run_job
    request = self._build_request(job)
  File "/Users/hrebis/Desktop/OnshapeExportTool/onshape_export_manager/core/worker.py", line 487, in _build_request
    raise ValueError(f"unknown or disabled label '{job.label_name}'")
ValueError: unknown or disabled label 'B'
2026-07-08 23:21:20 ERROR    [onshape_export_manager.queue] Queue job permanently failed id=ce4b271a-d88f-4555-84bf-ee0341d09e8d error=ValueError: unknown or disabled label 'A'
2026-07-08 23:21:20 ERROR    [onshape_export_manager.queue] Queue job permanently failed id=7bd59551-ae4a-4845-8ad7-2e6cb50542b3 error=ValueError: unknown or disabled label 'B'
2026-07-08 23:28:01 WARNING  [onshape_export_manager.web] Unhandled AttributeError in GET /api/tree: 'OrganizationManager' object has no attribute 'list_organizations'
2026-07-08 23:41:10 ERROR    [onshape_export_manager.worker] Queued export failed id=4add9266-10b8-4f91-a5b5-7942d088985f: ValueError: unknown or disabled label 'A'
Traceback (most recent call last):
  File "/Users/hrebis/Desktop/OnshapeExportTool/onshape_export_manager/core/worker.py", line 372, in _run_job
    request = self._build_request(job)
  File "/Users/hrebis/Desktop/OnshapeExportTool/onshape_export_manager/core/worker.py", line 487, in _build_request
    raise ValueError(f"unknown or disabled label '{job.label_name}'")
ValueError: unknown or disabled label 'A'
2026-07-08 23:41:10 ERROR    [onshape_export_manager.worker] Queued export failed id=3539fbe1-da08-46ce-986e-7aa1b9b0275d: ValueError: unknown or disabled label 'B'
Traceback (most recent call last):
  File "/Users/hrebis/Desktop/OnshapeExportTool/onshape_export_manager/core/worker.py", line 372, in _run_job
    request = self._build_request(job)
  File "/Users/hrebis/Desktop/OnshapeExportTool/onshape_export_manager/core/worker.py", line 487, in _build_request
    raise ValueError(f"unknown or disabled label '{job.label_name}'")
ValueError: unknown or disabled label 'B'
2026-07-08 23:41:10 WARNING  [onshape_export_manager.queue] Queue job scheduled for retry id=4add9266-10b8-4f91-a5b5-7942d088985f retry_count=1 next_run_at=2026-07-08T20:41:11.298886+00:00 error=ValueError: unknown or disabled label 'A'
2026-07-08 23:41:10 WARNING  [onshape_export_manager.queue] Queue job scheduled for retry id=3539fbe1-da08-46ce-986e-7aa1b9b0275d retry_count=1 next_run_at=2026-07-08T20:41:11.299328+00:00 error=ValueError: unknown or disabled label 'B'
2026-07-08 23:41:15 ERROR    [onshape_export_manager.worker] Queued export failed id=4add9266-10b8-4f91-a5b5-7942d088985f: ValueError: unknown or disabled label 'A'
Traceback (most recent call last):
  File "/Users/hrebis/Desktop/OnshapeExportTool/onshape_export_manager/core/worker.py", line 372, in _run_job
    request = self._build_request(job)
  File "/Users/hrebis/Desktop/OnshapeExportTool/onshape_export_manager/core/worker.py", line 487, in _build_request
    raise ValueError(f"unknown or disabled label '{job.label_name}'")
ValueError: unknown or disabled label 'A'
2026-07-08 23:41:15 WARNING  [onshape_export_manager.queue] Queue job scheduled for retry id=4add9266-10b8-4f91-a5b5-7942d088985f retry_count=2 next_run_at=2026-07-08T20:41:17.311353+00:00 error=ValueError: unknown or disabled label 'A'
2026-07-08 23:41:15 ERROR    [onshape_export_manager.worker] Queued export failed id=3539fbe1-da08-46ce-986e-7aa1b9b0275d: ValueError: unknown or disabled label 'B'
Traceback (most recent call last):
  File "/Users/hrebis/Desktop/OnshapeExportTool/onshape_export_manager/core/worker.py", line 372, in _run_job
    request = self._build_request(job)
  File "/Users/hrebis/Desktop/OnshapeExportTool/onshape_export_manager/core/worker.py", line 487, in _build_request
    raise ValueError(f"unknown or disabled label '{job.label_name}'")
ValueError: unknown or disabled label 'B'
2026-07-08 23:41:15 WARNING  [onshape_export_manager.queue] Queue job scheduled for retry id=3539fbe1-da08-46ce-986e-7aa1b9b0275d retry_count=2 next_run_at=2026-07-08T20:41:17.341685+00:00 error=ValueError: unknown or disabled label 'B'
2026-07-08 23:41:20 ERROR    [onshape_export_manager.worker] Queued export failed id=4add9266-10b8-4f91-a5b5-7942d088985f: ValueError: unknown or disabled label 'A'
Traceback (most recent call last):
  File "/Users/hrebis/Desktop/OnshapeExportTool/onshape_export_manager/core/worker.py", line 372, in _run_job
    request = self._build_request(job)
  File "/Users/hrebis/Desktop/OnshapeExportTool/onshape_export_manager/core/worker.py", line 487, in _build_request
    raise ValueError(f"unknown or disabled label '{job.label_name}'")
ValueError: unknown or disabled label 'A'
2026-07-08 23:41:20 ERROR    [onshape_export_manager.worker] Queued export failed id=3539fbe1-da08-46ce-986e-7aa1b9b0275d: ValueError: unknown or disabled label 'B'
Traceback (most recent call last):
  File "/Users/hrebis/Desktop/OnshapeExportTool/onshape_export_manager/core/worker.py", line 372, in _run_job
    request = self._build_request(job)
  File "/Users/hrebis/Desktop/OnshapeExportTool/onshape_export_manager/core/worker.py", line 487, in _build_request
    raise ValueError(f"unknown or disabled label '{job.label_name}'")
ValueError: unknown or disabled label 'B'
2026-07-08 23:41:20 WARNING  [onshape_export_manager.queue] Queue job scheduled for retry id=4add9266-10b8-4f91-a5b5-7942d088985f retry_count=3 next_run_at=2026-07-08T20:41:24.330399+00:00 error=ValueError: unknown or disabled label 'A'
2026-07-08 23:41:20 WARNING  [onshape_export_manager.queue] Queue job scheduled for retry id=3539fbe1-da08-46ce-986e-7aa1b9b0275d retry_count=3 next_run_at=2026-07-08T20:41:24.333948+00:00 error=ValueError: unknown or disabled label 'B'
2026-07-08 23:41:25 ERROR    [onshape_export_manager.worker] Queued export failed id=4add9266-10b8-4f91-a5b5-7942d088985f: ValueError: unknown or disabled label 'A'
Traceback (most recent call last):
  File "/Users/hrebis/Desktop/OnshapeExportTool/onshape_export_manager/core/worker.py", line 372, in _run_job
    request = self._build_request(job)
  File "/Users/hrebis/Desktop/OnshapeExportTool/onshape_export_manager/core/worker.py", line 487, in _build_request
    raise ValueError(f"unknown or disabled label '{job.label_name}'")
ValueError: unknown or disabled label 'A'
2026-07-08 23:41:25 ERROR    [onshape_export_manager.worker] Queued export failed id=3539fbe1-da08-46ce-986e-7aa1b9b0275d: ValueError: unknown or disabled label 'B'
Traceback (most recent call last):
  File "/Users/hrebis/Desktop/OnshapeExportTool/onshape_export_manager/core/worker.py", line 372, in _run_job
    request = self._build_request(job)
  File "/Users/hrebis/Desktop/OnshapeExportTool/onshape_export_manager/core/worker.py", line 487, in _build_request
    raise ValueError(f"unknown or disabled label '{job.label_name}'")
ValueError: unknown or disabled label 'B'
2026-07-08 23:41:25 ERROR    [onshape_export_manager.queue] Queue job permanently failed id=4add9266-10b8-4f91-a5b5-7942d088985f error=ValueError: unknown or disabled label 'A'
2026-07-08 23:41:25 ERROR    [onshape_export_manager.queue] Queue job permanently failed id=3539fbe1-da08-46ce-986e-7aa1b9b0275d error=ValueError: unknown or disabled label 'B'
2026-07-09 00:14:35 ERROR    [onshape_export_manager.worker] Queued export failed id=ee9b37d9-9488-4722-bb8f-4cc2b897265e: ValueError: unknown or disabled label 'A'
Traceback (most recent call last):
  File "/Users/hrebis/Desktop/OnshapeExportTool/onshape_export_manager/core/worker.py", line 372, in _run_job
    request = self._build_request(job)
  File "/Users/hrebis/Desktop/OnshapeExportTool/onshape_export_manager/core/worker.py", line 487, in _build_request
    raise ValueError(f"unknown or disabled label '{job.label_name}'")
ValueError: unknown or disabled label 'A'
2026-07-09 00:14:35 ERROR    [onshape_export_manager.worker] Queued export failed id=5d02025f-55c2-41a8-8ac0-b25e0cdf6673: ValueError: unknown or disabled label 'B'
Traceback (most recent call last):
  File "/Users/hrebis/Desktop/OnshapeExportTool/onshape_export_manager/core/worker.py", line 372, in _run_job
    request = self._build_request(job)
  File "/Users/hrebis/Desktop/OnshapeExportTool/onshape_export_manager/core/worker.py", line 487, in _build_request
    raise ValueError(f"unknown or disabled label '{job.label_name}'")
ValueError: unknown or disabled label 'B'
2026-07-09 00:14:35 WARNING  [onshape_export_manager.queue] Queue job scheduled for retry id=5d02025f-55c2-41a8-8ac0-b25e0cdf6673 retry_count=1 next_run_at=2026-07-08T21:14:36.566792+00:00 error=ValueError: unknown or disabled label 'B'
2026-07-09 00:14:35 WARNING  [onshape_export_manager.queue] Queue job scheduled for retry id=ee9b37d9-9488-4722-bb8f-4cc2b897265e retry_count=1 next_run_at=2026-07-08T21:14:36.566586+00:00 error=ValueError: unknown or disabled label 'A'
2026-07-09 00:14:40 ERROR    [onshape_export_manager.worker] Queued export failed id=ee9b37d9-9488-4722-bb8f-4cc2b897265e: ValueError: unknown or disabled label 'A'
Traceback (most recent call last):
  File "/Users/hrebis/Desktop/OnshapeExportTool/onshape_export_manager/core/worker.py", line 372, in _run_job
    request = self._build_request(job)
  File "/Users/hrebis/Desktop/OnshapeExportTool/onshape_export_manager/core/worker.py", line 487, in _build_request
    raise ValueError(f"unknown or disabled label '{job.label_name}'")
ValueError: unknown or disabled label 'A'
2026-07-09 00:14:40 ERROR    [onshape_export_manager.worker] Queued export failed id=5d02025f-55c2-41a8-8ac0-b25e0cdf6673: ValueError: unknown or disabled label 'B'
Traceback (most recent call last):
  File "/Users/hrebis/Desktop/OnshapeExportTool/onshape_export_manager/core/worker.py", line 372, in _run_job
    request = self._build_request(job)
  File "/Users/hrebis/Desktop/OnshapeExportTool/onshape_export_manager/core/worker.py", line 487, in _build_request
    raise ValueError(f"unknown or disabled label '{job.label_name}'")
ValueError: unknown or disabled label 'B'
2026-07-09 00:14:40 WARNING  [onshape_export_manager.queue] Queue job scheduled for retry id=ee9b37d9-9488-4722-bb8f-4cc2b897265e retry_count=2 next_run_at=2026-07-08T21:14:42.584712+00:00 error=ValueError: unknown or disabled label 'A'
2026-07-09 00:14:40 WARNING  [onshape_export_manager.queue] Queue job scheduled for retry id=5d02025f-55c2-41a8-8ac0-b25e0cdf6673 retry_count=2 next_run_at=2026-07-08T21:14:42.589717+00:00 error=ValueError: unknown or disabled label 'B'
2026-07-09 00:14:45 ERROR    [onshape_export_manager.worker] Queued export failed id=ee9b37d9-9488-4722-bb8f-4cc2b897265e: ValueError: unknown or disabled label 'A'
Traceback (most recent call last):
  File "/Users/hrebis/Desktop/OnshapeExportTool/onshape_export_manager/core/worker.py", line 372, in _run_job
    request = self._build_request(job)
  File "/Users/hrebis/Desktop/OnshapeExportTool/onshape_export_manager/core/worker.py", line 487, in _build_request
    raise ValueError(f"unknown or disabled label '{job.label_name}'")
ValueError: unknown or disabled label 'A'
2026-07-09 00:14:45 ERROR    [onshape_export_manager.worker] Queued export failed id=5d02025f-55c2-41a8-8ac0-b25e0cdf6673: ValueError: unknown or disabled label 'B'
Traceback (most recent call last):
  File "/Users/hrebis/Desktop/OnshapeExportTool/onshape_export_manager/core/worker.py", line 372, in _run_job
    request = self._build_request(job)
  File "/Users/hrebis/Desktop/OnshapeExportTool/onshape_export_manager/core/worker.py", line 487, in _build_request
    raise ValueError(f"unknown or disabled label '{job.label_name}'")
ValueError: unknown or disabled label 'B'
2026-07-09 00:14:45 WARNING  [onshape_export_manager.queue] Queue job scheduled for retry id=ee9b37d9-9488-4722-bb8f-4cc2b897265e retry_count=3 next_run_at=2026-07-08T21:14:49.607760+00:00 error=ValueError: unknown or disabled label 'A'
2026-07-09 00:14:45 WARNING  [onshape_export_manager.queue] Queue job scheduled for retry id=5d02025f-55c2-41a8-8ac0-b25e0cdf6673 retry_count=3 next_run_at=2026-07-08T21:14:49.614021+00:00 error=ValueError: unknown or disabled label 'B'
2026-07-09 00:14:50 ERROR    [onshape_export_manager.worker] Queued export failed id=ee9b37d9-9488-4722-bb8f-4cc2b897265e: ValueError: unknown or disabled label 'A'
Traceback (most recent call last):
  File "/Users/hrebis/Desktop/OnshapeExportTool/onshape_export_manager/core/worker.py", line 372, in _run_job
    request = self._build_request(job)
  File "/Users/hrebis/Desktop/OnshapeExportTool/onshape_export_manager/core/worker.py", line 487, in _build_request
    raise ValueError(f"unknown or disabled label '{job.label_name}'")
ValueError: unknown or disabled label 'A'
2026-07-09 00:14:50 ERROR    [onshape_export_manager.queue] Queue job permanently failed id=ee9b37d9-9488-4722-bb8f-4cc2b897265e error=ValueError: unknown or disabled label 'A'
2026-07-09 00:14:50 ERROR    [onshape_export_manager.worker] Queued export failed id=5d02025f-55c2-41a8-8ac0-b25e0cdf6673: ValueError: unknown or disabled label 'B'
Traceback (most recent call last):
  File "/Users/hrebis/Desktop/OnshapeExportTool/onshape_export_manager/core/worker.py", line 372, in _run_job
    request = self._build_request(job)
  File "/Users/hrebis/Desktop/OnshapeExportTool/onshape_export_manager/core/worker.py", line 487, in _build_request
    raise ValueError(f"unknown or disabled label '{job.label_name}'")
ValueError: unknown or disabled label 'B'
2026-07-09 00:14:50 ERROR    [onshape_export_manager.queue] Queue job permanently failed id=5d02025f-55c2-41a8-8ac0-b25e0cdf6673 error=ValueError: unknown or disabled label 'B'
2026-07-09 00:21:30 ERROR    [onshape_export_manager.worker] Queued export failed id=26c054e7-7404-4dd7-b01e-de37104a1b93: ValueError: unknown or disabled label 'B'
Traceback (most recent call last):
  File "/Users/hrebis/Desktop/OnshapeExportTool/onshape_export_manager/core/worker.py", line 372, in _run_job
    request = self._build_request(job)
  File "/Users/hrebis/Desktop/OnshapeExportTool/onshape_export_manager/core/worker.py", line 487, in _build_request
    raise ValueError(f"unknown or disabled label '{job.label_name}'")
ValueError: unknown or disabled label 'B'
2026-07-09 00:21:30 ERROR    [onshape_export_manager.worker] Queued export failed id=7ebc1626-d1a6-4676-b525-ed48124579bc: ValueError: unknown or disabled label 'A'
Traceback (most recent call last):
  File "/Users/hrebis/Desktop/OnshapeExportTool/onshape_export_manager/core/worker.py", line 372, in _run_job
    request = self._build_request(job)
  File "/Users/hrebis/Desktop/OnshapeExportTool/onshape_export_manager/core/worker.py", line 487, in _build_request
    raise ValueError(f"unknown or disabled label '{job.label_name}'")
ValueError: unknown or disabled label 'A'
2026-07-09 00:21:30 WARNING  [onshape_export_manager.queue] Queue job scheduled for retry id=26c054e7-7404-4dd7-b01e-de37104a1b93 retry_count=1 next_run_at=2026-07-08T21:21:31.483885+00:00 error=ValueError: unknown or disabled label 'B'
2026-07-09 00:21:30 WARNING  [onshape_export_manager.queue] Queue job scheduled for retry id=7ebc1626-d1a6-4676-b525-ed48124579bc retry_count=1 next_run_at=2026-07-08T21:21:31.483969+00:00 error=ValueError: unknown or disabled label 'A'
2026-07-09 00:21:35 ERROR    [onshape_export_manager.worker] Queued export failed id=7ebc1626-d1a6-4676-b525-ed48124579bc: ValueError: unknown or disabled label 'A'
Traceback (most recent call last):
  File "/Users/hrebis/Desktop/OnshapeExportTool/onshape_export_manager/core/worker.py", line 372, in _run_job
    request = self._build_request(job)
  File "/Users/hrebis/Desktop/OnshapeExportTool/onshape_export_manager/core/worker.py", line 487, in _build_request
    raise ValueError(f"unknown or disabled label '{job.label_name}'")
ValueError: unknown or disabled label 'A'
2026-07-09 00:21:35 ERROR    [onshape_export_manager.worker] Queued export failed id=26c054e7-7404-4dd7-b01e-de37104a1b93: ValueError: unknown or disabled label 'B'
Traceback (most recent call last):
  File "/Users/hrebis/Desktop/OnshapeExportTool/onshape_export_manager/core/worker.py", line 372, in _run_job
    request = self._build_request(job)
  File "/Users/hrebis/Desktop/OnshapeExportTool/onshape_export_manager/core/worker.py", line 487, in _build_request
    raise ValueError(f"unknown or disabled label '{job.label_name}'")
ValueError: unknown or disabled label 'B'
2026-07-09 00:21:35 WARNING  [onshape_export_manager.queue] Queue job scheduled for retry id=7ebc1626-d1a6-4676-b525-ed48124579bc retry_count=2 next_run_at=2026-07-08T21:21:37.504327+00:00 error=ValueError: unknown or disabled label 'A'
2026-07-09 00:21:35 WARNING  [onshape_export_manager.queue] Queue job scheduled for retry id=26c054e7-7404-4dd7-b01e-de37104a1b93 retry_count=2 next_run_at=2026-07-08T21:21:37.508378+00:00 error=ValueError: unknown or disabled label 'B'
2026-07-09 00:21:40 ERROR    [onshape_export_manager.worker] Queued export failed id=26c054e7-7404-4dd7-b01e-de37104a1b93: ValueError: unknown or disabled label 'B'
Traceback (most recent call last):
  File "/Users/hrebis/Desktop/OnshapeExportTool/onshape_export_manager/core/worker.py", line 372, in _run_job
    request = self._build_request(job)
  File "/Users/hrebis/Desktop/OnshapeExportTool/onshape_export_manager/core/worker.py", line 487, in _build_request
    raise ValueError(f"unknown or disabled label '{job.label_name}'")
ValueError: unknown or disabled label 'B'
2026-07-09 00:21:40 WARNING  [onshape_export_manager.queue] Queue job scheduled for retry id=26c054e7-7404-4dd7-b01e-de37104a1b93 retry_count=3 next_run_at=2026-07-08T21:21:44.525500+00:00 error=ValueError: unknown or disabled label 'B'
2026-07-09 00:21:40 ERROR    [onshape_export_manager.worker] Queued export failed id=7ebc1626-d1a6-4676-b525-ed48124579bc: ValueError: unknown or disabled label 'A'
Traceback (most recent call last):
  File "/Users/hrebis/Desktop/OnshapeExportTool/onshape_export_manager/core/worker.py", line 372, in _run_job
    request = self._build_request(job)
  File "/Users/hrebis/Desktop/OnshapeExportTool/onshape_export_manager/core/worker.py", line 487, in _build_request
    raise ValueError(f"unknown or disabled label '{job.label_name}'")
ValueError: unknown or disabled label 'A'
2026-07-09 00:21:40 WARNING  [onshape_export_manager.queue] Queue job scheduled for retry id=7ebc1626-d1a6-4676-b525-ed48124579bc retry_count=3 next_run_at=2026-07-08T21:21:44.527469+00:00 error=ValueError: unknown or disabled label 'A'
2026-07-09 00:21:45 ERROR    [onshape_export_manager.worker] Queued export failed id=7ebc1626-d1a6-4676-b525-ed48124579bc: ValueError: unknown or disabled label 'A'
Traceback (most recent call last):
  File "/Users/hrebis/Desktop/OnshapeExportTool/onshape_export_manager/core/worker.py", line 372, in _run_job
    request = self._build_request(job)
  File "/Users/hrebis/Desktop/OnshapeExportTool/onshape_export_manager/core/worker.py", line 487, in _build_request
    raise ValueError(f"unknown or disabled label '{job.label_name}'")
ValueError: unknown or disabled label 'A'
2026-07-09 00:21:45 ERROR    [onshape_export_manager.worker] Queued export failed id=26c054e7-7404-4dd7-b01e-de37104a1b93: ValueError: unknown or disabled label 'B'
Traceback (most recent call last):
  File "/Users/hrebis/Desktop/OnshapeExportTool/onshape_export_manager/core/worker.py", line 372, in _run_job
    request = self._build_request(job)
  File "/Users/hrebis/Desktop/OnshapeExportTool/onshape_export_manager/core/worker.py", line 487, in _build_request
    raise ValueError(f"unknown or disabled label '{job.label_name}'")
ValueError: unknown or disabled label 'B'
2026-07-09 00:21:45 ERROR    [onshape_export_manager.queue] Queue job permanently failed id=7ebc1626-d1a6-4676-b525-ed48124579bc error=ValueError: unknown or disabled label 'A'
2026-07-09 00:21:45 ERROR    [onshape_export_manager.queue] Queue job permanently failed id=26c054e7-7404-4dd7-b01e-de37104a1b93 error=ValueError: unknown or disabled label 'B'
2026-07-09 00:24:45 WARNING  [onshape_export_manager.web] Unhandled NameError in DELETE /api/groups/Adriana API: name 'logger' is not defined
2026-07-09 00:30:11 ERROR    [onshape_export_manager.worker] Queued export failed id=8e0e7b34-deae-4b34-95a1-60ffa972566b: ValueError: unknown or disabled label 'B'
Traceback (most recent call last):
  File "/Users/hrebis/Desktop/OnshapeExportTool/onshape_export_manager/core/worker.py", line 372, in _run_job
    request = self._build_request(job)
  File "/Users/hrebis/Desktop/OnshapeExportTool/onshape_export_manager/core/worker.py", line 487, in _build_request
    raise ValueError(f"unknown or disabled label '{job.label_name}'")
ValueError: unknown or disabled label 'B'
2026-07-09 00:30:11 WARNING  [onshape_export_manager.queue] Queue job scheduled for retry id=8e0e7b34-deae-4b34-95a1-60ffa972566b retry_count=1 next_run_at=2026-07-08T21:30:12.400193+00:00 error=ValueError: unknown or disabled label 'B'
2026-07-09 00:30:11 ERROR    [onshape_export_manager.worker] Queued export failed id=b58997f7-f6d6-45f6-89e0-724e69be1b10: ValueError: unknown or disabled label 'A'
Traceback (most recent call last):
  File "/Users/hrebis/Desktop/OnshapeExportTool/onshape_export_manager/core/worker.py", line 372, in _run_job
    request = self._build_request(job)
  File "/Users/hrebis/Desktop/OnshapeExportTool/onshape_export_manager/core/worker.py", line 487, in _build_request
    raise ValueError(f"unknown or disabled label '{job.label_name}'")
ValueError: unknown or disabled label 'A'
2026-07-09 00:30:11 WARNING  [onshape_export_manager.queue] Queue job scheduled for retry id=b58997f7-f6d6-45f6-89e0-724e69be1b10 retry_count=1 next_run_at=2026-07-08T21:30:12.410079+00:00 error=ValueError: unknown or disabled label 'A'
2026-07-09 00:30:16 ERROR    [onshape_export_manager.worker] Queued export failed id=b58997f7-f6d6-45f6-89e0-724e69be1b10: ValueError: unknown or disabled label 'A'
Traceback (most recent call last):
  File "/Users/hrebis/Desktop/OnshapeExportTool/onshape_export_manager/core/worker.py", line 372, in _run_job
    request = self._build_request(job)
  File "/Users/hrebis/Desktop/OnshapeExportTool/onshape_export_manager/core/worker.py", line 487, in _build_request
    raise ValueError(f"unknown or disabled label '{job.label_name}'")
ValueError: unknown or disabled label 'A'
2026-07-09 00:30:16 ERROR    [onshape_export_manager.worker] Queued export failed id=8e0e7b34-deae-4b34-95a1-60ffa972566b: ValueError: unknown or disabled label 'B'
Traceback (most recent call last):
  File "/Users/hrebis/Desktop/OnshapeExportTool/onshape_export_manager/core/worker.py", line 372, in _run_job
    request = self._build_request(job)
  File "/Users/hrebis/Desktop/OnshapeExportTool/onshape_export_manager/core/worker.py", line 487, in _build_request
    raise ValueError(f"unknown or disabled label '{job.label_name}'")
ValueError: unknown or disabled label 'B'
2026-07-09 00:30:16 WARNING  [onshape_export_manager.queue] Queue job scheduled for retry id=b58997f7-f6d6-45f6-89e0-724e69be1b10 retry_count=2 next_run_at=2026-07-08T21:30:18.425171+00:00 error=ValueError: unknown or disabled label 'A'
2026-07-09 00:30:16 WARNING  [onshape_export_manager.queue] Queue job scheduled for retry id=8e0e7b34-deae-4b34-95a1-60ffa972566b retry_count=2 next_run_at=2026-07-08T21:30:18.430098+00:00 error=ValueError: unknown or disabled label 'B'
2026-07-09 00:30:21 ERROR    [onshape_export_manager.worker] Queued export failed id=b58997f7-f6d6-45f6-89e0-724e69be1b10: ValueError: unknown or disabled label 'A'
Traceback (most recent call last):
  File "/Users/hrebis/Desktop/OnshapeExportTool/onshape_export_manager/core/worker.py", line 372, in _run_job
    request = self._build_request(job)
  File "/Users/hrebis/Desktop/OnshapeExportTool/onshape_export_manager/core/worker.py", line 487, in _build_request
    raise ValueError(f"unknown or disabled label '{job.label_name}'")
ValueError: unknown or disabled label 'A'
2026-07-09 00:30:21 ERROR    [onshape_export_manager.worker] Queued export failed id=8e0e7b34-deae-4b34-95a1-60ffa972566b: ValueError: unknown or disabled label 'B'
Traceback (most recent call last):
  File "/Users/hrebis/Desktop/OnshapeExportTool/onshape_export_manager/core/worker.py", line 372, in _run_job
    request = self._build_request(job)
  File "/Users/hrebis/Desktop/OnshapeExportTool/onshape_export_manager/core/worker.py", line 487, in _build_request
    raise ValueError(f"unknown or disabled label '{job.label_name}'")
ValueError: unknown or disabled label 'B'
2026-07-09 00:30:21 WARNING  [onshape_export_manager.queue] Queue job scheduled for retry id=8e0e7b34-deae-4b34-95a1-60ffa972566b retry_count=3 next_run_at=2026-07-08T21:30:25.483827+00:00 error=ValueError: unknown or disabled label 'B'
2026-07-09 00:30:21 WARNING  [onshape_export_manager.queue] Queue job scheduled for retry id=b58997f7-f6d6-45f6-89e0-724e69be1b10 retry_count=3 next_run_at=2026-07-08T21:30:25.483099+00:00 error=ValueError: unknown or disabled label 'A'
2026-07-09 00:30:26 ERROR    [onshape_export_manager.worker] Queued export failed id=b58997f7-f6d6-45f6-89e0-724e69be1b10: ValueError: unknown or disabled label 'A'
Traceback (most recent call last):
  File "/Users/hrebis/Desktop/OnshapeExportTool/onshape_export_manager/core/worker.py", line 372, in _run_job
    request = self._build_request(job)
  File "/Users/hrebis/Desktop/OnshapeExportTool/onshape_export_manager/core/worker.py", line 487, in _build_request
    raise ValueError(f"unknown or disabled label '{job.label_name}'")
ValueError: unknown or disabled label 'A'
2026-07-09 00:30:26 ERROR    [onshape_export_manager.worker] Queued export failed id=8e0e7b34-deae-4b34-95a1-60ffa972566b: ValueError: unknown or disabled label 'B'
Traceback (most recent call last):
  File "/Users/hrebis/Desktop/OnshapeExportTool/onshape_export_manager/core/worker.py", line 372, in _run_job
    request = self._build_request(job)
  File "/Users/hrebis/Desktop/OnshapeExportTool/onshape_export_manager/core/worker.py", line 487, in _build_request
    raise ValueError(f"unknown or disabled label '{job.label_name}'")
ValueError: unknown or disabled label 'B'
2026-07-09 00:30:26 ERROR    [onshape_export_manager.queue] Queue job permanently failed id=b58997f7-f6d6-45f6-89e0-724e69be1b10 error=ValueError: unknown or disabled label 'A'
2026-07-09 00:30:26 ERROR    [onshape_export_manager.queue] Queue job permanently failed id=8e0e7b34-deae-4b34-95a1-60ffa972566b error=ValueError: unknown or disabled label 'B'
2026-07-09 00:32:16 WARNING  [onshape_export_manager.scheduler] Scheduler re-sync skipped: label 'Robotics' references missing accounts: Primary
2026-07-09 00:32:16 WARNING  [onshape_export_manager.web] Unhandled NameError in DELETE /api/groups/Robotics: name 'logger' is not defined
2026-07-09 00:33:27 ERROR    [onshape_export_manager.worker] Queued export failed id=8a8d2cfe-eda5-4ade-9dca-fb4de33bdc0d: ValueError: unknown or disabled label 'A'
Traceback (most recent call last):
  File "/Users/hrebis/Desktop/OnshapeExportTool/onshape_export_manager/core/worker.py", line 372, in _run_job
    request = self._build_request(job)
  File "/Users/hrebis/Desktop/OnshapeExportTool/onshape_export_manager/core/worker.py", line 487, in _build_request
    raise ValueError(f"unknown or disabled label '{job.label_name}'")
ValueError: unknown or disabled label 'A'
2026-07-09 00:33:27 ERROR    [onshape_export_manager.worker] Queued export failed id=229eb897-7477-4846-8851-b4b774544c35: ValueError: unknown or disabled label 'B'
Traceback (most recent call last):
  File "/Users/hrebis/Desktop/OnshapeExportTool/onshape_export_manager/core/worker.py", line 372, in _run_job
    request = self._build_request(job)
  File "/Users/hrebis/Desktop/OnshapeExportTool/onshape_export_manager/core/worker.py", line 487, in _build_request
    raise ValueError(f"unknown or disabled label '{job.label_name}'")
ValueError: unknown or disabled label 'B'
2026-07-09 00:33:27 WARNING  [onshape_export_manager.queue] Queue job scheduled for retry id=8a8d2cfe-eda5-4ade-9dca-fb4de33bdc0d retry_count=1 next_run_at=2026-07-08T21:33:28.123757+00:00 error=ValueError: unknown or disabled label 'A'
2026-07-09 00:33:27 WARNING  [onshape_export_manager.queue] Queue job scheduled for retry id=229eb897-7477-4846-8851-b4b774544c35 retry_count=1 next_run_at=2026-07-08T21:33:28.124502+00:00 error=ValueError: unknown or disabled label 'B'
2026-07-09 00:33:29 WARNING  [onshape_export_manager.web] Unhandled NameError in DELETE /api/groups/Robotics: name 'logger' is not defined
2026-07-09 00:33:32 ERROR    [onshape_export_manager.worker] Queued export failed id=8a8d2cfe-eda5-4ade-9dca-fb4de33bdc0d: ValueError: unknown or disabled label 'A'
Traceback (most recent call last):
  File "/Users/hrebis/Desktop/OnshapeExportTool/onshape_export_manager/core/worker.py", line 372, in _run_job
    request = self._build_request(job)
  File "/Users/hrebis/Desktop/OnshapeExportTool/onshape_export_manager/core/worker.py", line 487, in _build_request
    raise ValueError(f"unknown or disabled label '{job.label_name}'")
ValueError: unknown or disabled label 'A'
2026-07-09 00:33:32 WARNING  [onshape_export_manager.queue] Queue job scheduled for retry id=8a8d2cfe-eda5-4ade-9dca-fb4de33bdc0d retry_count=2 next_run_at=2026-07-08T21:33:34.137341+00:00 error=ValueError: unknown or disabled label 'A'
2026-07-09 00:33:32 ERROR    [onshape_export_manager.worker] Queued export failed id=229eb897-7477-4846-8851-b4b774544c35: ValueError: unknown or disabled label 'B'
Traceback (most recent call last):
  File "/Users/hrebis/Desktop/OnshapeExportTool/onshape_export_manager/core/worker.py", line 372, in _run_job
    request = self._build_request(job)
  File "/Users/hrebis/Desktop/OnshapeExportTool/onshape_export_manager/core/worker.py", line 487, in _build_request
    raise ValueError(f"unknown or disabled label '{job.label_name}'")
ValueError: unknown or disabled label 'B'
2026-07-09 00:33:32 WARNING  [onshape_export_manager.queue] Queue job scheduled for retry id=229eb897-7477-4846-8851-b4b774544c35 retry_count=2 next_run_at=2026-07-08T21:33:34.143347+00:00 error=ValueError: unknown or disabled label 'B'
2026-07-09 00:33:37 ERROR    [onshape_export_manager.worker] Queued export failed id=8a8d2cfe-eda5-4ade-9dca-fb4de33bdc0d: ValueError: unknown or disabled label 'A'
Traceback (most recent call last):
  File "/Users/hrebis/Desktop/OnshapeExportTool/onshape_export_manager/core/worker.py", line 372, in _run_job
    request = self._build_request(job)
  File "/Users/hrebis/Desktop/OnshapeExportTool/onshape_export_manager/core/worker.py", line 487, in _build_request
    raise ValueError(f"unknown or disabled label '{job.label_name}'")
ValueError: unknown or disabled label 'A'
2026-07-09 00:33:37 ERROR    [onshape_export_manager.worker] Queued export failed id=229eb897-7477-4846-8851-b4b774544c35: ValueError: unknown or disabled label 'B'
Traceback (most recent call last):
  File "/Users/hrebis/Desktop/OnshapeExportTool/onshape_export_manager/core/worker.py", line 372, in _run_job
    request = self._build_request(job)
  File "/Users/hrebis/Desktop/OnshapeExportTool/onshape_export_manager/core/worker.py", line 487, in _build_request
    raise ValueError(f"unknown or disabled label '{job.label_name}'")
ValueError: unknown or disabled label 'B'
2026-07-09 00:33:37 WARNING  [onshape_export_manager.queue] Queue job scheduled for retry id=8a8d2cfe-eda5-4ade-9dca-fb4de33bdc0d retry_count=3 next_run_at=2026-07-08T21:33:41.162189+00:00 error=ValueError: unknown or disabled label 'A'
2026-07-09 00:33:37 WARNING  [onshape_export_manager.queue] Queue job scheduled for retry id=229eb897-7477-4846-8851-b4b774544c35 retry_count=3 next_run_at=2026-07-08T21:33:41.163476+00:00 error=ValueError: unknown or disabled label 'B'
2026-07-09 00:33:42 ERROR    [onshape_export_manager.worker] Queued export failed id=8a8d2cfe-eda5-4ade-9dca-fb4de33bdc0d: ConfigError: label 'Robotics' references missing accounts: Primary
Traceback (most recent call last):
  File "/Users/hrebis/Desktop/OnshapeExportTool/onshape_export_manager/core/worker.py", line 372, in _run_job
    request = self._build_request(job)
  File "/Users/hrebis/Desktop/OnshapeExportTool/onshape_export_manager/core/worker.py", line 479, in _build_request
    config = self._load_config()
  File "/Users/hrebis/Desktop/OnshapeExportTool/onshape_export_manager/core/worker.py", line 460, in _load_config
    config = self.application.config_manager.load()
  File "/Users/hrebis/Desktop/OnshapeExportTool/onshape_export_manager/core/configuration.py", line 399, in load
    validate_cross_references(loaded)
    ~~~~~~~~~~~~~~~~~~~~~~~~~^^^^^^^^
  File "/Users/hrebis/Desktop/OnshapeExportTool/onshape_export_manager/core/configuration.py", line 445, in validate_cross_references
    raise ConfigError("; ".join(errors))
onshape_export_manager.core.configuration.ConfigError: label 'Robotics' references missing accounts: Primary
2026-07-09 00:33:42 ERROR    [onshape_export_manager.worker] Queued export failed id=229eb897-7477-4846-8851-b4b774544c35: ConfigError: label 'Robotics' references missing accounts: Primary
Traceback (most recent call last):
  File "/Users/hrebis/Desktop/OnshapeExportTool/onshape_export_manager/core/worker.py", line 372, in _run_job
    request = self._build_request(job)
  File "/Users/hrebis/Desktop/OnshapeExportTool/onshape_export_manager/core/worker.py", line 479, in _build_request
    config = self._load_config()
  File "/Users/hrebis/Desktop/OnshapeExportTool/onshape_export_manager/core/worker.py", line 460, in _load_config
    config = self.application.config_manager.load()
  File "/Users/hrebis/Desktop/OnshapeExportTool/onshape_export_manager/core/configuration.py", line 399, in load
    validate_cross_references(loaded)
    ~~~~~~~~~~~~~~~~~~~~~~~~~^^^^^^^^
  File "/Users/hrebis/Desktop/OnshapeExportTool/onshape_export_manager/core/configuration.py", line 445, in validate_cross_references
    raise ConfigError("; ".join(errors))
onshape_export_manager.core.configuration.ConfigError: label 'Robotics' references missing accounts: Primary
2026-07-09 00:33:42 ERROR    [onshape_export_manager.queue] Queue job permanently failed id=8a8d2cfe-eda5-4ade-9dca-fb4de33bdc0d error=ConfigError: label 'Robotics' references missing accounts: Primary
2026-07-09 00:33:42 ERROR    [onshape_export_manager.queue] Queue job permanently failed id=229eb897-7477-4846-8851-b4b774544c35 error=ConfigError: label 'Robotics' references missing accounts: Primary
2026-07-09 00:33:46 WARNING  [onshape_export_manager.web] Unhandled NameError in DELETE /api/groups/Robotics: name 'logger' is not defined
2026-07-09 00:33:58 WARNING  [onshape_export_manager.scheduler] Scheduler re-sync skipped: label 'Demo' references missing accounts: Primary
2026-07-09 00:33:58 WARNING  [onshape_export_manager.web] Unhandled NameError in DELETE /api/groups/Demo: name 'logger' is not defined
2026-07-09 00:34:03 WARNING  [onshape_export_manager.scheduler] Scheduler re-sync skipped: label 'Demo' references missing accounts: Primary
2026-07-09 00:34:52 ERROR    [onshape_export_manager.worker] Queued export failed id=66a65a84-f79c-43f8-930a-8b4801aaef00: ConfigError: label 'Demo' references missing accounts: Primary
Traceback (most recent call last):
  File "/Users/hrebis/Desktop/OnshapeExportTool/onshape_export_manager/core/worker.py", line 372, in _run_job
    request = self._build_request(job)
  File "/Users/hrebis/Desktop/OnshapeExportTool/onshape_export_manager/core/worker.py", line 479, in _build_request
    config = self._load_config()
  File "/Users/hrebis/Desktop/OnshapeExportTool/onshape_export_manager/core/worker.py", line 460, in _load_config
    config = self.application.config_manager.load()
  File "/Users/hrebis/Desktop/OnshapeExportTool/onshape_export_manager/core/configuration.py", line 399, in load
    # Also collect credential names from organizations for cross-reference validation
  File "/Users/hrebis/Desktop/OnshapeExportTool/onshape_export_manager/core/configuration.py", line 445, in validate_cross_references
    "label '%s' has no assigned accounts", label.friendly_name
    ^^^^^^^^^^^^^^^^^^^^^^^^^^^^
onshape_export_manager.core.configuration.ConfigError: label 'Demo' references missing accounts: Primary
2026-07-09 00:34:52 ERROR    [onshape_export_manager.worker] Queued export failed id=27f89456-8be5-4f7a-9aac-e3d99699cbb6: ConfigError: label 'Demo' references missing accounts: Primary
Traceback (most recent call last):
  File "/Users/hrebis/Desktop/OnshapeExportTool/onshape_export_manager/core/worker.py", line 372, in _run_job
    request = self._build_request(job)
  File "/Users/hrebis/Desktop/OnshapeExportTool/onshape_export_manager/core/worker.py", line 479, in _build_request
    config = self._load_config()
  File "/Users/hrebis/Desktop/OnshapeExportTool/onshape_export_manager/core/worker.py", line 460, in _load_config
    config = self.application.config_manager.load()
  File "/Users/hrebis/Desktop/OnshapeExportTool/onshape_export_manager/core/configuration.py", line 399, in load
    # Also collect credential names from organizations for cross-reference validation
  File "/Users/hrebis/Desktop/OnshapeExportTool/onshape_export_manager/core/configuration.py", line 445, in validate_cross_references
    "label '%s' has no assigned accounts", label.friendly_name
    ^^^^^^^^^^^^^^^^^^^^^^^^^^^^
onshape_export_manager.core.configuration.ConfigError: label 'Demo' references missing accounts: Primary
2026-07-09 00:34:52 WARNING  [onshape_export_manager.queue] Queue job scheduled for retry id=66a65a84-f79c-43f8-930a-8b4801aaef00 retry_count=1 next_run_at=2026-07-08T21:34:53.331113+00:00 error=ConfigError: label 'Demo' references missing accounts: Primary
2026-07-09 00:34:52 WARNING  [onshape_export_manager.queue] Queue job scheduled for retry id=27f89456-8be5-4f7a-9aac-e3d99699cbb6 retry_count=1 next_run_at=2026-07-08T21:34:53.333295+00:00 error=ConfigError: label 'Demo' references missing accounts: Primary
2026-07-09 00:35:58 ERROR    [onshape_export_manager.worker] Queued export failed id=27f89456-8be5-4f7a-9aac-e3d99699cbb6: ValueError: unknown or disabled label 'A'
Traceback (most recent call last):
  File "/Users/hrebis/Desktop/OnshapeExportTool/onshape_export_manager/core/worker.py", line 372, in _run_job
    request = self._build_request(job)
  File "/Users/hrebis/Desktop/OnshapeExportTool/onshape_export_manager/core/worker.py", line 487, in _build_request
    raise ValueError(f"unknown or disabled label '{job.label_name}'")
ValueError: unknown or disabled label 'A'
2026-07-09 00:35:58 ERROR    [onshape_export_manager.worker] Queued export failed id=66a65a84-f79c-43f8-930a-8b4801aaef00: ValueError: unknown or disabled label 'B'
Traceback (most recent call last):
  File "/Users/hrebis/Desktop/OnshapeExportTool/onshape_export_manager/core/worker.py", line 372, in _run_job
    request = self._build_request(job)
  File "/Users/hrebis/Desktop/OnshapeExportTool/onshape_export_manager/core/worker.py", line 487, in _build_request
    raise ValueError(f"unknown or disabled label '{job.label_name}'")
ValueError: unknown or disabled label 'B'
2026-07-09 00:35:58 WARNING  [onshape_export_manager.queue] Queue job scheduled for retry id=27f89456-8be5-4f7a-9aac-e3d99699cbb6 retry_count=2 next_run_at=2026-07-08T21:36:00.223509+00:00 error=ValueError: unknown or disabled label 'A'
2026-07-09 00:35:58 WARNING  [onshape_export_manager.queue] Queue job scheduled for retry id=66a65a84-f79c-43f8-930a-8b4801aaef00 retry_count=2 next_run_at=2026-07-08T21:36:00.225044+00:00 error=ValueError: unknown or disabled label 'B'
2026-07-09 00:36:03 ERROR    [onshape_export_manager.worker] Queued export failed id=27f89456-8be5-4f7a-9aac-e3d99699cbb6: ValueError: unknown or disabled label 'A'
Traceback (most recent call last):
  File "/Users/hrebis/Desktop/OnshapeExportTool/onshape_export_manager/core/worker.py", line 372, in _run_job
    request = self._build_request(job)
  File "/Users/hrebis/Desktop/OnshapeExportTool/onshape_export_manager/core/worker.py", line 487, in _build_request
    raise ValueError(f"unknown or disabled label '{job.label_name}'")
ValueError: unknown or disabled label 'A'
2026-07-09 00:36:03 WARNING  [onshape_export_manager.queue] Queue job scheduled for retry id=27f89456-8be5-4f7a-9aac-e3d99699cbb6 retry_count=3 next_run_at=2026-07-08T21:36:07.256855+00:00 error=ValueError: unknown or disabled label 'A'
2026-07-09 00:36:03 ERROR    [onshape_export_manager.worker] Queued export failed id=66a65a84-f79c-43f8-930a-8b4801aaef00: ValueError: unknown or disabled label 'B'
Traceback (most recent call last):
  File "/Users/hrebis/Desktop/OnshapeExportTool/onshape_export_manager/core/worker.py", line 372, in _run_job
    request = self._build_request(job)
  File "/Users/hrebis/Desktop/OnshapeExportTool/onshape_export_manager/core/worker.py", line 487, in _build_request
    raise ValueError(f"unknown or disabled label '{job.label_name}'")
ValueError: unknown or disabled label 'B'
2026-07-09 00:36:03 WARNING  [onshape_export_manager.queue] Queue job scheduled for retry id=66a65a84-f79c-43f8-930a-8b4801aaef00 retry_count=3 next_run_at=2026-07-08T21:36:07.263085+00:00 error=ValueError: unknown or disabled label 'B'
2026-07-09 00:36:08 ERROR    [onshape_export_manager.worker] Queued export failed id=66a65a84-f79c-43f8-930a-8b4801aaef00: ValueError: unknown or disabled label 'B'
Traceback (most recent call last):
  File "/Users/hrebis/Desktop/OnshapeExportTool/onshape_export_manager/core/worker.py", line 372, in _run_job
    request = self._build_request(job)
  File "/Users/hrebis/Desktop/OnshapeExportTool/onshape_export_manager/core/worker.py", line 487, in _build_request
    raise ValueError(f"unknown or disabled label '{job.label_name}'")
ValueError: unknown or disabled label 'B'
2026-07-09 00:36:08 ERROR    [onshape_export_manager.worker] Queued export failed id=27f89456-8be5-4f7a-9aac-e3d99699cbb6: ValueError: unknown or disabled label 'A'
Traceback (most recent call last):
  File "/Users/hrebis/Desktop/OnshapeExportTool/onshape_export_manager/core/worker.py", line 372, in _run_job
    request = self._build_request(job)
  File "/Users/hrebis/Desktop/OnshapeExportTool/onshape_export_manager/core/worker.py", line 487, in _build_request
    raise ValueError(f"unknown or disabled label '{job.label_name}'")
ValueError: unknown or disabled label 'A'
2026-07-09 00:36:08 ERROR    [onshape_export_manager.queue] Queue job permanently failed id=27f89456-8be5-4f7a-9aac-e3d99699cbb6 error=ValueError: unknown or disabled label 'A'
2026-07-09 00:36:08 ERROR    [onshape_export_manager.queue] Queue job permanently failed id=66a65a84-f79c-43f8-930a-8b4801aaef00 error=ValueError: unknown or disabled label 'B'
2026-07-09 00:36:12 WARNING  [onshape_export_manager.web] Unhandled NameError in DELETE /api/groups/Test: name 'logger' is not defined
2026-07-09 00:37:08 ERROR    [onshape_export_manager.worker] Queued export failed id=613ed850-7bf6-471f-8b26-2fd13a73f266: ValueError: unknown or disabled label 'A'
Traceback (most recent call last):
  File "/Users/hrebis/Desktop/OnshapeExportTool/onshape_export_manager/core/worker.py", line 372, in _run_job
    request = self._build_request(job)
  File "/Users/hrebis/Desktop/OnshapeExportTool/onshape_export_manager/core/worker.py", line 487, in _build_request
    raise ValueError(f"unknown or disabled label '{job.label_name}'")
ValueError: unknown or disabled label 'A'
2026-07-09 00:37:08 WARNING  [onshape_export_manager.queue] Queue job scheduled for retry id=613ed850-7bf6-471f-8b26-2fd13a73f266 retry_count=1 next_run_at=2026-07-08T21:37:09.471975+00:00 error=ValueError: unknown or disabled label 'A'
2026-07-09 00:37:08 ERROR    [onshape_export_manager.worker] Queued export failed id=9b526384-4059-4905-b711-491f71f3c965: ValueError: unknown or disabled label 'B'
Traceback (most recent call last):
  File "/Users/hrebis/Desktop/OnshapeExportTool/onshape_export_manager/core/worker.py", line 372, in _run_job
    request = self._build_request(job)
  File "/Users/hrebis/Desktop/OnshapeExportTool/onshape_export_manager/core/worker.py", line 487, in _build_request
    raise ValueError(f"unknown or disabled label '{job.label_name}'")
ValueError: unknown or disabled label 'B'
2026-07-09 00:37:08 WARNING  [onshape_export_manager.queue] Queue job scheduled for retry id=9b526384-4059-4905-b711-491f71f3c965 retry_count=1 next_run_at=2026-07-08T21:37:09.486862+00:00 error=ValueError: unknown or disabled label 'B'
2026-07-09 00:37:13 ERROR    [onshape_export_manager.worker] Queued export failed id=613ed850-7bf6-471f-8b26-2fd13a73f266: ValueError: unknown or disabled label 'A'
Traceback (most recent call last):
  File "/Users/hrebis/Desktop/OnshapeExportTool/onshape_export_manager/core/worker.py", line 372, in _run_job
    request = self._build_request(job)
  File "/Users/hrebis/Desktop/OnshapeExportTool/onshape_export_manager/core/worker.py", line 487, in _build_request
    raise ValueError(f"unknown or disabled label '{job.label_name}'")
ValueError: unknown or disabled label 'A'
2026-07-09 00:37:13 ERROR    [onshape_export_manager.worker] Queued export failed id=9b526384-4059-4905-b711-491f71f3c965: ValueError: unknown or disabled label 'B'
Traceback (most recent call last):
  File "/Users/hrebis/Desktop/OnshapeExportTool/onshape_export_manager/core/worker.py", line 372, in _run_job
    request = self._build_request(job)
  File "/Users/hrebis/Desktop/OnshapeExportTool/onshape_export_manager/core/worker.py", line 487, in _build_request
    raise ValueError(f"unknown or disabled label '{job.label_name}'")
ValueError: unknown or disabled label 'B'
2026-07-09 00:37:13 WARNING  [onshape_export_manager.queue] Queue job scheduled for retry id=613ed850-7bf6-471f-8b26-2fd13a73f266 retry_count=2 next_run_at=2026-07-08T21:37:15.508515+00:00 error=ValueError: unknown or disabled label 'A'
2026-07-09 00:37:13 WARNING  [onshape_export_manager.queue] Queue job scheduled for retry id=9b526384-4059-4905-b711-491f71f3c965 retry_count=2 next_run_at=2026-07-08T21:37:15.512843+00:00 error=ValueError: unknown or disabled label 'B'
2026-07-09 00:37:19 ERROR    [onshape_export_manager.worker] Queued export failed id=9b526384-4059-4905-b711-491f71f3c965: ValueError: unknown or disabled label 'B'
Traceback (most recent call last):
  File "/Users/hrebis/Desktop/OnshapeExportTool/onshape_export_manager/core/worker.py", line 372, in _run_job
    request = self._build_request(job)
  File "/Users/hrebis/Desktop/OnshapeExportTool/onshape_export_manager/core/worker.py", line 487, in _build_request
    raise ValueError(f"unknown or disabled label '{job.label_name}'")
ValueError: unknown or disabled label 'B'
2026-07-09 00:37:19 ERROR    [onshape_export_manager.worker] Queued export failed id=613ed850-7bf6-471f-8b26-2fd13a73f266: ValueError: unknown or disabled label 'A'
Traceback (most recent call last):
  File "/Users/hrebis/Desktop/OnshapeExportTool/onshape_export_manager/core/worker.py", line 372, in _run_job
    request = self._build_request(job)
  File "/Users/hrebis/Desktop/OnshapeExportTool/onshape_export_manager/core/worker.py", line 487, in _build_request
    raise ValueError(f"unknown or disabled label '{job.label_name}'")
ValueError: unknown or disabled label 'A'
2026-07-09 00:37:19 WARNING  [onshape_export_manager.queue] Queue job scheduled for retry id=9b526384-4059-4905-b711-491f71f3c965 retry_count=3 next_run_at=2026-07-08T21:37:23.149362+00:00 error=ValueError: unknown or disabled label 'B'
2026-07-09 00:37:19 WARNING  [onshape_export_manager.queue] Queue job scheduled for retry id=613ed850-7bf6-471f-8b26-2fd13a73f266 retry_count=3 next_run_at=2026-07-08T21:37:23.150492+00:00 error=ValueError: unknown or disabled label 'A'
2026-07-09 00:37:24 ERROR    [onshape_export_manager.worker] Queued export failed id=9b526384-4059-4905-b711-491f71f3c965: ValueError: unknown or disabled label 'B'
Traceback (most recent call last):
  File "/Users/hrebis/Desktop/OnshapeExportTool/onshape_export_manager/core/worker.py", line 372, in _run_job
    request = self._build_request(job)
  File "/Users/hrebis/Desktop/OnshapeExportTool/onshape_export_manager/core/worker.py", line 487, in _build_request
    raise ValueError(f"unknown or disabled label '{job.label_name}'")
ValueError: unknown or disabled label 'B'
2026-07-09 00:37:24 ERROR    [onshape_export_manager.worker] Queued export failed id=613ed850-7bf6-471f-8b26-2fd13a73f266: ValueError: unknown or disabled label 'A'
Traceback (most recent call last):
  File "/Users/hrebis/Desktop/OnshapeExportTool/onshape_export_manager/core/worker.py", line 372, in _run_job
    request = self._build_request(job)
  File "/Users/hrebis/Desktop/OnshapeExportTool/onshape_export_manager/core/worker.py", line 487, in _build_request
    raise ValueError(f"unknown or disabled label '{job.label_name}'")
ValueError: unknown or disabled label 'A'
2026-07-09 00:37:24 ERROR    [onshape_export_manager.queue] Queue job permanently failed id=613ed850-7bf6-471f-8b26-2fd13a73f266 error=ValueError: unknown or disabled label 'A'
2026-07-09 00:37:24 ERROR    [onshape_export_manager.queue] Queue job permanently failed id=9b526384-4059-4905-b711-491f71f3c965 error=ValueError: unknown or disabled label 'B'
2026-07-09 10:13:03 ERROR    [onshape_export_manager.worker] Queued export failed id=8ca9bfbd-6ef2-406a-97f6-dbea3ec92322: ValueError: unknown or disabled label 'A'
Traceback (most recent call last):
  File "/Users/hrebis/Desktop/OnshapeExportTool/onshape_export_manager/core/worker.py", line 372, in _run_job
    request = self._build_request(job)
  File "/Users/hrebis/Desktop/OnshapeExportTool/onshape_export_manager/core/worker.py", line 487, in _build_request
    raise ValueError(f"unknown or disabled label '{job.label_name}'")
ValueError: unknown or disabled label 'A'
2026-07-09 10:13:03 WARNING  [onshape_export_manager.queue] Queue job scheduled for retry id=8ca9bfbd-6ef2-406a-97f6-dbea3ec92322 retry_count=1 next_run_at=2026-07-09T07:13:04.073090+00:00 error=ValueError: unknown or disabled label 'A'
2026-07-09 10:13:03 ERROR    [onshape_export_manager.worker] Queued export failed id=9c326af3-f45c-4330-8b50-89a0a06fac3a: ValueError: unknown or disabled label 'B'
Traceback (most recent call last):
  File "/Users/hrebis/Desktop/OnshapeExportTool/onshape_export_manager/core/worker.py", line 372, in _run_job
    request = self._build_request(job)
  File "/Users/hrebis/Desktop/OnshapeExportTool/onshape_export_manager/core/worker.py", line 487, in _build_request
    raise ValueError(f"unknown or disabled label '{job.label_name}'")
ValueError: unknown or disabled label 'B'
2026-07-09 10:13:03 WARNING  [onshape_export_manager.queue] Queue job scheduled for retry id=9c326af3-f45c-4330-8b50-89a0a06fac3a retry_count=1 next_run_at=2026-07-09T07:13:04.079945+00:00 error=ValueError: unknown or disabled label 'B'
2026-07-09 10:13:08 ERROR    [onshape_export_manager.worker] Queued export failed id=8ca9bfbd-6ef2-406a-97f6-dbea3ec92322: ValueError: unknown or disabled label 'A'
Traceback (most recent call last):
  File "/Users/hrebis/Desktop/OnshapeExportTool/onshape_export_manager/core/worker.py", line 372, in _run_job
    request = self._build_request(job)
  File "/Users/hrebis/Desktop/OnshapeExportTool/onshape_export_manager/core/worker.py", line 487, in _build_request
    raise ValueError(f"unknown or disabled label '{job.label_name}'")
ValueError: unknown or disabled label 'A'
2026-07-09 10:13:08 ERROR    [onshape_export_manager.worker] Queued export failed id=9c326af3-f45c-4330-8b50-89a0a06fac3a: ValueError: unknown or disabled label 'B'
Traceback (most recent call last):
  File "/Users/hrebis/Desktop/OnshapeExportTool/onshape_export_manager/core/worker.py", line 372, in _run_job
    request = self._build_request(job)
  File "/Users/hrebis/Desktop/OnshapeExportTool/onshape_export_manager/core/worker.py", line 487, in _build_request
    raise ValueError(f"unknown or disabled label '{job.label_name}'")
ValueError: unknown or disabled label 'B'
2026-07-09 10:13:08 WARNING  [onshape_export_manager.queue] Queue job scheduled for retry id=8ca9bfbd-6ef2-406a-97f6-dbea3ec92322 retry_count=2 next_run_at=2026-07-09T07:13:10.113018+00:00 error=ValueError: unknown or disabled label 'A'
2026-07-09 10:13:08 WARNING  [onshape_export_manager.queue] Queue job scheduled for retry id=9c326af3-f45c-4330-8b50-89a0a06fac3a retry_count=2 next_run_at=2026-07-09T07:13:10.114776+00:00 error=ValueError: unknown or disabled label 'B'
2026-07-09 10:13:13 ERROR    [onshape_export_manager.worker] Queued export failed id=8ca9bfbd-6ef2-406a-97f6-dbea3ec92322: ValueError: unknown or disabled label 'A'
Traceback (most recent call last):
  File "/Users/hrebis/Desktop/OnshapeExportTool/onshape_export_manager/core/worker.py", line 372, in _run_job
    request = self._build_request(job)
  File "/Users/hrebis/Desktop/OnshapeExportTool/onshape_export_manager/core/worker.py", line 487, in _build_request
    raise ValueError(f"unknown or disabled label '{job.label_name}'")
ValueError: unknown or disabled label 'A'
2026-07-09 10:13:13 WARNING  [onshape_export_manager.queue] Queue job scheduled for retry id=8ca9bfbd-6ef2-406a-97f6-dbea3ec92322 retry_count=3 next_run_at=2026-07-09T07:13:17.123620+00:00 error=ValueError: unknown or disabled label 'A'
2026-07-09 10:13:13 ERROR    [onshape_export_manager.worker] Queued export failed id=9c326af3-f45c-4330-8b50-89a0a06fac3a: ValueError: unknown or disabled label 'B'
Traceback (most recent call last):
  File "/Users/hrebis/Desktop/OnshapeExportTool/onshape_export_manager/core/worker.py", line 372, in _run_job
    request = self._build_request(job)
  File "/Users/hrebis/Desktop/OnshapeExportTool/onshape_export_manager/core/worker.py", line 487, in _build_request
    raise ValueError(f"unknown or disabled label '{job.label_name}'")
ValueError: unknown or disabled label 'B'
2026-07-09 10:13:13 WARNING  [onshape_export_manager.queue] Queue job scheduled for retry id=9c326af3-f45c-4330-8b50-89a0a06fac3a retry_count=3 next_run_at=2026-07-09T07:13:17.132180+00:00 error=ValueError: unknown or disabled label 'B'
2026-07-09 10:13:18 ERROR    [onshape_export_manager.worker] Queued export failed id=8ca9bfbd-6ef2-406a-97f6-dbea3ec92322: ValueError: unknown or disabled label 'A'
Traceback (most recent call last):
  File "/Users/hrebis/Desktop/OnshapeExportTool/onshape_export_manager/core/worker.py", line 372, in _run_job
    request = self._build_request(job)
  File "/Users/hrebis/Desktop/OnshapeExportTool/onshape_export_manager/core/worker.py", line 487, in _build_request
    raise ValueError(f"unknown or disabled label '{job.label_name}'")
ValueError: unknown or disabled label 'A'
2026-07-09 10:13:18 ERROR    [onshape_export_manager.worker] Queued export failed id=9c326af3-f45c-4330-8b50-89a0a06fac3a: ValueError: unknown or disabled label 'B'
Traceback (most recent call last):
  File "/Users/hrebis/Desktop/OnshapeExportTool/onshape_export_manager/core/worker.py", line 372, in _run_job
    request = self._build_request(job)
  File "/Users/hrebis/Desktop/OnshapeExportTool/onshape_export_manager/core/worker.py", line 487, in _build_request
    raise ValueError(f"unknown or disabled label '{job.label_name}'")
ValueError: unknown or disabled label 'B'
2026-07-09 10:13:18 ERROR    [onshape_export_manager.queue] Queue job permanently failed id=8ca9bfbd-6ef2-406a-97f6-dbea3ec92322 error=ValueError: unknown or disabled label 'A'
2026-07-09 10:13:18 ERROR    [onshape_export_manager.queue] Queue job permanently failed id=9c326af3-f45c-4330-8b50-89a0a06fac3a error=ValueError: unknown or disabled label 'B'
2026-07-09 11:04:19 ERROR    [onshape_export_manager.worker] Queued export failed id=e954f7d1-cefa-421d-878e-061684e1a271: ValueError: unknown or disabled label 'B'
Traceback (most recent call last):
  File "/Users/hrebis/Desktop/OnshapeExportTool/onshape_export_manager/core/worker.py", line 372, in _run_job
    request = self._build_request(job)
  File "/Users/hrebis/Desktop/OnshapeExportTool/onshape_export_manager/core/worker.py", line 487, in _build_request
    raise ValueError(f"unknown or disabled label '{job.label_name}'")
ValueError: unknown or disabled label 'B'
2026-07-09 11:04:19 ERROR    [onshape_export_manager.worker] Queued export failed id=e177725c-24ef-4215-a780-de5865152999: ValueError: unknown or disabled label 'A'
Traceback (most recent call last):
  File "/Users/hrebis/Desktop/OnshapeExportTool/onshape_export_manager/core/worker.py", line 372, in _run_job
    request = self._build_request(job)
  File "/Users/hrebis/Desktop/OnshapeExportTool/onshape_export_manager/core/worker.py", line 487, in _build_request
    raise ValueError(f"unknown or disabled label '{job.label_name}'")
ValueError: unknown or disabled label 'A'
2026-07-09 11:04:19 WARNING  [onshape_export_manager.queue] Queue job scheduled for retry id=e177725c-24ef-4215-a780-de5865152999 retry_count=1 next_run_at=2026-07-09T08:04:20.469393+00:00 error=ValueError: unknown or disabled label 'A'
2026-07-09 11:04:19 WARNING  [onshape_export_manager.queue] Queue job scheduled for retry id=e954f7d1-cefa-421d-878e-061684e1a271 retry_count=1 next_run_at=2026-07-09T08:04:20.469444+00:00 error=ValueError: unknown or disabled label 'B'
2026-07-09 11:04:24 ERROR    [onshape_export_manager.worker] Queued export failed id=e177725c-24ef-4215-a780-de5865152999: ValueError: unknown or disabled label 'A'
Traceback (most recent call last):
  File "/Users/hrebis/Desktop/OnshapeExportTool/onshape_export_manager/core/worker.py", line 372, in _run_job
    request = self._build_request(job)
  File "/Users/hrebis/Desktop/OnshapeExportTool/onshape_export_manager/core/worker.py", line 487, in _build_request
    raise ValueError(f"unknown or disabled label '{job.label_name}'")
ValueError: unknown or disabled label 'A'
2026-07-09 11:04:24 WARNING  [onshape_export_manager.queue] Queue job scheduled for retry id=e177725c-24ef-4215-a780-de5865152999 retry_count=2 next_run_at=2026-07-09T08:04:26.481516+00:00 error=ValueError: unknown or disabled label 'A'
2026-07-09 11:04:24 ERROR    [onshape_export_manager.worker] Queued export failed id=e954f7d1-cefa-421d-878e-061684e1a271: ValueError: unknown or disabled label 'B'
Traceback (most recent call last):
  File "/Users/hrebis/Desktop/OnshapeExportTool/onshape_export_manager/core/worker.py", line 372, in _run_job
    request = self._build_request(job)
  File "/Users/hrebis/Desktop/OnshapeExportTool/onshape_export_manager/core/worker.py", line 487, in _build_request
    raise ValueError(f"unknown or disabled label '{job.label_name}'")
ValueError: unknown or disabled label 'B'
2026-07-09 11:04:24 WARNING  [onshape_export_manager.queue] Queue job scheduled for retry id=e954f7d1-cefa-421d-878e-061684e1a271 retry_count=2 next_run_at=2026-07-09T08:04:26.484969+00:00 error=ValueError: unknown or disabled label 'B'
2026-07-09 11:04:29 ERROR    [onshape_export_manager.worker] Queued export failed id=e177725c-24ef-4215-a780-de5865152999: ValueError: unknown or disabled label 'A'
Traceback (most recent call last):
  File "/Users/hrebis/Desktop/OnshapeExportTool/onshape_export_manager/core/worker.py", line 372, in _run_job
    request = self._build_request(job)
  File "/Users/hrebis/Desktop/OnshapeExportTool/onshape_export_manager/core/worker.py", line 487, in _build_request
    raise ValueError(f"unknown or disabled label '{job.label_name}'")
ValueError: unknown or disabled label 'A'
2026-07-09 11:04:29 ERROR    [onshape_export_manager.worker] Queued export failed id=e954f7d1-cefa-421d-878e-061684e1a271: ValueError: unknown or disabled label 'B'
Traceback (most recent call last):
  File "/Users/hrebis/Desktop/OnshapeExportTool/onshape_export_manager/core/worker.py", line 372, in _run_job
    request = self._build_request(job)
  File "/Users/hrebis/Desktop/OnshapeExportTool/onshape_export_manager/core/worker.py", line 487, in _build_request
    raise ValueError(f"unknown or disabled label '{job.label_name}'")
ValueError: unknown or disabled label 'B'
2026-07-09 11:04:29 WARNING  [onshape_export_manager.queue] Queue job scheduled for retry id=e177725c-24ef-4215-a780-de5865152999 retry_count=3 next_run_at=2026-07-09T08:04:33.875393+00:00 error=ValueError: unknown or disabled label 'A'
2026-07-09 11:04:29 WARNING  [onshape_export_manager.queue] Queue job scheduled for retry id=e954f7d1-cefa-421d-878e-061684e1a271 retry_count=3 next_run_at=2026-07-09T08:04:33.876225+00:00 error=ValueError: unknown or disabled label 'B'
2026-07-09 11:04:34 ERROR    [onshape_export_manager.worker] Queued export failed id=e954f7d1-cefa-421d-878e-061684e1a271: ValueError: unknown or disabled label 'B'
Traceback (most recent call last):
  File "/Users/hrebis/Desktop/OnshapeExportTool/onshape_export_manager/core/worker.py", line 372, in _run_job
    request = self._build_request(job)
  File "/Users/hrebis/Desktop/OnshapeExportTool/onshape_export_manager/core/worker.py", line 487, in _build_request
    raise ValueError(f"unknown or disabled label '{job.label_name}'")
ValueError: unknown or disabled label 'B'
2026-07-09 11:04:34 ERROR    [onshape_export_manager.worker] Queued export failed id=e177725c-24ef-4215-a780-de5865152999: ValueError: unknown or disabled label 'A'
Traceback (most recent call last):
  File "/Users/hrebis/Desktop/OnshapeExportTool/onshape_export_manager/core/worker.py", line 372, in _run_job
    request = self._build_request(job)
  File "/Users/hrebis/Desktop/OnshapeExportTool/onshape_export_manager/core/worker.py", line 487, in _build_request
    raise ValueError(f"unknown or disabled label '{job.label_name}'")
ValueError: unknown or disabled label 'A'
2026-07-09 11:04:34 ERROR    [onshape_export_manager.queue] Queue job permanently failed id=e954f7d1-cefa-421d-878e-061684e1a271 error=ValueError: unknown or disabled label 'B'
2026-07-09 11:04:34 ERROR    [onshape_export_manager.queue] Queue job permanently failed id=e177725c-24ef-4215-a780-de5865152999 error=ValueError: unknown or disabled label 'A'
2026-07-09 11:13:50 ERROR    [onshape_export_manager.worker] Queued export failed id=3d3a6f5a-e4d5-42cc-8eae-b75c843c7c74: NoEnabledAccountsError: No enabled Onshape accounts are configured.
Traceback (most recent call last):
  File "/Users/hrebis/Desktop/OnshapeExportTool/onshape_export_manager/core/worker.py", line 375, in _run_job
    export = await asyncio.wait_for(
             ^^^^^^^^^^^^^^^^^^^^^^^
    ...<2 lines>...
    )
    ^
  File "/opt/homebrew/Cellar/python@3.13/3.13.14/Frameworks/Python.framework/Versions/3.13/lib/python3.13/asyncio/tasks.py", line 507, in wait_for
    return await fut
           ^^^^^^^^^
  File "/Users/hrebis/Desktop/OnshapeExportTool/onshape_export_manager/core/export_engine.py", line 80, in run_manual_export
    lease = self.api_pool.lease(request.label.assigned_accounts)
  File "/Users/hrebis/Desktop/OnshapeExportTool/onshape_export_manager/core/api_pool.py", line 138, in lease
    raise NoEnabledAccountsError("No enabled Onshape accounts are configured.")
onshape_export_manager.core.api_pool.NoEnabledAccountsError: No enabled Onshape accounts are configured.
2026-07-09 11:13:50 WARNING  [onshape_export_manager.queue] Queue job scheduled for retry id=3d3a6f5a-e4d5-42cc-8eae-b75c843c7c74 retry_count=1 next_run_at=2026-07-09T08:13:51.913511+00:00 error=NoEnabledAccountsError: No enabled Onshape accounts are configured.
2026-07-09 11:13:55 ERROR    [onshape_export_manager.worker] Queued export failed id=3d3a6f5a-e4d5-42cc-8eae-b75c843c7c74: NoEnabledAccountsError: No enabled Onshape accounts are configured.
Traceback (most recent call last):
  File "/Users/hrebis/Desktop/OnshapeExportTool/onshape_export_manager/core/worker.py", line 375, in _run_job
    export = await asyncio.wait_for(
             ^^^^^^^^^^^^^^^^^^^^^^^
    ...<2 lines>...
    )
    ^
  File "/opt/homebrew/Cellar/python@3.13/3.13.14/Frameworks/Python.framework/Versions/3.13/lib/python3.13/asyncio/tasks.py", line 507, in wait_for
    return await fut
           ^^^^^^^^^
  File "/Users/hrebis/Desktop/OnshapeExportTool/onshape_export_manager/core/export_engine.py", line 80, in run_manual_export
    lease = self.api_pool.lease(request.label.assigned_accounts)
  File "/Users/hrebis/Desktop/OnshapeExportTool/onshape_export_manager/core/api_pool.py", line 138, in lease
    raise NoEnabledAccountsError("No enabled Onshape accounts are configured.")
onshape_export_manager.core.api_pool.NoEnabledAccountsError: No enabled Onshape accounts are configured.
2026-07-09 11:13:55 WARNING  [onshape_export_manager.queue] Queue job scheduled for retry id=3d3a6f5a-e4d5-42cc-8eae-b75c843c7c74 retry_count=2 next_run_at=2026-07-09T08:13:57.919515+00:00 error=NoEnabledAccountsError: No enabled Onshape accounts are configured.
2026-07-09 11:14:00 ERROR    [onshape_export_manager.worker] Queued export failed id=3d3a6f5a-e4d5-42cc-8eae-b75c843c7c74: NoEnabledAccountsError: No enabled Onshape accounts are configured.
Traceback (most recent call last):
  File "/Users/hrebis/Desktop/OnshapeExportTool/onshape_export_manager/core/worker.py", line 375, in _run_job
    export = await asyncio.wait_for(
             ^^^^^^^^^^^^^^^^^^^^^^^
    ...<2 lines>...
    )
    ^
  File "/opt/homebrew/Cellar/python@3.13/3.13.14/Frameworks/Python.framework/Versions/3.13/lib/python3.13/asyncio/tasks.py", line 507, in wait_for
    return await fut
           ^^^^^^^^^
  File "/Users/hrebis/Desktop/OnshapeExportTool/onshape_export_manager/core/export_engine.py", line 80, in run_manual_export
    lease = self.api_pool.lease(request.label.assigned_accounts)
  File "/Users/hrebis/Desktop/OnshapeExportTool/onshape_export_manager/core/api_pool.py", line 138, in lease
    raise NoEnabledAccountsError("No enabled Onshape accounts are configured.")
onshape_export_manager.core.api_pool.NoEnabledAccountsError: No enabled Onshape accounts are configured.
2026-07-09 11:14:00 WARNING  [onshape_export_manager.queue] Queue job scheduled for retry id=3d3a6f5a-e4d5-42cc-8eae-b75c843c7c74 retry_count=3 next_run_at=2026-07-09T08:14:04.945854+00:00 error=NoEnabledAccountsError: No enabled Onshape accounts are configured.
2026-07-09 11:14:05 ERROR    [onshape_export_manager.worker] Queued export failed id=3d3a6f5a-e4d5-42cc-8eae-b75c843c7c74: NoEnabledAccountsError: No enabled Onshape accounts are configured.
Traceback (most recent call last):
  File "/Users/hrebis/Desktop/OnshapeExportTool/onshape_export_manager/core/worker.py", line 375, in _run_job
    export = await asyncio.wait_for(
             ^^^^^^^^^^^^^^^^^^^^^^^
    ...<2 lines>...
    )
    ^
  File "/opt/homebrew/Cellar/python@3.13/3.13.14/Frameworks/Python.framework/Versions/3.13/lib/python3.13/asyncio/tasks.py", line 507, in wait_for
    return await fut
           ^^^^^^^^^
  File "/Users/hrebis/Desktop/OnshapeExportTool/onshape_export_manager/core/export_engine.py", line 80, in run_manual_export
    lease = self.api_pool.lease(request.label.assigned_accounts)
  File "/Users/hrebis/Desktop/OnshapeExportTool/onshape_export_manager/core/api_pool.py", line 138, in lease
    raise NoEnabledAccountsError("No enabled Onshape accounts are configured.")
onshape_export_manager.core.api_pool.NoEnabledAccountsError: No enabled Onshape accounts are configured.
2026-07-09 11:14:05 ERROR    [onshape_export_manager.queue] Queue job permanently failed id=3d3a6f5a-e4d5-42cc-8eae-b75c843c7c74 error=NoEnabledAccountsError: No enabled Onshape accounts are configured.
2026-07-09 11:14:21 ERROR    [onshape_export_manager.worker] Queued export failed id=3e49e18e-26a1-400b-897c-a6b1d564b4e1: NoEnabledAccountsError: No enabled Onshape accounts are configured.
Traceback (most recent call last):
  File "/Users/hrebis/Desktop/OnshapeExportTool/onshape_export_manager/core/worker.py", line 375, in _run_job
    export = await asyncio.wait_for(
             ^^^^^^^^^^^^^^^^^^^^^^^
    ...<2 lines>...
    )
    ^
  File "/opt/homebrew/Cellar/python@3.13/3.13.14/Frameworks/Python.framework/Versions/3.13/lib/python3.13/asyncio/tasks.py", line 507, in wait_for
    return await fut
           ^^^^^^^^^
  File "/Users/hrebis/Desktop/OnshapeExportTool/onshape_export_manager/core/export_engine.py", line 80, in run_manual_export
    lease = self.api_pool.lease(request.label.assigned_accounts)
  File "/Users/hrebis/Desktop/OnshapeExportTool/onshape_export_manager/core/api_pool.py", line 138, in lease
    raise NoEnabledAccountsError("No enabled Onshape accounts are configured.")
onshape_export_manager.core.api_pool.NoEnabledAccountsError: No enabled Onshape accounts are configured.
2026-07-09 11:14:21 WARNING  [onshape_export_manager.queue] Queue job scheduled for retry id=3e49e18e-26a1-400b-897c-a6b1d564b4e1 retry_count=1 next_run_at=2026-07-09T08:14:22.007844+00:00 error=NoEnabledAccountsError: No enabled Onshape accounts are configured.
2026-07-09 11:14:26 ERROR    [onshape_export_manager.worker] Queued export failed id=3e49e18e-26a1-400b-897c-a6b1d564b4e1: NoEnabledAccountsError: No enabled Onshape accounts are configured.
Traceback (most recent call last):
  File "/Users/hrebis/Desktop/OnshapeExportTool/onshape_export_manager/core/worker.py", line 375, in _run_job
    export = await asyncio.wait_for(
             ^^^^^^^^^^^^^^^^^^^^^^^
    ...<2 lines>...
    )
    ^
  File "/opt/homebrew/Cellar/python@3.13/3.13.14/Frameworks/Python.framework/Versions/3.13/lib/python3.13/asyncio/tasks.py", line 507, in wait_for
    return await fut
           ^^^^^^^^^
  File "/Users/hrebis/Desktop/OnshapeExportTool/onshape_export_manager/core/export_engine.py", line 80, in run_manual_export
    lease = self.api_pool.lease(request.label.assigned_accounts)
  File "/Users/hrebis/Desktop/OnshapeExportTool/onshape_export_manager/core/api_pool.py", line 138, in lease
    raise NoEnabledAccountsError("No enabled Onshape accounts are configured.")
onshape_export_manager.core.api_pool.NoEnabledAccountsError: No enabled Onshape accounts are configured.
2026-07-09 11:14:26 WARNING  [onshape_export_manager.queue] Queue job scheduled for retry id=3e49e18e-26a1-400b-897c-a6b1d564b4e1 retry_count=2 next_run_at=2026-07-09T08:14:28.019072+00:00 error=NoEnabledAccountsError: No enabled Onshape accounts are configured.
2026-07-09 11:14:31 ERROR    [onshape_export_manager.worker] Queued export failed id=3e49e18e-26a1-400b-897c-a6b1d564b4e1: NoEnabledAccountsError: No enabled Onshape accounts are configured.
Traceback (most recent call last):
  File "/Users/hrebis/Desktop/OnshapeExportTool/onshape_export_manager/core/worker.py", line 375, in _run_job
    export = await asyncio.wait_for(
             ^^^^^^^^^^^^^^^^^^^^^^^
    ...<2 lines>...
    )
    ^
  File "/opt/homebrew/Cellar/python@3.13/3.13.14/Frameworks/Python.framework/Versions/3.13/lib/python3.13/asyncio/tasks.py", line 507, in wait_for
    return await fut
           ^^^^^^^^^
  File "/Users/hrebis/Desktop/OnshapeExportTool/onshape_export_manager/core/export_engine.py", line 80, in run_manual_export
    lease = self.api_pool.lease(request.label.assigned_accounts)
  File "/Users/hrebis/Desktop/OnshapeExportTool/onshape_export_manager/core/api_pool.py", line 138, in lease
    raise NoEnabledAccountsError("No enabled Onshape accounts are configured.")
onshape_export_manager.core.api_pool.NoEnabledAccountsError: No enabled Onshape accounts are configured.
2026-07-09 11:14:31 WARNING  [onshape_export_manager.queue] Queue job scheduled for retry id=3e49e18e-26a1-400b-897c-a6b1d564b4e1 retry_count=3 next_run_at=2026-07-09T08:14:35.047416+00:00 error=NoEnabledAccountsError: No enabled Onshape accounts are configured.
2026-07-09 11:14:36 ERROR    [onshape_export_manager.worker] Queued export failed id=3e49e18e-26a1-400b-897c-a6b1d564b4e1: NoEnabledAccountsError: No enabled Onshape accounts are configured.
Traceback (most recent call last):
  File "/Users/hrebis/Desktop/OnshapeExportTool/onshape_export_manager/core/worker.py", line 375, in _run_job
    export = await asyncio.wait_for(
             ^^^^^^^^^^^^^^^^^^^^^^^
    ...<2 lines>...
    )
    ^
  File "/opt/homebrew/Cellar/python@3.13/3.13.14/Frameworks/Python.framework/Versions/3.13/lib/python3.13/asyncio/tasks.py", line 507, in wait_for
    return await fut
           ^^^^^^^^^
  File "/Users/hrebis/Desktop/OnshapeExportTool/onshape_export_manager/core/export_engine.py", line 80, in run_manual_export
    lease = self.api_pool.lease(request.label.assigned_accounts)
  File "/Users/hrebis/Desktop/OnshapeExportTool/onshape_export_manager/core/api_pool.py", line 138, in lease
    raise NoEnabledAccountsError("No enabled Onshape accounts are configured.")
onshape_export_manager.core.api_pool.NoEnabledAccountsError: No enabled Onshape accounts are configured.
2026-07-09 11:14:36 ERROR    [onshape_export_manager.queue] Queue job permanently failed id=3e49e18e-26a1-400b-897c-a6b1d564b4e1 error=NoEnabledAccountsError: No enabled Onshape accounts are configured.
2026-07-09 11:14:56 ERROR    [onshape_export_manager.worker] Queued export failed id=bde809d8-09cf-4f50-9cc3-ee5570adc19f: NoEnabledAccountsError: No enabled Onshape accounts are configured.
Traceback (most recent call last):
  File "/Users/hrebis/Desktop/OnshapeExportTool/onshape_export_manager/core/worker.py", line 375, in _run_job
    export = await asyncio.wait_for(
             ^^^^^^^^^^^^^^^^^^^^^^^
    ...<2 lines>...
    )
    ^
  File "/opt/homebrew/Cellar/python@3.13/3.13.14/Frameworks/Python.framework/Versions/3.13/lib/python3.13/asyncio/tasks.py", line 507, in wait_for
    return await fut
           ^^^^^^^^^
  File "/Users/hrebis/Desktop/OnshapeExportTool/onshape_export_manager/core/export_engine.py", line 80, in run_manual_export
    lease = self.api_pool.lease(request.label.assigned_accounts)
  File "/Users/hrebis/Desktop/OnshapeExportTool/onshape_export_manager/core/api_pool.py", line 138, in lease
    raise NoEnabledAccountsError("No enabled Onshape accounts are configured.")
onshape_export_manager.core.api_pool.NoEnabledAccountsError: No enabled Onshape accounts are configured.
2026-07-09 11:14:56 WARNING  [onshape_export_manager.queue] Queue job scheduled for retry id=bde809d8-09cf-4f50-9cc3-ee5570adc19f retry_count=1 next_run_at=2026-07-09T08:14:57.108755+00:00 error=NoEnabledAccountsError: No enabled Onshape accounts are configured.
2026-07-09 11:15:01 ERROR    [onshape_export_manager.worker] Queued export failed id=bde809d8-09cf-4f50-9cc3-ee5570adc19f: NoEnabledAccountsError: No enabled Onshape accounts are configured.
Traceback (most recent call last):
  File "/Users/hrebis/Desktop/OnshapeExportTool/onshape_export_manager/core/worker.py", line 375, in _run_job
    export = await asyncio.wait_for(
             ^^^^^^^^^^^^^^^^^^^^^^^
    ...<2 lines>...
    )
    ^
  File "/opt/homebrew/Cellar/python@3.13/3.13.14/Frameworks/Python.framework/Versions/3.13/lib/python3.13/asyncio/tasks.py", line 507, in wait_for
    return await fut
           ^^^^^^^^^
  File "/Users/hrebis/Desktop/OnshapeExportTool/onshape_export_manager/core/export_engine.py", line 80, in run_manual_export
    lease = self.api_pool.lease(request.label.assigned_accounts)
  File "/Users/hrebis/Desktop/OnshapeExportTool/onshape_export_manager/core/api_pool.py", line 138, in lease
    raise NoEnabledAccountsError("No enabled Onshape accounts are configured.")
onshape_export_manager.core.api_pool.NoEnabledAccountsError: No enabled Onshape accounts are configured.
2026-07-09 11:15:01 WARNING  [onshape_export_manager.queue] Queue job scheduled for retry id=bde809d8-09cf-4f50-9cc3-ee5570adc19f retry_count=2 next_run_at=2026-07-09T08:15:03.123085+00:00 error=NoEnabledAccountsError: No enabled Onshape accounts are configured.
2026-07-09 11:15:06 ERROR    [onshape_export_manager.worker] Queued export failed id=bde809d8-09cf-4f50-9cc3-ee5570adc19f: NoEnabledAccountsError: No enabled Onshape accounts are configured.
Traceback (most recent call last):
  File "/Users/hrebis/Desktop/OnshapeExportTool/onshape_export_manager/core/worker.py", line 375, in _run_job
    export = await asyncio.wait_for(
             ^^^^^^^^^^^^^^^^^^^^^^^
    ...<2 lines>...
    )
    ^
  File "/opt/homebrew/Cellar/python@3.13/3.13.14/Frameworks/Python.framework/Versions/3.13/lib/python3.13/asyncio/tasks.py", line 507, in wait_for
    return await fut
           ^^^^^^^^^
  File "/Users/hrebis/Desktop/OnshapeExportTool/onshape_export_manager/core/export_engine.py", line 80, in run_manual_export
    lease = self.api_pool.lease(request.label.assigned_accounts)
  File "/Users/hrebis/Desktop/OnshapeExportTool/onshape_export_manager/core/api_pool.py", line 138, in lease
    raise NoEnabledAccountsError("No enabled Onshape accounts are configured.")
onshape_export_manager.core.api_pool.NoEnabledAccountsError: No enabled Onshape accounts are configured.
2026-07-09 11:15:06 WARNING  [onshape_export_manager.queue] Queue job scheduled for retry id=bde809d8-09cf-4f50-9cc3-ee5570adc19f retry_count=3 next_run_at=2026-07-09T08:15:10.142030+00:00 error=NoEnabledAccountsError: No enabled Onshape accounts are configured.
2026-07-09 11:15:11 ERROR    [onshape_export_manager.worker] Queued export failed id=bde809d8-09cf-4f50-9cc3-ee5570adc19f: NoEnabledAccountsError: No enabled Onshape accounts are configured.
Traceback (most recent call last):
  File "/Users/hrebis/Desktop/OnshapeExportTool/onshape_export_manager/core/worker.py", line 375, in _run_job
    export = await asyncio.wait_for(
             ^^^^^^^^^^^^^^^^^^^^^^^
    ...<2 lines>...
    )
    ^
  File "/opt/homebrew/Cellar/python@3.13/3.13.14/Frameworks/Python.framework/Versions/3.13/lib/python3.13/asyncio/tasks.py", line 507, in wait_for
    return await fut
           ^^^^^^^^^
  File "/Users/hrebis/Desktop/OnshapeExportTool/onshape_export_manager/core/export_engine.py", line 80, in run_manual_export
    lease = self.api_pool.lease(request.label.assigned_accounts)
  File "/Users/hrebis/Desktop/OnshapeExportTool/onshape_export_manager/core/api_pool.py", line 138, in lease
    raise NoEnabledAccountsError("No enabled Onshape accounts are configured.")
onshape_export_manager.core.api_pool.NoEnabledAccountsError: No enabled Onshape accounts are configured.
2026-07-09 11:15:11 ERROR    [onshape_export_manager.queue] Queue job permanently failed id=bde809d8-09cf-4f50-9cc3-ee5570adc19f error=NoEnabledAccountsError: No enabled Onshape accounts are configured.
2026-07-09 11:15:16 ERROR    [onshape_export_manager.worker] Queued export failed id=1f4f0ed9-5603-43b9-a9bc-76d22e697224: NoEnabledAccountsError: No enabled Onshape accounts are configured.
Traceback (most recent call last):
  File "/Users/hrebis/Desktop/OnshapeExportTool/onshape_export_manager/core/worker.py", line 375, in _run_job
    export = await asyncio.wait_for(
             ^^^^^^^^^^^^^^^^^^^^^^^
    ...<2 lines>...
    )
    ^
  File "/opt/homebrew/Cellar/python@3.13/3.13.14/Frameworks/Python.framework/Versions/3.13/lib/python3.13/asyncio/tasks.py", line 507, in wait_for
    return await fut
           ^^^^^^^^^
  File "/Users/hrebis/Desktop/OnshapeExportTool/onshape_export_manager/core/export_engine.py", line 80, in run_manual_export
    lease = self.api_pool.lease(request.label.assigned_accounts)
  File "/Users/hrebis/Desktop/OnshapeExportTool/onshape_export_manager/core/api_pool.py", line 138, in lease
    raise NoEnabledAccountsError("No enabled Onshape accounts are configured.")
onshape_export_manager.core.api_pool.NoEnabledAccountsError: No enabled Onshape accounts are configured.
2026-07-09 11:15:16 WARNING  [onshape_export_manager.queue] Queue job scheduled for retry id=1f4f0ed9-5603-43b9-a9bc-76d22e697224 retry_count=1 next_run_at=2026-07-09T08:15:17.174911+00:00 error=NoEnabledAccountsError: No enabled Onshape accounts are configured.
2026-07-09 11:15:21 ERROR    [onshape_export_manager.worker] Queued export failed id=1f4f0ed9-5603-43b9-a9bc-76d22e697224: NoEnabledAccountsError: No enabled Onshape accounts are configured.
Traceback (most recent call last):
  File "/Users/hrebis/Desktop/OnshapeExportTool/onshape_export_manager/core/worker.py", line 375, in _run_job
    export = await asyncio.wait_for(
             ^^^^^^^^^^^^^^^^^^^^^^^
    ...<2 lines>...
    )
    ^
  File "/opt/homebrew/Cellar/python@3.13/3.13.14/Frameworks/Python.framework/Versions/3.13/lib/python3.13/asyncio/tasks.py", line 507, in wait_for
    return await fut
           ^^^^^^^^^
  File "/Users/hrebis/Desktop/OnshapeExportTool/onshape_export_manager/core/export_engine.py", line 80, in run_manual_export
    lease = self.api_pool.lease(request.label.assigned_accounts)
  File "/Users/hrebis/Desktop/OnshapeExportTool/onshape_export_manager/core/api_pool.py", line 138, in lease
    raise NoEnabledAccountsError("No enabled Onshape accounts are configured.")
onshape_export_manager.core.api_pool.NoEnabledAccountsError: No enabled Onshape accounts are configured.
2026-07-09 11:15:21 WARNING  [onshape_export_manager.queue] Queue job scheduled for retry id=1f4f0ed9-5603-43b9-a9bc-76d22e697224 retry_count=2 next_run_at=2026-07-09T08:15:23.184162+00:00 error=NoEnabledAccountsError: No enabled Onshape accounts are configured.
2026-07-09 11:15:26 ERROR    [onshape_export_manager.worker] Queued export failed id=1f4f0ed9-5603-43b9-a9bc-76d22e697224: NoEnabledAccountsError: No enabled Onshape accounts are configured.
Traceback (most recent call last):
  File "/Users/hrebis/Desktop/OnshapeExportTool/onshape_export_manager/core/worker.py", line 375, in _run_job
    export = await asyncio.wait_for(
             ^^^^^^^^^^^^^^^^^^^^^^^
    ...<2 lines>...
    )
    ^
  File "/opt/homebrew/Cellar/python@3.13/3.13.14/Frameworks/Python.framework/Versions/3.13/lib/python3.13/asyncio/tasks.py", line 507, in wait_for
    return await fut
           ^^^^^^^^^
  File "/Users/hrebis/Desktop/OnshapeExportTool/onshape_export_manager/core/export_engine.py", line 80, in run_manual_export
    lease = self.api_pool.lease(request.label.assigned_accounts)
  File "/Users/hrebis/Desktop/OnshapeExportTool/onshape_export_manager/core/api_pool.py", line 138, in lease
    raise NoEnabledAccountsError("No enabled Onshape accounts are configured.")
onshape_export_manager.core.api_pool.NoEnabledAccountsError: No enabled Onshape accounts are configured.
2026-07-09 11:15:26 WARNING  [onshape_export_manager.queue] Queue job scheduled for retry id=1f4f0ed9-5603-43b9-a9bc-76d22e697224 retry_count=3 next_run_at=2026-07-09T08:15:30.215897+00:00 error=NoEnabledAccountsError: No enabled Onshape accounts are configured.
2026-07-09 11:15:31 ERROR    [onshape_export_manager.worker] Queued export failed id=1f4f0ed9-5603-43b9-a9bc-76d22e697224: NoEnabledAccountsError: No enabled Onshape accounts are configured.
Traceback (most recent call last):
  File "/Users/hrebis/Desktop/OnshapeExportTool/onshape_export_manager/core/worker.py", line 375, in _run_job
    export = await asyncio.wait_for(
             ^^^^^^^^^^^^^^^^^^^^^^^
    ...<2 lines>...
    )
    ^
  File "/opt/homebrew/Cellar/python@3.13/3.13.14/Frameworks/Python.framework/Versions/3.13/lib/python3.13/asyncio/tasks.py", line 507, in wait_for
    return await fut
           ^^^^^^^^^
  File "/Users/hrebis/Desktop/OnshapeExportTool/onshape_export_manager/core/export_engine.py", line 80, in run_manual_export
    lease = self.api_pool.lease(request.label.assigned_accounts)
  File "/Users/hrebis/Desktop/OnshapeExportTool/onshape_export_manager/core/api_pool.py", line 138, in lease
    raise NoEnabledAccountsError("No enabled Onshape accounts are configured.")
onshape_export_manager.core.api_pool.NoEnabledAccountsError: No enabled Onshape accounts are configured.
2026-07-09 11:15:31 ERROR    [onshape_export_manager.queue] Queue job permanently failed id=1f4f0ed9-5603-43b9-a9bc-76d22e697224 error=NoEnabledAccountsError: No enabled Onshape accounts are configured.
2026-07-09 11:16:31 ERROR    [onshape_export_manager.worker] Queued export failed id=ff118aa3-927a-433f-aca3-5d3f86282514: NoEnabledAccountsError: No enabled Onshape accounts are configured.
Traceback (most recent call last):
  File "/Users/hrebis/Desktop/OnshapeExportTool/onshape_export_manager/core/worker.py", line 375, in _run_job
    export = await asyncio.wait_for(
             ^^^^^^^^^^^^^^^^^^^^^^^
    ...<2 lines>...
    )
    ^
  File "/opt/homebrew/Cellar/python@3.13/3.13.14/Frameworks/Python.framework/Versions/3.13/lib/python3.13/asyncio/tasks.py", line 507, in wait_for
    return await fut
           ^^^^^^^^^
  File "/Users/hrebis/Desktop/OnshapeExportTool/onshape_export_manager/core/export_engine.py", line 80, in run_manual_export
    lease = self.api_pool.lease(request.label.assigned_accounts)
  File "/Users/hrebis/Desktop/OnshapeExportTool/onshape_export_manager/core/api_pool.py", line 138, in lease
    raise NoEnabledAccountsError("No enabled Onshape accounts are configured.")
onshape_export_manager.core.api_pool.NoEnabledAccountsError: No enabled Onshape accounts are configured.
2026-07-09 11:16:31 WARNING  [onshape_export_manager.queue] Queue job scheduled for retry id=ff118aa3-927a-433f-aca3-5d3f86282514 retry_count=1 next_run_at=2026-07-09T08:16:32.346009+00:00 error=NoEnabledAccountsError: No enabled Onshape accounts are configured.
2026-07-09 11:16:36 ERROR    [onshape_export_manager.worker] Queued export failed id=ff118aa3-927a-433f-aca3-5d3f86282514: NoEnabledAccountsError: No enabled Onshape accounts are configured.
Traceback (most recent call last):
  File "/Users/hrebis/Desktop/OnshapeExportTool/onshape_export_manager/core/worker.py", line 375, in _run_job
    export = await asyncio.wait_for(
             ^^^^^^^^^^^^^^^^^^^^^^^
    ...<2 lines>...
    )
    ^
  File "/opt/homebrew/Cellar/python@3.13/3.13.14/Frameworks/Python.framework/Versions/3.13/lib/python3.13/asyncio/tasks.py", line 507, in wait_for
    return await fut
           ^^^^^^^^^
  File "/Users/hrebis/Desktop/OnshapeExportTool/onshape_export_manager/core/export_engine.py", line 80, in run_manual_export
    lease = self.api_pool.lease(request.label.assigned_accounts)
  File "/Users/hrebis/Desktop/OnshapeExportTool/onshape_export_manager/core/api_pool.py", line 138, in lease
    raise NoEnabledAccountsError("No enabled Onshape accounts are configured.")
onshape_export_manager.core.api_pool.NoEnabledAccountsError: No enabled Onshape accounts are configured.
2026-07-09 11:16:36 WARNING  [onshape_export_manager.queue] Queue job scheduled for retry id=ff118aa3-927a-433f-aca3-5d3f86282514 retry_count=2 next_run_at=2026-07-09T08:16:38.360872+00:00 error=NoEnabledAccountsError: No enabled Onshape accounts are configured.
2026-07-09 11:16:41 ERROR    [onshape_export_manager.worker] Queued export failed id=ff118aa3-927a-433f-aca3-5d3f86282514: NoEnabledAccountsError: No enabled Onshape accounts are configured.
Traceback (most recent call last):
  File "/Users/hrebis/Desktop/OnshapeExportTool/onshape_export_manager/core/worker.py", line 375, in _run_job
    export = await asyncio.wait_for(
             ^^^^^^^^^^^^^^^^^^^^^^^
    ...<2 lines>...
    )
    ^
  File "/opt/homebrew/Cellar/python@3.13/3.13.14/Frameworks/Python.framework/Versions/3.13/lib/python3.13/asyncio/tasks.py", line 507, in wait_for
    return await fut
           ^^^^^^^^^
  File "/Users/hrebis/Desktop/OnshapeExportTool/onshape_export_manager/core/export_engine.py", line 80, in run_manual_export
    lease = self.api_pool.lease(request.label.assigned_accounts)
  File "/Users/hrebis/Desktop/OnshapeExportTool/onshape_export_manager/core/api_pool.py", line 138, in lease
    raise NoEnabledAccountsError("No enabled Onshape accounts are configured.")
onshape_export_manager.core.api_pool.NoEnabledAccountsError: No enabled Onshape accounts are configured.
2026-07-09 11:16:41 WARNING  [onshape_export_manager.queue] Queue job scheduled for retry id=ff118aa3-927a-433f-aca3-5d3f86282514 retry_count=3 next_run_at=2026-07-09T08:16:45.383482+00:00 error=NoEnabledAccountsError: No enabled Onshape accounts are configured.
2026-07-09 11:16:46 ERROR    [onshape_export_manager.worker] Queued export failed id=ff118aa3-927a-433f-aca3-5d3f86282514: NoEnabledAccountsError: No enabled Onshape accounts are configured.
Traceback (most recent call last):
  File "/Users/hrebis/Desktop/OnshapeExportTool/onshape_export_manager/core/worker.py", line 375, in _run_job
    export = await asyncio.wait_for(
             ^^^^^^^^^^^^^^^^^^^^^^^
    ...<2 lines>...
    )
    ^
  File "/opt/homebrew/Cellar/python@3.13/3.13.14/Frameworks/Python.framework/Versions/3.13/lib/python3.13/asyncio/tasks.py", line 507, in wait_for
    return await fut
           ^^^^^^^^^
  File "/Users/hrebis/Desktop/OnshapeExportTool/onshape_export_manager/core/export_engine.py", line 80, in run_manual_export
    lease = self.api_pool.lease(request.label.assigned_accounts)
  File "/Users/hrebis/Desktop/OnshapeExportTool/onshape_export_manager/core/api_pool.py", line 138, in lease
    raise NoEnabledAccountsError("No enabled Onshape accounts are configured.")
onshape_export_manager.core.api_pool.NoEnabledAccountsError: No enabled Onshape accounts are configured.
2026-07-09 11:16:46 ERROR    [onshape_export_manager.queue] Queue job permanently failed id=ff118aa3-927a-433f-aca3-5d3f86282514 error=NoEnabledAccountsError: No enabled Onshape accounts are configured.
2026-07-09 11:23:47 ERROR    [onshape_export_manager.worker] Queued export failed id=84157937-2438-464b-8a3d-47f38ab54669: ValueError: unknown or disabled label 'B'
Traceback (most recent call last):
  File "/Users/hrebis/Desktop/OnshapeExportTool/onshape_export_manager/core/worker.py", line 372, in _run_job
    request = self._build_request(job)
  File "/Users/hrebis/Desktop/OnshapeExportTool/onshape_export_manager/core/worker.py", line 487, in _build_request
    raise ValueError(f"unknown or disabled label '{job.label_name}'")
ValueError: unknown or disabled label 'B'
2026-07-09 11:23:47 ERROR    [onshape_export_manager.worker] Queued export failed id=2164c673-c756-4a0e-8830-49ad1f686044: ValueError: unknown or disabled label 'A'
Traceback (most recent call last):
  File "/Users/hrebis/Desktop/OnshapeExportTool/onshape_export_manager/core/worker.py", line 372, in _run_job
    request = self._build_request(job)
  File "/Users/hrebis/Desktop/OnshapeExportTool/onshape_export_manager/core/worker.py", line 487, in _build_request
    raise ValueError(f"unknown or disabled label '{job.label_name}'")
ValueError: unknown or disabled label 'A'
2026-07-09 11:23:47 WARNING  [onshape_export_manager.queue] Queue job scheduled for retry id=84157937-2438-464b-8a3d-47f38ab54669 retry_count=1 next_run_at=2026-07-09T08:23:48.109004+00:00 error=ValueError: unknown or disabled label 'B'
2026-07-09 11:23:47 WARNING  [onshape_export_manager.queue] Queue job scheduled for retry id=2164c673-c756-4a0e-8830-49ad1f686044 retry_count=1 next_run_at=2026-07-09T08:23:48.110321+00:00 error=ValueError: unknown or disabled label 'A'
2026-07-09 11:23:52 ERROR    [onshape_export_manager.worker] Queued export failed id=2164c673-c756-4a0e-8830-49ad1f686044: ValueError: unknown or disabled label 'A'
Traceback (most recent call last):
  File "/Users/hrebis/Desktop/OnshapeExportTool/onshape_export_manager/core/worker.py", line 372, in _run_job
    request = self._build_request(job)
  File "/Users/hrebis/Desktop/OnshapeExportTool/onshape_export_manager/core/worker.py", line 487, in _build_request
    raise ValueError(f"unknown or disabled label '{job.label_name}'")
ValueError: unknown or disabled label 'A'
2026-07-09 11:23:52 WARNING  [onshape_export_manager.queue] Queue job scheduled for retry id=2164c673-c756-4a0e-8830-49ad1f686044 retry_count=2 next_run_at=2026-07-09T08:23:54.114189+00:00 error=ValueError: unknown or disabled label 'A'
2026-07-09 11:23:52 ERROR    [onshape_export_manager.worker] Queued export failed id=84157937-2438-464b-8a3d-47f38ab54669: ValueError: unknown or disabled label 'B'
Traceback (most recent call last):
  File "/Users/hrebis/Desktop/OnshapeExportTool/onshape_export_manager/core/worker.py", line 372, in _run_job
    request = self._build_request(job)
  File "/Users/hrebis/Desktop/OnshapeExportTool/onshape_export_manager/core/worker.py", line 487, in _build_request
    raise ValueError(f"unknown or disabled label '{job.label_name}'")
ValueError: unknown or disabled label 'B'
2026-07-09 11:23:52 WARNING  [onshape_export_manager.queue] Queue job scheduled for retry id=84157937-2438-464b-8a3d-47f38ab54669 retry_count=2 next_run_at=2026-07-09T08:23:54.123183+00:00 error=ValueError: unknown or disabled label 'B'
2026-07-09 11:23:57 ERROR    [onshape_export_manager.worker] Queued export failed id=2164c673-c756-4a0e-8830-49ad1f686044: ValueError: unknown or disabled label 'A'
Traceback (most recent call last):
  File "/Users/hrebis/Desktop/OnshapeExportTool/onshape_export_manager/core/worker.py", line 372, in _run_job
    request = self._build_request(job)
  File "/Users/hrebis/Desktop/OnshapeExportTool/onshape_export_manager/core/worker.py", line 487, in _build_request
    raise ValueError(f"unknown or disabled label '{job.label_name}'")
ValueError: unknown or disabled label 'A'
2026-07-09 11:23:57 ERROR    [onshape_export_manager.worker] Queued export failed id=84157937-2438-464b-8a3d-47f38ab54669: ValueError: unknown or disabled label 'B'
Traceback (most recent call last):
  File "/Users/hrebis/Desktop/OnshapeExportTool/onshape_export_manager/core/worker.py", line 372, in _run_job
    request = self._build_request(job)
  File "/Users/hrebis/Desktop/OnshapeExportTool/onshape_export_manager/core/worker.py", line 487, in _build_request
    raise ValueError(f"unknown or disabled label '{job.label_name}'")
ValueError: unknown or disabled label 'B'
2026-07-09 11:23:57 WARNING  [onshape_export_manager.queue] Queue job scheduled for retry id=2164c673-c756-4a0e-8830-49ad1f686044 retry_count=3 next_run_at=2026-07-09T08:24:01.763671+00:00 error=ValueError: unknown or disabled label 'A'
2026-07-09 11:23:57 WARNING  [onshape_export_manager.queue] Queue job scheduled for retry id=84157937-2438-464b-8a3d-47f38ab54669 retry_count=3 next_run_at=2026-07-09T08:24:01.764707+00:00 error=ValueError: unknown or disabled label 'B'
2026-07-09 11:23:59 WARNING  [onshape_export_manager.web] Unhandled ValidationError in PUT /api/settings/retention: 1 validation error for AppConfig
export_retention_days
  Extra inputs are not permitted [type=extra_forbidden, input_value=14, input_type=int]
    For further information visit https://errors.pydantic.dev/2.13/v/extra_forbidden
2026-07-09 11:24:02 ERROR    [onshape_export_manager.worker] Queued export failed id=2164c673-c756-4a0e-8830-49ad1f686044: ValueError: unknown or disabled label 'A'
Traceback (most recent call last):
  File "/Users/hrebis/Desktop/OnshapeExportTool/onshape_export_manager/core/worker.py", line 372, in _run_job
    request = self._build_request(job)
  File "/Users/hrebis/Desktop/OnshapeExportTool/onshape_export_manager/core/worker.py", line 487, in _build_request
    raise ValueError(f"unknown or disabled label '{job.label_name}'")
ValueError: unknown or disabled label 'A'
2026-07-09 11:24:02 ERROR    [onshape_export_manager.queue] Queue job permanently failed id=2164c673-c756-4a0e-8830-49ad1f686044 error=ValueError: unknown or disabled label 'A'
2026-07-09 11:24:02 ERROR    [onshape_export_manager.worker] Queued export failed id=84157937-2438-464b-8a3d-47f38ab54669: ValueError: unknown or disabled label 'B'
Traceback (most recent call last):
  File "/Users/hrebis/Desktop/OnshapeExportTool/onshape_export_manager/core/worker.py", line 372, in _run_job
    request = self._build_request(job)
  File "/Users/hrebis/Desktop/OnshapeExportTool/onshape_export_manager/core/worker.py", line 487, in _build_request
    raise ValueError(f"unknown or disabled label '{job.label_name}'")
ValueError: unknown or disabled label 'B'
2026-07-09 11:24:02 ERROR    [onshape_export_manager.queue] Queue job permanently failed id=84157937-2438-464b-8a3d-47f38ab54669 error=ValueError: unknown or disabled label 'B'
2026-07-09 11:25:02 ERROR    [onshape_export_manager.worker] Queued export failed id=374ccd4b-9fcc-4776-9982-17a35d93fcb0: ValueError: unknown or disabled label 'A'
Traceback (most recent call last):
  File "/Users/hrebis/Desktop/OnshapeExportTool/onshape_export_manager/core/worker.py", line 372, in _run_job
    request = self._build_request(job)
  File "/Users/hrebis/Desktop/OnshapeExportTool/onshape_export_manager/core/worker.py", line 487, in _build_request
    raise ValueError(f"unknown or disabled label '{job.label_name}'")
ValueError: unknown or disabled label 'A'
2026-07-09 11:25:02 ERROR    [onshape_export_manager.worker] Queued export failed id=5d01247f-336c-43b5-9077-5fe234133372: ValueError: unknown or disabled label 'B'
Traceback (most recent call last):
  File "/Users/hrebis/Desktop/OnshapeExportTool/onshape_export_manager/core/worker.py", line 372, in _run_job
    request = self._build_request(job)
  File "/Users/hrebis/Desktop/OnshapeExportTool/onshape_export_manager/core/worker.py", line 487, in _build_request
    raise ValueError(f"unknown or disabled label '{job.label_name}'")
ValueError: unknown or disabled label 'B'
2026-07-09 11:25:02 WARNING  [onshape_export_manager.queue] Queue job scheduled for retry id=374ccd4b-9fcc-4776-9982-17a35d93fcb0 retry_count=1 next_run_at=2026-07-09T08:25:03.474791+00:00 error=ValueError: unknown or disabled label 'A'
2026-07-09 11:25:02 WARNING  [onshape_export_manager.queue] Queue job scheduled for retry id=5d01247f-336c-43b5-9077-5fe234133372 retry_count=1 next_run_at=2026-07-09T08:25:03.477127+00:00 error=ValueError: unknown or disabled label 'B'
2026-07-09 11:37:13 ERROR    [onshape_export_manager.worker] Queued export failed id=5d01247f-336c-43b5-9077-5fe234133372: ValueError: unknown or disabled label 'B'
Traceback (most recent call last):
  File "/Users/hrebis/Desktop/OnshapeExportTool/onshape_export_manager/core/worker.py", line 372, in _run_job
    request = self._build_request(job)
  File "/Users/hrebis/Desktop/OnshapeExportTool/onshape_export_manager/core/worker.py", line 487, in _build_request
    raise ValueError(f"unknown or disabled label '{job.label_name}'")
ValueError: unknown or disabled label 'B'
2026-07-09 11:37:13 ERROR    [onshape_export_manager.worker] Queued export failed id=374ccd4b-9fcc-4776-9982-17a35d93fcb0: ValueError: unknown or disabled label 'A'
Traceback (most recent call last):
  File "/Users/hrebis/Desktop/OnshapeExportTool/onshape_export_manager/core/worker.py", line 372, in _run_job
    request = self._build_request(job)
  File "/Users/hrebis/Desktop/OnshapeExportTool/onshape_export_manager/core/worker.py", line 487, in _build_request
    raise ValueError(f"unknown or disabled label '{job.label_name}'")
ValueError: unknown or disabled label 'A'
2026-07-09 11:37:13 WARNING  [onshape_export_manager.queue] Queue job scheduled for retry id=374ccd4b-9fcc-4776-9982-17a35d93fcb0 retry_count=2 next_run_at=2026-07-09T08:37:15.404140+00:00 error=ValueError: unknown or disabled label 'A'
2026-07-09 11:37:13 WARNING  [onshape_export_manager.queue] Queue job scheduled for retry id=5d01247f-336c-43b5-9077-5fe234133372 retry_count=2 next_run_at=2026-07-09T08:37:15.405943+00:00 error=ValueError: unknown or disabled label 'B'
2026-07-09 11:37:18 ERROR    [onshape_export_manager.worker] Queued export failed id=374ccd4b-9fcc-4776-9982-17a35d93fcb0: ValueError: unknown or disabled label 'A'
Traceback (most recent call last):
  File "/Users/hrebis/Desktop/OnshapeExportTool/onshape_export_manager/core/worker.py", line 372, in _run_job
    request = self._build_request(job)
  File "/Users/hrebis/Desktop/OnshapeExportTool/onshape_export_manager/core/worker.py", line 487, in _build_request
    raise ValueError(f"unknown or disabled label '{job.label_name}'")
ValueError: unknown or disabled label 'A'
2026-07-09 11:37:18 ERROR    [onshape_export_manager.worker] Queued export failed id=5d01247f-336c-43b5-9077-5fe234133372: ValueError: unknown or disabled label 'B'
Traceback (most recent call last):
  File "/Users/hrebis/Desktop/OnshapeExportTool/onshape_export_manager/core/worker.py", line 372, in _run_job
    request = self._build_request(job)
  File "/Users/hrebis/Desktop/OnshapeExportTool/onshape_export_manager/core/worker.py", line 487, in _build_request
    raise ValueError(f"unknown or disabled label '{job.label_name}'")
ValueError: unknown or disabled label 'B'
2026-07-09 11:37:18 WARNING  [onshape_export_manager.queue] Queue job scheduled for retry id=374ccd4b-9fcc-4776-9982-17a35d93fcb0 retry_count=3 next_run_at=2026-07-09T08:37:22.418711+00:00 error=ValueError: unknown or disabled label 'A'
2026-07-09 11:37:18 WARNING  [onshape_export_manager.queue] Queue job scheduled for retry id=5d01247f-336c-43b5-9077-5fe234133372 retry_count=3 next_run_at=2026-07-09T08:37:22.419022+00:00 error=ValueError: unknown or disabled label 'B'
2026-07-09 11:37:23 ERROR    [onshape_export_manager.worker] Queued export failed id=374ccd4b-9fcc-4776-9982-17a35d93fcb0: ValueError: unknown or disabled label 'A'
Traceback (most recent call last):
  File "/Users/hrebis/Desktop/OnshapeExportTool/onshape_export_manager/core/worker.py", line 372, in _run_job
    request = self._build_request(job)
  File "/Users/hrebis/Desktop/OnshapeExportTool/onshape_export_manager/core/worker.py", line 487, in _build_request
    raise ValueError(f"unknown or disabled label '{job.label_name}'")
ValueError: unknown or disabled label 'A'
2026-07-09 11:37:23 ERROR    [onshape_export_manager.worker] Queued export failed id=5d01247f-336c-43b5-9077-5fe234133372: ValueError: unknown or disabled label 'B'
Traceback (most recent call last):
  File "/Users/hrebis/Desktop/OnshapeExportTool/onshape_export_manager/core/worker.py", line 372, in _run_job
    request = self._build_request(job)
  File "/Users/hrebis/Desktop/OnshapeExportTool/onshape_export_manager/core/worker.py", line 487, in _build_request
    raise ValueError(f"unknown or disabled label '{job.label_name}'")
ValueError: unknown or disabled label 'B'
2026-07-09 11:37:23 ERROR    [onshape_export_manager.queue] Queue job permanently failed id=374ccd4b-9fcc-4776-9982-17a35d93fcb0 error=ValueError: unknown or disabled label 'A'
2026-07-09 11:37:23 ERROR    [onshape_export_manager.queue] Queue job permanently failed id=5d01247f-336c-43b5-9077-5fe234133372 error=ValueError: unknown or disabled label 'B'
2026-07-09 11:37:38 WARNING  [onshape_export_manager.web] Unhandled ImportError in POST /api/cleanup/run: cannot import name '_human_size' from 'onshape_export_manager.core.metrics' (/Users/hrebis/Desktop/OnshapeExportTool/onshape_export_manager/core/metrics.py)
2026-07-09 11:37:38 ERROR    [onshape_export_manager.worker] Queued export failed id=6d107631-5356-44bd-8112-0c6a4e16b90b: NoEnabledAccountsError: No enabled Onshape accounts are configured.
Traceback (most recent call last):
  File "/Users/hrebis/Desktop/OnshapeExportTool/onshape_export_manager/core/worker.py", line 375, in _run_job
    export = await asyncio.wait_for(
             ^^^^^^^^^^^^^^^^^^^^^^^
    ...<2 lines>...
    )
    ^
  File "/opt/homebrew/Cellar/python@3.13/3.13.14/Frameworks/Python.framework/Versions/3.13/lib/python3.13/asyncio/tasks.py", line 507, in wait_for
    return await fut
           ^^^^^^^^^
  File "/Users/hrebis/Desktop/OnshapeExportTool/onshape_export_manager/core/export_engine.py", line 80, in run_manual_export
    lease = self.api_pool.lease(request.label.assigned_accounts)
  File "/Users/hrebis/Desktop/OnshapeExportTool/onshape_export_manager/core/api_pool.py", line 138, in lease
    raise NoEnabledAccountsError("No enabled Onshape accounts are configured.")
onshape_export_manager.core.api_pool.NoEnabledAccountsError: No enabled Onshape accounts are configured.
2026-07-09 11:37:38 WARNING  [onshape_export_manager.queue] Queue job scheduled for retry id=6d107631-5356-44bd-8112-0c6a4e16b90b retry_count=1 next_run_at=2026-07-09T08:37:39.489430+00:00 error=NoEnabledAccountsError: No enabled Onshape accounts are configured.
2026-07-09 11:37:43 ERROR    [onshape_export_manager.worker] Queued export failed id=6d107631-5356-44bd-8112-0c6a4e16b90b: NoEnabledAccountsError: No enabled Onshape accounts are configured.
Traceback (most recent call last):
  File "/Users/hrebis/Desktop/OnshapeExportTool/onshape_export_manager/core/worker.py", line 375, in _run_job
    export = await asyncio.wait_for(
             ^^^^^^^^^^^^^^^^^^^^^^^
    ...<2 lines>...
    )
    ^
  File "/opt/homebrew/Cellar/python@3.13/3.13.14/Frameworks/Python.framework/Versions/3.13/lib/python3.13/asyncio/tasks.py", line 507, in wait_for
    return await fut
           ^^^^^^^^^
  File "/Users/hrebis/Desktop/OnshapeExportTool/onshape_export_manager/core/export_engine.py", line 80, in run_manual_export
    lease = self.api_pool.lease(request.label.assigned_accounts)
  File "/Users/hrebis/Desktop/OnshapeExportTool/onshape_export_manager/core/api_pool.py", line 138, in lease
    raise NoEnabledAccountsError("No enabled Onshape accounts are configured.")
onshape_export_manager.core.api_pool.NoEnabledAccountsError: No enabled Onshape accounts are configured.
2026-07-09 11:37:43 WARNING  [onshape_export_manager.queue] Queue job scheduled for retry id=6d107631-5356-44bd-8112-0c6a4e16b90b retry_count=2 next_run_at=2026-07-09T08:37:45.496529+00:00 error=NoEnabledAccountsError: No enabled Onshape accounts are configured.
2026-07-09 11:37:48 ERROR    [onshape_export_manager.worker] Queued export failed id=6d107631-5356-44bd-8112-0c6a4e16b90b: NoEnabledAccountsError: No enabled Onshape accounts are configured.
Traceback (most recent call last):
  File "/Users/hrebis/Desktop/OnshapeExportTool/onshape_export_manager/core/worker.py", line 375, in _run_job
    export = await asyncio.wait_for(
             ^^^^^^^^^^^^^^^^^^^^^^^
    ...<2 lines>...
    )
    ^
  File "/opt/homebrew/Cellar/python@3.13/3.13.14/Frameworks/Python.framework/Versions/3.13/lib/python3.13/asyncio/tasks.py", line 507, in wait_for
    return await fut
           ^^^^^^^^^
  File "/Users/hrebis/Desktop/OnshapeExportTool/onshape_export_manager/core/export_engine.py", line 80, in run_manual_export
    lease = self.api_pool.lease(request.label.assigned_accounts)
  File "/Users/hrebis/Desktop/OnshapeExportTool/onshape_export_manager/core/api_pool.py", line 138, in lease
    raise NoEnabledAccountsError("No enabled Onshape accounts are configured.")
onshape_export_manager.core.api_pool.NoEnabledAccountsError: No enabled Onshape accounts are configured.
2026-07-09 11:37:48 WARNING  [onshape_export_manager.queue] Queue job scheduled for retry id=6d107631-5356-44bd-8112-0c6a4e16b90b retry_count=3 next_run_at=2026-07-09T08:37:52.512081+00:00 error=NoEnabledAccountsError: No enabled Onshape accounts are configured.
2026-07-09 11:37:53 ERROR    [onshape_export_manager.worker] Queued export failed id=6d107631-5356-44bd-8112-0c6a4e16b90b: NoEnabledAccountsError: No enabled Onshape accounts are configured.
Traceback (most recent call last):
  File "/Users/hrebis/Desktop/OnshapeExportTool/onshape_export_manager/core/worker.py", line 375, in _run_job
    export = await asyncio.wait_for(
             ^^^^^^^^^^^^^^^^^^^^^^^
    ...<2 lines>...
    )
    ^
  File "/opt/homebrew/Cellar/python@3.13/3.13.14/Frameworks/Python.framework/Versions/3.13/lib/python3.13/asyncio/tasks.py", line 507, in wait_for
    return await fut
           ^^^^^^^^^
  File "/Users/hrebis/Desktop/OnshapeExportTool/onshape_export_manager/core/export_engine.py", line 80, in run_manual_export
    lease = self.api_pool.lease(request.label.assigned_accounts)
  File "/Users/hrebis/Desktop/OnshapeExportTool/onshape_export_manager/core/api_pool.py", line 138, in lease
    raise NoEnabledAccountsError("No enabled Onshape accounts are configured.")
onshape_export_manager.core.api_pool.NoEnabledAccountsError: No enabled Onshape accounts are configured.
2026-07-09 11:37:53 ERROR    [onshape_export_manager.queue] Queue job permanently failed id=6d107631-5356-44bd-8112-0c6a4e16b90b error=NoEnabledAccountsError: No enabled Onshape accounts are configured.
2026-07-09 11:38:17 ERROR    [onshape_export_manager.worker] Queued export failed id=a4f4f2c7-3503-46f8-bbd9-db88bfd7697b: ValueError: unknown or disabled label 'A'
Traceback (most recent call last):
  File "/Users/hrebis/Desktop/OnshapeExportTool/onshape_export_manager/core/worker.py", line 372, in _run_job
    request = self._build_request(job)
  File "/Users/hrebis/Desktop/OnshapeExportTool/onshape_export_manager/core/worker.py", line 487, in _build_request
    raise ValueError(f"unknown or disabled label '{job.label_name}'")
ValueError: unknown or disabled label 'A'
2026-07-09 11:38:17 ERROR    [onshape_export_manager.worker] Queued export failed id=5d8c9a93-3c32-4c05-bd16-d50f81690d55: ValueError: unknown or disabled label 'B'
Traceback (most recent call last):
  File "/Users/hrebis/Desktop/OnshapeExportTool/onshape_export_manager/core/worker.py", line 372, in _run_job
    request = self._build_request(job)
  File "/Users/hrebis/Desktop/OnshapeExportTool/onshape_export_manager/core/worker.py", line 487, in _build_request
    raise ValueError(f"unknown or disabled label '{job.label_name}'")
ValueError: unknown or disabled label 'B'
2026-07-09 11:38:17 WARNING  [onshape_export_manager.queue] Queue job scheduled for retry id=a4f4f2c7-3503-46f8-bbd9-db88bfd7697b retry_count=1 next_run_at=2026-07-09T08:38:18.083493+00:00 error=ValueError: unknown or disabled label 'A'
2026-07-09 11:38:17 WARNING  [onshape_export_manager.queue] Queue job scheduled for retry id=5d8c9a93-3c32-4c05-bd16-d50f81690d55 retry_count=1 next_run_at=2026-07-09T08:38:18.085847+00:00 error=ValueError: unknown or disabled label 'B'
2026-07-09 11:38:57 ERROR    [onshape_export_manager.worker] Queued export failed id=ccd08163-54e4-4ec4-8701-8c0af1a135d2: NoEnabledAccountsError: No enabled Onshape accounts are configured.
Traceback (most recent call last):
  File "/Users/hrebis/Desktop/OnshapeExportTool/onshape_export_manager/core/worker.py", line 375, in _run_job
    export = await asyncio.wait_for(
             ^^^^^^^^^^^^^^^^^^^^^^^
    ...<2 lines>...
    )
    ^
  File "/opt/homebrew/Cellar/python@3.13/3.13.14/Frameworks/Python.framework/Versions/3.13/lib/python3.13/asyncio/tasks.py", line 507, in wait_for
    return await fut
           ^^^^^^^^^
  File "/Users/hrebis/Desktop/OnshapeExportTool/onshape_export_manager/core/export_engine.py", line 80, in run_manual_export
    lease = self.api_pool.lease(request.label.assigned_accounts)
  File "/Users/hrebis/Desktop/OnshapeExportTool/onshape_export_manager/core/api_pool.py", line 138, in lease
    raise NoEnabledAccountsError("No enabled Onshape accounts are configured.")
onshape_export_manager.core.api_pool.NoEnabledAccountsError: No enabled Onshape accounts are configured.
2026-07-09 11:38:57 WARNING  [onshape_export_manager.queue] Queue job scheduled for retry id=ccd08163-54e4-4ec4-8701-8c0af1a135d2 retry_count=1 next_run_at=2026-07-09T08:38:58.381498+00:00 error=NoEnabledAccountsError: No enabled Onshape accounts are configured.
2026-07-09 11:39:02 ERROR    [onshape_export_manager.worker] Queued export failed id=ccd08163-54e4-4ec4-8701-8c0af1a135d2: NoEnabledAccountsError: No enabled Onshape accounts are configured.
Traceback (most recent call last):
  File "/Users/hrebis/Desktop/OnshapeExportTool/onshape_export_manager/core/worker.py", line 375, in _run_job
    export = await asyncio.wait_for(
             ^^^^^^^^^^^^^^^^^^^^^^^
    ...<2 lines>...
    )
    ^
  File "/opt/homebrew/Cellar/python@3.13/3.13.14/Frameworks/Python.framework/Versions/3.13/lib/python3.13/asyncio/tasks.py", line 507, in wait_for
    return await fut
           ^^^^^^^^^
  File "/Users/hrebis/Desktop/OnshapeExportTool/onshape_export_manager/core/export_engine.py", line 80, in run_manual_export
    lease = self.api_pool.lease(request.label.assigned_accounts)
  File "/Users/hrebis/Desktop/OnshapeExportTool/onshape_export_manager/core/api_pool.py", line 138, in lease
    raise NoEnabledAccountsError("No enabled Onshape accounts are configured.")
onshape_export_manager.core.api_pool.NoEnabledAccountsError: No enabled Onshape accounts are configured.
2026-07-09 11:39:02 WARNING  [onshape_export_manager.queue] Queue job scheduled for retry id=ccd08163-54e4-4ec4-8701-8c0af1a135d2 retry_count=2 next_run_at=2026-07-09T08:39:04.393065+00:00 error=NoEnabledAccountsError: No enabled Onshape accounts are configured.
2026-07-09 11:39:07 ERROR    [onshape_export_manager.worker] Queued export failed id=ccd08163-54e4-4ec4-8701-8c0af1a135d2: NoEnabledAccountsError: No enabled Onshape accounts are configured.
Traceback (most recent call last):
  File "/Users/hrebis/Desktop/OnshapeExportTool/onshape_export_manager/core/worker.py", line 375, in _run_job
    export = await asyncio.wait_for(
             ^^^^^^^^^^^^^^^^^^^^^^^
    ...<2 lines>...
    )
    ^
  File "/opt/homebrew/Cellar/python@3.13/3.13.14/Frameworks/Python.framework/Versions/3.13/lib/python3.13/asyncio/tasks.py", line 507, in wait_for
    return await fut
           ^^^^^^^^^
  File "/Users/hrebis/Desktop/OnshapeExportTool/onshape_export_manager/core/export_engine.py", line 80, in run_manual_export
    lease = self.api_pool.lease(request.label.assigned_accounts)
  File "/Users/hrebis/Desktop/OnshapeExportTool/onshape_export_manager/core/api_pool.py", line 138, in lease
    raise NoEnabledAccountsError("No enabled Onshape accounts are configured.")
onshape_export_manager.core.api_pool.NoEnabledAccountsError: No enabled Onshape accounts are configured.
2026-07-09 11:39:07 WARNING  [onshape_export_manager.queue] Queue job scheduled for retry id=ccd08163-54e4-4ec4-8701-8c0af1a135d2 retry_count=3 next_run_at=2026-07-09T08:39:11.411778+00:00 error=NoEnabledAccountsError: No enabled Onshape accounts are configured.
2026-07-09 11:39:12 ERROR    [onshape_export_manager.worker] Queued export failed id=ccd08163-54e4-4ec4-8701-8c0af1a135d2: NoEnabledAccountsError: No enabled Onshape accounts are configured.
Traceback (most recent call last):
  File "/Users/hrebis/Desktop/OnshapeExportTool/onshape_export_manager/core/worker.py", line 375, in _run_job
    export = await asyncio.wait_for(
             ^^^^^^^^^^^^^^^^^^^^^^^
    ...<2 lines>...
    )
    ^
  File "/opt/homebrew/Cellar/python@3.13/3.13.14/Frameworks/Python.framework/Versions/3.13/lib/python3.13/asyncio/tasks.py", line 507, in wait_for
    return await fut
           ^^^^^^^^^
  File "/Users/hrebis/Desktop/OnshapeExportTool/onshape_export_manager/core/export_engine.py", line 80, in run_manual_export
    lease = self.api_pool.lease(request.label.assigned_accounts)
  File "/Users/hrebis/Desktop/OnshapeExportTool/onshape_export_manager/core/api_pool.py", line 138, in lease
    raise NoEnabledAccountsError("No enabled Onshape accounts are configured.")
onshape_export_manager.core.api_pool.NoEnabledAccountsError: No enabled Onshape accounts are configured.
2026-07-09 11:39:12 ERROR    [onshape_export_manager.queue] Queue job permanently failed id=ccd08163-54e4-4ec4-8701-8c0af1a135d2 error=NoEnabledAccountsError: No enabled Onshape accounts are configured.
2026-07-09 12:27:04 ERROR    [onshape_export_manager.worker] Queued export failed id=0e296bb9-7525-4e63-a4a3-3122290722e4: ValueError: unknown or disabled label 'A'
Traceback (most recent call last):
  File "/Users/hrebis/Desktop/OnshapeExportTool/onshape_export_manager/core/worker.py", line 372, in _run_job
    request = self._build_request(job)
  File "/Users/hrebis/Desktop/OnshapeExportTool/onshape_export_manager/core/worker.py", line 487, in _build_request
    raise ValueError(f"unknown or disabled label '{job.label_name}'")
ValueError: unknown or disabled label 'A'
2026-07-09 12:27:04 WARNING  [onshape_export_manager.queue] Queue job scheduled for retry id=0e296bb9-7525-4e63-a4a3-3122290722e4 retry_count=1 next_run_at=2026-07-09T09:27:05.201005+00:00 error=ValueError: unknown or disabled label 'A'
2026-07-09 12:27:04 ERROR    [onshape_export_manager.worker] Queued export failed id=c82cdad6-16f6-46aa-9142-bdffc38fd7df: ValueError: unknown or disabled label 'B'
Traceback (most recent call last):
  File "/Users/hrebis/Desktop/OnshapeExportTool/onshape_export_manager/core/worker.py", line 372, in _run_job
    request = self._build_request(job)
  File "/Users/hrebis/Desktop/OnshapeExportTool/onshape_export_manager/core/worker.py", line 487, in _build_request
    raise ValueError(f"unknown or disabled label '{job.label_name}'")
ValueError: unknown or disabled label 'B'
2026-07-09 12:27:04 WARNING  [onshape_export_manager.queue] Queue job scheduled for retry id=c82cdad6-16f6-46aa-9142-bdffc38fd7df retry_count=1 next_run_at=2026-07-09T09:27:05.210998+00:00 error=ValueError: unknown or disabled label 'B'
2026-07-09 12:27:08 ERROR    [onshape_export_manager.worker] Queued export failed id=0e296bb9-7525-4e63-a4a3-3122290722e4: ValueError: unknown or disabled label 'A'
Traceback (most recent call last):
  File "/Users/hrebis/Desktop/OnshapeExportTool/onshape_export_manager/core/worker.py", line 372, in _run_job
    request = self._build_request(job)
  File "/Users/hrebis/Desktop/OnshapeExportTool/onshape_export_manager/core/worker.py", line 487, in _build_request
    raise ValueError(f"unknown or disabled label '{job.label_name}'")
ValueError: unknown or disabled label 'A'
2026-07-09 12:27:08 ERROR    [onshape_export_manager.worker] Queued export failed id=c82cdad6-16f6-46aa-9142-bdffc38fd7df: ValueError: unknown or disabled label 'B'
Traceback (most recent call last):
  File "/Users/hrebis/Desktop/OnshapeExportTool/onshape_export_manager/core/worker.py", line 372, in _run_job
    request = self._build_request(job)
  File "/Users/hrebis/Desktop/OnshapeExportTool/onshape_export_manager/core/worker.py", line 487, in _build_request
    raise ValueError(f"unknown or disabled label '{job.label_name}'")
ValueError: unknown or disabled label 'B'
2026-07-09 12:27:08 WARNING  [onshape_export_manager.queue] Queue job scheduled for retry id=c82cdad6-16f6-46aa-9142-bdffc38fd7df retry_count=2 next_run_at=2026-07-09T09:27:10.054100+00:00 error=ValueError: unknown or disabled label 'B'
2026-07-09 12:27:08 WARNING  [onshape_export_manager.queue] Queue job scheduled for retry id=0e296bb9-7525-4e63-a4a3-3122290722e4 retry_count=2 next_run_at=2026-07-09T09:27:10.051040+00:00 error=ValueError: unknown or disabled label 'A'
2026-07-09 12:27:13 ERROR    [onshape_export_manager.worker] Queued export failed id=0e296bb9-7525-4e63-a4a3-3122290722e4: ValueError: unknown or disabled label 'A'
Traceback (most recent call last):
  File "/Users/hrebis/Desktop/OnshapeExportTool/onshape_export_manager/core/worker.py", line 372, in _run_job
    request = self._build_request(job)
  File "/Users/hrebis/Desktop/OnshapeExportTool/onshape_export_manager/core/worker.py", line 487, in _build_request
    raise ValueError(f"unknown or disabled label '{job.label_name}'")
ValueError: unknown or disabled label 'A'
2026-07-09 12:27:13 WARNING  [onshape_export_manager.queue] Queue job scheduled for retry id=0e296bb9-7525-4e63-a4a3-3122290722e4 retry_count=3 next_run_at=2026-07-09T09:27:17.074483+00:00 error=ValueError: unknown or disabled label 'A'
2026-07-09 12:27:13 ERROR    [onshape_export_manager.worker] Queued export failed id=c82cdad6-16f6-46aa-9142-bdffc38fd7df: ValueError: unknown or disabled label 'B'
Traceback (most recent call last):
  File "/Users/hrebis/Desktop/OnshapeExportTool/onshape_export_manager/core/worker.py", line 372, in _run_job
    request = self._build_request(job)
  File "/Users/hrebis/Desktop/OnshapeExportTool/onshape_export_manager/core/worker.py", line 487, in _build_request
    raise ValueError(f"unknown or disabled label '{job.label_name}'")
ValueError: unknown or disabled label 'B'
2026-07-09 12:27:13 WARNING  [onshape_export_manager.queue] Queue job scheduled for retry id=c82cdad6-16f6-46aa-9142-bdffc38fd7df retry_count=3 next_run_at=2026-07-09T09:27:17.080474+00:00 error=ValueError: unknown or disabled label 'B'
2026-07-09 12:27:23 ERROR    [onshape_export_manager.export] label=Electronics account=Primary profile=STL files_exported=0 failed_files=1 skipped_files=0 retries=1 duration_seconds=0.599
2026-07-09 12:27:23 WARNING  [onshape_export_manager.queue] Queue job scheduled for retry id=db67c8b3-c8e6-4188-9784-42a4b62fa34b retry_count=1 next_run_at=2026-07-09T09:27:24.487073+00:00 error=Onshape API error during fetch documents: HTTP 401 {"message":"Unauthenticated API request", "status":401}
2026-07-09 12:27:28 ERROR    [onshape_export_manager.export] label=Electronics account=Primary profile=STL files_exported=0 failed_files=1 skipped_files=0 retries=1 duration_seconds=0.489
2026-07-09 12:27:28 WARNING  [onshape_export_manager.queue] Queue job scheduled for retry id=db67c8b3-c8e6-4188-9784-42a4b62fa34b retry_count=2 next_run_at=2026-07-09T09:27:30.384084+00:00 error=Onshape API error during fetch documents: HTTP 401 {"message":"Unauthenticated API request", "status":401}
2026-07-09 12:27:33 ERROR    [onshape_export_manager.export] label=Electronics account=Primary profile=STL files_exported=0 failed_files=1 skipped_files=0 retries=1 duration_seconds=0.395
2026-07-09 12:27:33 WARNING  [onshape_export_manager.queue] Queue job scheduled for retry id=db67c8b3-c8e6-4188-9784-42a4b62fa34b retry_count=3 next_run_at=2026-07-09T09:27:37.303272+00:00 error=Onshape API error during fetch documents: HTTP 401 {"message":"Unauthenticated API request", "status":401}
2026-07-09 12:27:38 ERROR    [onshape_export_manager.export] label=Electronics account=Primary profile=STL files_exported=0 failed_files=1 skipped_files=0 retries=1 duration_seconds=0.428
2026-07-09 12:27:38 ERROR    [onshape_export_manager.queue] Queue job permanently failed id=db67c8b3-c8e6-4188-9784-42a4b62fa34b error=Onshape API error during fetch documents: HTTP 401 {"message":"Unauthenticated API request", "status":401}
2026-07-10 16:03:31 ERROR    [onshape_export_manager.worker] Queued export failed id=d4ed942c-c2da-4e96-8d2c-b09d958a1614: ValueError: unknown or disabled label 'A'
Traceback (most recent call last):
  File "/Users/hrebis/Desktop/OnshapeExportTool/onshape_export_manager/core/worker.py", line 372, in _run_job
    request = self._build_request(job)
  File "/Users/hrebis/Desktop/OnshapeExportTool/onshape_export_manager/core/worker.py", line 487, in _build_request
    raise ValueError(f"unknown or disabled label '{job.label_name}'")
ValueError: unknown or disabled label 'A'
2026-07-10 16:03:31 WARNING  [onshape_export_manager.queue] Queue job scheduled for retry id=d4ed942c-c2da-4e96-8d2c-b09d958a1614 retry_count=1 next_run_at=2026-07-10T13:03:32.943265+00:00 error=ValueError: unknown or disabled label 'A'
2026-07-10 16:03:31 ERROR    [onshape_export_manager.worker] Queued export failed id=ffedba18-e72f-4cc0-a93c-a9e7d39869a2: ValueError: unknown or disabled label 'B'
Traceback (most recent call last):
  File "/Users/hrebis/Desktop/OnshapeExportTool/onshape_export_manager/core/worker.py", line 372, in _run_job
    request = self._build_request(job)
  File "/Users/hrebis/Desktop/OnshapeExportTool/onshape_export_manager/core/worker.py", line 487, in _build_request
    raise ValueError(f"unknown or disabled label '{job.label_name}'")
ValueError: unknown or disabled label 'B'
2026-07-10 16:03:31 WARNING  [onshape_export_manager.queue] Queue job scheduled for retry id=ffedba18-e72f-4cc0-a93c-a9e7d39869a2 retry_count=1 next_run_at=2026-07-10T13:03:32.951240+00:00 error=ValueError: unknown or disabled label 'B'
2026-07-10 16:03:35 ERROR    [onshape_export_manager.worker] Queued export failed id=d4ed942c-c2da-4e96-8d2c-b09d958a1614: ValueError: unknown or disabled label 'A'
Traceback (most recent call last):
  File "/Users/hrebis/Desktop/OnshapeExportTool/onshape_export_manager/core/worker.py", line 372, in _run_job
    request = self._build_request(job)
  File "/Users/hrebis/Desktop/OnshapeExportTool/onshape_export_manager/core/worker.py", line 487, in _build_request
    raise ValueError(f"unknown or disabled label '{job.label_name}'")
ValueError: unknown or disabled label 'A'
2026-07-10 16:03:35 ERROR    [onshape_export_manager.worker] Queued export failed id=ffedba18-e72f-4cc0-a93c-a9e7d39869a2: ValueError: unknown or disabled label 'B'
Traceback (most recent call last):
  File "/Users/hrebis/Desktop/OnshapeExportTool/onshape_export_manager/core/worker.py", line 372, in _run_job
    request = self._build_request(job)
  File "/Users/hrebis/Desktop/OnshapeExportTool/onshape_export_manager/core/worker.py", line 487, in _build_request
    raise ValueError(f"unknown or disabled label '{job.label_name}'")
ValueError: unknown or disabled label 'B'
2026-07-10 16:03:35 WARNING  [onshape_export_manager.queue] Queue job scheduled for retry id=d4ed942c-c2da-4e96-8d2c-b09d958a1614 retry_count=2 next_run_at=2026-07-10T13:03:37.968309+00:00 error=ValueError: unknown or disabled label 'A'
2026-07-10 16:03:35 WARNING  [onshape_export_manager.queue] Queue job scheduled for retry id=ffedba18-e72f-4cc0-a93c-a9e7d39869a2 retry_count=2 next_run_at=2026-07-10T13:03:37.973251+00:00 error=ValueError: unknown or disabled label 'B'
2026-07-10 16:05:37 ERROR    [onshape_export_manager.worker] Queued export failed id=ca39d7cb-8ded-4584-ac8d-2b8529f3705c: ValueError: unknown or disabled label 'A'
Traceback (most recent call last):
  File "/Users/hrebis/Desktop/OnshapeExportTool/onshape_export_manager/core/worker.py", line 372, in _run_job
    request = self._build_request(job)
  File "/Users/hrebis/Desktop/OnshapeExportTool/onshape_export_manager/core/worker.py", line 487, in _build_request
    raise ValueError(f"unknown or disabled label '{job.label_name}'")
ValueError: unknown or disabled label 'A'
2026-07-10 16:05:37 WARNING  [onshape_export_manager.queue] Queue job scheduled for retry id=ca39d7cb-8ded-4584-ac8d-2b8529f3705c retry_count=1 next_run_at=2026-07-10T13:05:38.193608+00:00 error=ValueError: unknown or disabled label 'A'
2026-07-10 16:05:37 ERROR    [onshape_export_manager.worker] Queued export failed id=3bd94baf-66ba-4644-b838-5e8afe184606: ValueError: unknown or disabled label 'B'
Traceback (most recent call last):
  File "/Users/hrebis/Desktop/OnshapeExportTool/onshape_export_manager/core/worker.py", line 372, in _run_job
    request = self._build_request(job)
  File "/Users/hrebis/Desktop/OnshapeExportTool/onshape_export_manager/core/worker.py", line 487, in _build_request
    raise ValueError(f"unknown or disabled label '{job.label_name}'")
ValueError: unknown or disabled label 'B'
2026-07-10 16:05:37 WARNING  [onshape_export_manager.queue] Queue job scheduled for retry id=3bd94baf-66ba-4644-b838-5e8afe184606 retry_count=1 next_run_at=2026-07-10T13:05:38.203265+00:00 error=ValueError: unknown or disabled label 'B'
2026-07-10 16:05:41 ERROR    [onshape_export_manager.worker] Queued export failed id=ca39d7cb-8ded-4584-ac8d-2b8529f3705c: ValueError: unknown or disabled label 'A'
Traceback (most recent call last):
  File "/Users/hrebis/Desktop/OnshapeExportTool/onshape_export_manager/core/worker.py", line 372, in _run_job
    request = self._build_request(job)
  File "/Users/hrebis/Desktop/OnshapeExportTool/onshape_export_manager/core/worker.py", line 487, in _build_request
    raise ValueError(f"unknown or disabled label '{job.label_name}'")
ValueError: unknown or disabled label 'A'
2026-07-10 16:05:41 WARNING  [onshape_export_manager.queue] Queue job scheduled for retry id=ca39d7cb-8ded-4584-ac8d-2b8529f3705c retry_count=2 next_run_at=2026-07-10T13:05:43.173237+00:00 error=ValueError: unknown or disabled label 'A'
2026-07-10 16:05:41 ERROR    [onshape_export_manager.worker] Queued export failed id=3bd94baf-66ba-4644-b838-5e8afe184606: ValueError: unknown or disabled label 'B'
Traceback (most recent call last):
  File "/Users/hrebis/Desktop/OnshapeExportTool/onshape_export_manager/core/worker.py", line 372, in _run_job
    request = self._build_request(job)
  File "/Users/hrebis/Desktop/OnshapeExportTool/onshape_export_manager/core/worker.py", line 487, in _build_request
    raise ValueError(f"unknown or disabled label '{job.label_name}'")
ValueError: unknown or disabled label 'B'
2026-07-10 16:05:41 WARNING  [onshape_export_manager.queue] Queue job scheduled for retry id=3bd94baf-66ba-4644-b838-5e8afe184606 retry_count=2 next_run_at=2026-07-10T13:05:43.180201+00:00 error=ValueError: unknown or disabled label 'B'
2026-07-10 16:05:46 ERROR    [onshape_export_manager.worker] Queued export failed id=ca39d7cb-8ded-4584-ac8d-2b8529f3705c: ValueError: unknown or disabled label 'A'
Traceback (most recent call last):
  File "/Users/hrebis/Desktop/OnshapeExportTool/onshape_export_manager/core/worker.py", line 372, in _run_job
    request = self._build_request(job)
  File "/Users/hrebis/Desktop/OnshapeExportTool/onshape_export_manager/core/worker.py", line 487, in _build_request
    raise ValueError(f"unknown or disabled label '{job.label_name}'")
ValueError: unknown or disabled label 'A'
2026-07-10 16:05:46 ERROR    [onshape_export_manager.worker] Queued export failed id=3bd94baf-66ba-4644-b838-5e8afe184606: ValueError: unknown or disabled label 'B'
Traceback (most recent call last):
  File "/Users/hrebis/Desktop/OnshapeExportTool/onshape_export_manager/core/worker.py", line 372, in _run_job
    request = self._build_request(job)
  File "/Users/hrebis/Desktop/OnshapeExportTool/onshape_export_manager/core/worker.py", line 487, in _build_request
    raise ValueError(f"unknown or disabled label '{job.label_name}'")
ValueError: unknown or disabled label 'B'
2026-07-10 16:05:46 WARNING  [onshape_export_manager.queue] Queue job scheduled for retry id=ca39d7cb-8ded-4584-ac8d-2b8529f3705c retry_count=3 next_run_at=2026-07-10T13:05:50.187021+00:00 error=ValueError: unknown or disabled label 'A'
2026-07-10 16:05:46 WARNING  [onshape_export_manager.queue] Queue job scheduled for retry id=3bd94baf-66ba-4644-b838-5e8afe184606 retry_count=3 next_run_at=2026-07-10T13:05:50.190287+00:00 error=ValueError: unknown or disabled label 'B'
2026-07-10 16:05:51 ERROR    [onshape_export_manager.worker] Queued export failed id=3bd94baf-66ba-4644-b838-5e8afe184606: ValueError: unknown or disabled label 'B'
Traceback (most recent call last):
  File "/Users/hrebis/Desktop/OnshapeExportTool/onshape_export_manager/core/worker.py", line 372, in _run_job
    request = self._build_request(job)
  File "/Users/hrebis/Desktop/OnshapeExportTool/onshape_export_manager/core/worker.py", line 487, in _build_request
    raise ValueError(f"unknown or disabled label '{job.label_name}'")
ValueError: unknown or disabled label 'B'
2026-07-10 16:05:51 ERROR    [onshape_export_manager.worker] Queued export failed id=ca39d7cb-8ded-4584-ac8d-2b8529f3705c: ValueError: unknown or disabled label 'A'
Traceback (most recent call last):
  File "/Users/hrebis/Desktop/OnshapeExportTool/onshape_export_manager/core/worker.py", line 372, in _run_job
    request = self._build_request(job)
  File "/Users/hrebis/Desktop/OnshapeExportTool/onshape_export_manager/core/worker.py", line 487, in _build_request
    raise ValueError(f"unknown or disabled label '{job.label_name}'")
ValueError: unknown or disabled label 'A'
2026-07-10 16:05:51 ERROR    [onshape_export_manager.queue] Queue job permanently failed id=ca39d7cb-8ded-4584-ac8d-2b8529f3705c error=ValueError: unknown or disabled label 'A'
2026-07-10 16:05:51 ERROR    [onshape_export_manager.queue] Queue job permanently failed id=3bd94baf-66ba-4644-b838-5e8afe184606 error=ValueError: unknown or disabled label 'B'
2026-07-10 16:06:11 ERROR    [onshape_export_manager.worker] Queued export failed id=7155b783-bd9d-476c-9508-8930f6733152: ValueError: unknown or disabled label 'B'
Traceback (most recent call last):
  File "/Users/hrebis/Desktop/OnshapeExportTool/onshape_export_manager/core/worker.py", line 372, in _run_job
    request = self._build_request(job)
  File "/Users/hrebis/Desktop/OnshapeExportTool/onshape_export_manager/core/worker.py", line 487, in _build_request
    raise ValueError(f"unknown or disabled label '{job.label_name}'")
ValueError: unknown or disabled label 'B'
2026-07-10 16:06:11 ERROR    [onshape_export_manager.worker] Queued export failed id=55dd68b4-5e42-4edc-9543-f46350afb6ba: ValueError: unknown or disabled label 'A'
Traceback (most recent call last):
  File "/Users/hrebis/Desktop/OnshapeExportTool/onshape_export_manager/core/worker.py", line 372, in _run_job
    request = self._build_request(job)
  File "/Users/hrebis/Desktop/OnshapeExportTool/onshape_export_manager/core/worker.py", line 487, in _build_request
    raise ValueError(f"unknown or disabled label '{job.label_name}'")
ValueError: unknown or disabled label 'A'
2026-07-10 16:06:11 WARNING  [onshape_export_manager.queue] Queue job scheduled for retry id=55dd68b4-5e42-4edc-9543-f46350afb6ba retry_count=1 next_run_at=2026-07-10T13:06:12.249607+00:00 error=ValueError: unknown or disabled label 'A'
2026-07-10 16:06:11 WARNING  [onshape_export_manager.queue] Queue job scheduled for retry id=7155b783-bd9d-476c-9508-8930f6733152 retry_count=1 next_run_at=2026-07-10T13:06:12.249717+00:00 error=ValueError: unknown or disabled label 'B'
2026-07-10 16:06:12 ERROR    [onshape_export_manager.worker] Queued export failed id=55dd68b4-5e42-4edc-9543-f46350afb6ba: ValueError: unknown or disabled label 'A'
Traceback (most recent call last):
  File "/Users/hrebis/Desktop/OnshapeExportTool/onshape_export_manager/core/worker.py", line 372, in _run_job
    request = self._build_request(job)
  File "/Users/hrebis/Desktop/OnshapeExportTool/onshape_export_manager/core/worker.py", line 487, in _build_request
    raise ValueError(f"unknown or disabled label '{job.label_name}'")
ValueError: unknown or disabled label 'A'
2026-07-10 16:06:12 WARNING  [onshape_export_manager.queue] Queue job scheduled for retry id=55dd68b4-5e42-4edc-9543-f46350afb6ba retry_count=2 next_run_at=2026-07-10T13:06:14.272793+00:00 error=ValueError: unknown or disabled label 'A'
2026-07-10 16:06:12 ERROR    [onshape_export_manager.worker] Queued export failed id=7155b783-bd9d-476c-9508-8930f6733152: ValueError: unknown or disabled label 'B'
Traceback (most recent call last):
  File "/Users/hrebis/Desktop/OnshapeExportTool/onshape_export_manager/core/worker.py", line 372, in _run_job
    request = self._build_request(job)
  File "/Users/hrebis/Desktop/OnshapeExportTool/onshape_export_manager/core/worker.py", line 487, in _build_request
    raise ValueError(f"unknown or disabled label '{job.label_name}'")
ValueError: unknown or disabled label 'B'
2026-07-10 16:06:12 WARNING  [onshape_export_manager.queue] Queue job scheduled for retry id=7155b783-bd9d-476c-9508-8930f6733152 retry_count=2 next_run_at=2026-07-10T13:06:14.280338+00:00 error=ValueError: unknown or disabled label 'B'
2026-07-10 16:06:16 ERROR    [onshape_export_manager.worker] Queued export failed id=55dd68b4-5e42-4edc-9543-f46350afb6ba: ValueError: unknown or disabled label 'A'
Traceback (most recent call last):
  File "/Users/hrebis/Desktop/OnshapeExportTool/onshape_export_manager/core/worker.py", line 372, in _run_job
    request = self._build_request(job)
  File "/Users/hrebis/Desktop/OnshapeExportTool/onshape_export_manager/core/worker.py", line 487, in _build_request
    raise ValueError(f"unknown or disabled label '{job.label_name}'")
ValueError: unknown or disabled label 'A'
2026-07-10 16:06:16 ERROR    [onshape_export_manager.worker] Queued export failed id=7155b783-bd9d-476c-9508-8930f6733152: ValueError: unknown or disabled label 'B'
Traceback (most recent call last):
  File "/Users/hrebis/Desktop/OnshapeExportTool/onshape_export_manager/core/worker.py", line 372, in _run_job
    request = self._build_request(job)
  File "/Users/hrebis/Desktop/OnshapeExportTool/onshape_export_manager/core/worker.py", line 487, in _build_request
    raise ValueError(f"unknown or disabled label '{job.label_name}'")
ValueError: unknown or disabled label 'B'
2026-07-10 16:06:16 WARNING  [onshape_export_manager.queue] Queue job scheduled for retry id=55dd68b4-5e42-4edc-9543-f46350afb6ba retry_count=3 next_run_at=2026-07-10T13:06:20.261838+00:00 error=ValueError: unknown or disabled label 'A'
2026-07-10 16:06:16 WARNING  [onshape_export_manager.queue] Queue job scheduled for retry id=7155b783-bd9d-476c-9508-8930f6733152 retry_count=3 next_run_at=2026-07-10T13:06:20.263196+00:00 error=ValueError: unknown or disabled label 'B'
2026-07-10 16:06:21 ERROR    [onshape_export_manager.worker] Queued export failed id=55dd68b4-5e42-4edc-9543-f46350afb6ba: ValueError: unknown or disabled label 'A'
Traceback (most recent call last):
  File "/Users/hrebis/Desktop/OnshapeExportTool/onshape_export_manager/core/worker.py", line 372, in _run_job
    request = self._build_request(job)
  File "/Users/hrebis/Desktop/OnshapeExportTool/onshape_export_manager/core/worker.py", line 487, in _build_request
    raise ValueError(f"unknown or disabled label '{job.label_name}'")
ValueError: unknown or disabled label 'A'
2026-07-10 16:06:21 ERROR    [onshape_export_manager.worker] Queued export failed id=7155b783-bd9d-476c-9508-8930f6733152: ValueError: unknown or disabled label 'B'
Traceback (most recent call last):
  File "/Users/hrebis/Desktop/OnshapeExportTool/onshape_export_manager/core/worker.py", line 372, in _run_job
    request = self._build_request(job)
  File "/Users/hrebis/Desktop/OnshapeExportTool/onshape_export_manager/core/worker.py", line 487, in _build_request
    raise ValueError(f"unknown or disabled label '{job.label_name}'")
ValueError: unknown or disabled label 'B'
2026-07-10 16:06:21 ERROR    [onshape_export_manager.queue] Queue job permanently failed id=55dd68b4-5e42-4edc-9543-f46350afb6ba error=ValueError: unknown or disabled label 'A'
2026-07-10 16:06:21 ERROR    [onshape_export_manager.queue] Queue job permanently failed id=7155b783-bd9d-476c-9508-8930f6733152 error=ValueError: unknown or disabled label 'B'
2026-07-10 16:11:43 ERROR    [onshape_export_manager.worker] Queued export failed id=a44852f5-3be8-4dc2-8277-2b2b94c9516c: ValueError: unknown or disabled label 'A'
Traceback (most recent call last):
  File "/Users/hrebis/Desktop/OnshapeExportTool/onshape_export_manager/core/worker.py", line 372, in _run_job
    request = self._build_request(job)
  File "/Users/hrebis/Desktop/OnshapeExportTool/onshape_export_manager/core/worker.py", line 487, in _build_request
    raise ValueError(f"unknown or disabled label '{job.label_name}'")
ValueError: unknown or disabled label 'A'
2026-07-10 16:11:44 ERROR    [onshape_export_manager.worker] Queued export failed id=a539d744-443f-488b-b4f7-939138d26aed: ValueError: unknown or disabled label 'B'
Traceback (most recent call last):
  File "/Users/hrebis/Desktop/OnshapeExportTool/onshape_export_manager/core/worker.py", line 372, in _run_job
    request = self._build_request(job)
  File "/Users/hrebis/Desktop/OnshapeExportTool/onshape_export_manager/core/worker.py", line 487, in _build_request
    raise ValueError(f"unknown or disabled label '{job.label_name}'")
ValueError: unknown or disabled label 'B'
2026-07-10 16:11:44 WARNING  [onshape_export_manager.queue] Queue job scheduled for retry id=a539d744-443f-488b-b4f7-939138d26aed retry_count=1 next_run_at=2026-07-10T13:11:45.002410+00:00 error=ValueError: unknown or disabled label 'B'
2026-07-10 16:11:44 WARNING  [onshape_export_manager.queue] Queue job scheduled for retry id=a44852f5-3be8-4dc2-8277-2b2b94c9516c retry_count=1 next_run_at=2026-07-10T13:11:45.002791+00:00 error=ValueError: unknown or disabled label 'A'
2026-07-10 16:11:49 ERROR    [onshape_export_manager.worker] Queued export failed id=a44852f5-3be8-4dc2-8277-2b2b94c9516c: ValueError: unknown or disabled label 'A'
Traceback (most recent call last):
  File "/Users/hrebis/Desktop/OnshapeExportTool/onshape_export_manager/core/worker.py", line 372, in _run_job
    request = self._build_request(job)
  File "/Users/hrebis/Desktop/OnshapeExportTool/onshape_export_manager/core/worker.py", line 487, in _build_request
    raise ValueError(f"unknown or disabled label '{job.label_name}'")
ValueError: unknown or disabled label 'A'
2026-07-10 16:11:49 WARNING  [onshape_export_manager.queue] Queue job scheduled for retry id=a44852f5-3be8-4dc2-8277-2b2b94c9516c retry_count=2 next_run_at=2026-07-10T13:11:51.002683+00:00 error=ValueError: unknown or disabled label 'A'
2026-07-10 16:11:49 ERROR    [onshape_export_manager.worker] Queued export failed id=a539d744-443f-488b-b4f7-939138d26aed: ValueError: unknown or disabled label 'B'
Traceback (most recent call last):
  File "/Users/hrebis/Desktop/OnshapeExportTool/onshape_export_manager/core/worker.py", line 372, in _run_job
    request = self._build_request(job)
  File "/Users/hrebis/Desktop/OnshapeExportTool/onshape_export_manager/core/worker.py", line 487, in _build_request
    raise ValueError(f"unknown or disabled label '{job.label_name}'")
ValueError: unknown or disabled label 'B'
2026-07-10 16:11:49 WARNING  [onshape_export_manager.queue] Queue job scheduled for retry id=a539d744-443f-488b-b4f7-939138d26aed retry_count=2 next_run_at=2026-07-10T13:11:51.008240+00:00 error=ValueError: unknown or disabled label 'B'
2026-07-10 16:11:54 ERROR    [onshape_export_manager.worker] Queued export failed id=a44852f5-3be8-4dc2-8277-2b2b94c9516c: ValueError: unknown or disabled label 'A'
Traceback (most recent call last):
  File "/Users/hrebis/Desktop/OnshapeExportTool/onshape_export_manager/core/worker.py", line 372, in _run_job
    request = self._build_request(job)
  File "/Users/hrebis/Desktop/OnshapeExportTool/onshape_export_manager/core/worker.py", line 487, in _build_request
    raise ValueError(f"unknown or disabled label '{job.label_name}'")
ValueError: unknown or disabled label 'A'
2026-07-10 16:11:54 ERROR    [onshape_export_manager.worker] Queued export failed id=a539d744-443f-488b-b4f7-939138d26aed: ValueError: unknown or disabled label 'B'
Traceback (most recent call last):
  File "/Users/hrebis/Desktop/OnshapeExportTool/onshape_export_manager/core/worker.py", line 372, in _run_job
    request = self._build_request(job)
  File "/Users/hrebis/Desktop/OnshapeExportTool/onshape_export_manager/core/worker.py", line 487, in _build_request
    raise ValueError(f"unknown or disabled label '{job.label_name}'")
ValueError: unknown or disabled label 'B'
2026-07-10 16:11:54 WARNING  [onshape_export_manager.queue] Queue job scheduled for retry id=a44852f5-3be8-4dc2-8277-2b2b94c9516c retry_count=3 next_run_at=2026-07-10T13:11:58.204715+00:00 error=ValueError: unknown or disabled label 'A'
2026-07-10 16:11:54 WARNING  [onshape_export_manager.queue] Queue job scheduled for retry id=a539d744-443f-488b-b4f7-939138d26aed retry_count=3 next_run_at=2026-07-10T13:11:58.205738+00:00 error=ValueError: unknown or disabled label 'B'
2026-07-10 16:11:59 ERROR    [onshape_export_manager.worker] Queued export failed id=a539d744-443f-488b-b4f7-939138d26aed: ValueError: unknown or disabled label 'B'
Traceback (most recent call last):
  File "/Users/hrebis/Desktop/OnshapeExportTool/onshape_export_manager/core/worker.py", line 372, in _run_job
    request = self._build_request(job)
  File "/Users/hrebis/Desktop/OnshapeExportTool/onshape_export_manager/core/worker.py", line 487, in _build_request
    raise ValueError(f"unknown or disabled label '{job.label_name}'")
ValueError: unknown or disabled label 'B'
2026-07-10 16:11:59 ERROR    [onshape_export_manager.worker] Queued export failed id=a44852f5-3be8-4dc2-8277-2b2b94c9516c: ValueError: unknown or disabled label 'A'
Traceback (most recent call last):
  File "/Users/hrebis/Desktop/OnshapeExportTool/onshape_export_manager/core/worker.py", line 372, in _run_job
    request = self._build_request(job)
  File "/Users/hrebis/Desktop/OnshapeExportTool/onshape_export_manager/core/worker.py", line 487, in _build_request
    raise ValueError(f"unknown or disabled label '{job.label_name}'")
ValueError: unknown or disabled label 'A'
2026-07-10 16:11:59 ERROR    [onshape_export_manager.queue] Queue job permanently failed id=a44852f5-3be8-4dc2-8277-2b2b94c9516c error=ValueError: unknown or disabled label 'A'
2026-07-10 16:11:59 ERROR    [onshape_export_manager.queue] Queue job permanently failed id=a539d744-443f-488b-b4f7-939138d26aed error=ValueError: unknown or disabled label 'B'
2026-07-10 16:18:39 ERROR    [onshape_export_manager.worker] Queued export failed id=975c6ea1-6451-4115-aca0-3dbe0f86dc06: ValueError: unknown or disabled label 'A'
Traceback (most recent call last):
  File "/Users/hrebis/Desktop/OnshapeExportTool/onshape_export_manager/core/worker.py", line 372, in _run_job
    request = self._build_request(job)
  File "/Users/hrebis/Desktop/OnshapeExportTool/onshape_export_manager/core/worker.py", line 487, in _build_request
    raise ValueError(f"unknown or disabled label '{job.label_name}'")
ValueError: unknown or disabled label 'A'
2026-07-10 16:18:39 ERROR    [onshape_export_manager.worker] Queued export failed id=9614df73-1eea-4e68-a64f-3bf164fd0dfa: ValueError: unknown or disabled label 'B'
Traceback (most recent call last):
  File "/Users/hrebis/Desktop/OnshapeExportTool/onshape_export_manager/core/worker.py", line 372, in _run_job
    request = self._build_request(job)
  File "/Users/hrebis/Desktop/OnshapeExportTool/onshape_export_manager/core/worker.py", line 487, in _build_request
    raise ValueError(f"unknown or disabled label '{job.label_name}'")
ValueError: unknown or disabled label 'B'
2026-07-10 16:18:39 WARNING  [onshape_export_manager.queue] Queue job scheduled for retry id=975c6ea1-6451-4115-aca0-3dbe0f86dc06 retry_count=1 next_run_at=2026-07-10T13:18:40.915208+00:00 error=ValueError: unknown or disabled label 'A'
2026-07-10 16:18:39 WARNING  [onshape_export_manager.queue] Queue job scheduled for retry id=9614df73-1eea-4e68-a64f-3bf164fd0dfa retry_count=1 next_run_at=2026-07-10T13:18:40.915716+00:00 error=ValueError: unknown or disabled label 'B'
2026-07-10 16:18:44 ERROR    [onshape_export_manager.worker] Queued export failed id=975c6ea1-6451-4115-aca0-3dbe0f86dc06: ValueError: unknown or disabled label 'A'
Traceback (most recent call last):
  File "/Users/hrebis/Desktop/OnshapeExportTool/onshape_export_manager/core/worker.py", line 372, in _run_job
    request = self._build_request(job)
  File "/Users/hrebis/Desktop/OnshapeExportTool/onshape_export_manager/core/worker.py", line 487, in _build_request
    raise ValueError(f"unknown or disabled label '{job.label_name}'")
ValueError: unknown or disabled label 'A'
2026-07-10 16:18:44 WARNING  [onshape_export_manager.queue] Queue job scheduled for retry id=975c6ea1-6451-4115-aca0-3dbe0f86dc06 retry_count=2 next_run_at=2026-07-10T13:18:46.916442+00:00 error=ValueError: unknown or disabled label 'A'
2026-07-10 16:18:44 ERROR    [onshape_export_manager.worker] Queued export failed id=9614df73-1eea-4e68-a64f-3bf164fd0dfa: ValueError: unknown or disabled label 'B'
Traceback (most recent call last):
  File "/Users/hrebis/Desktop/OnshapeExportTool/onshape_export_manager/core/worker.py", line 372, in _run_job
    request = self._build_request(job)
  File "/Users/hrebis/Desktop/OnshapeExportTool/onshape_export_manager/core/worker.py", line 487, in _build_request
    raise ValueError(f"unknown or disabled label '{job.label_name}'")
ValueError: unknown or disabled label 'B'
2026-07-10 16:18:44 WARNING  [onshape_export_manager.queue] Queue job scheduled for retry id=9614df73-1eea-4e68-a64f-3bf164fd0dfa retry_count=2 next_run_at=2026-07-10T13:18:46.927327+00:00 error=ValueError: unknown or disabled label 'B'
2026-07-10 16:18:49 ERROR    [onshape_export_manager.worker] Queued export failed id=975c6ea1-6451-4115-aca0-3dbe0f86dc06: ValueError: unknown or disabled label 'A'
Traceback (most recent call last):
  File "/Users/hrebis/Desktop/OnshapeExportTool/onshape_export_manager/core/worker.py", line 372, in _run_job
    request = self._build_request(job)
  File "/Users/hrebis/Desktop/OnshapeExportTool/onshape_export_manager/core/worker.py", line 487, in _build_request
    raise ValueError(f"unknown or disabled label '{job.label_name}'")
ValueError: unknown or disabled label 'A'
2026-07-10 16:18:49 WARNING  [onshape_export_manager.queue] Queue job scheduled for retry id=975c6ea1-6451-4115-aca0-3dbe0f86dc06 retry_count=3 next_run_at=2026-07-10T13:18:53.940866+00:00 error=ValueError: unknown or disabled label 'A'
2026-07-10 16:18:49 ERROR    [onshape_export_manager.worker] Queued export failed id=9614df73-1eea-4e68-a64f-3bf164fd0dfa: ValueError: unknown or disabled label 'B'
Traceback (most recent call last):
  File "/Users/hrebis/Desktop/OnshapeExportTool/onshape_export_manager/core/worker.py", line 372, in _run_job
    request = self._build_request(job)
  File "/Users/hrebis/Desktop/OnshapeExportTool/onshape_export_manager/core/worker.py", line 487, in _build_request
    raise ValueError(f"unknown or disabled label '{job.label_name}'")
ValueError: unknown or disabled label 'B'
2026-07-10 16:18:49 WARNING  [onshape_export_manager.queue] Queue job scheduled for retry id=9614df73-1eea-4e68-a64f-3bf164fd0dfa retry_count=3 next_run_at=2026-07-10T13:18:53.944366+00:00 error=ValueError: unknown or disabled label 'B'
2026-07-10 16:18:54 ERROR    [onshape_export_manager.worker] Queued export failed id=975c6ea1-6451-4115-aca0-3dbe0f86dc06: ValueError: unknown or disabled label 'A'
Traceback (most recent call last):
  File "/Users/hrebis/Desktop/OnshapeExportTool/onshape_export_manager/core/worker.py", line 372, in _run_job
    request = self._build_request(job)
  File "/Users/hrebis/Desktop/OnshapeExportTool/onshape_export_manager/core/worker.py", line 487, in _build_request
    raise ValueError(f"unknown or disabled label '{job.label_name}'")
ValueError: unknown or disabled label 'A'
2026-07-10 16:18:54 ERROR    [onshape_export_manager.worker] Queued export failed id=9614df73-1eea-4e68-a64f-3bf164fd0dfa: ValueError: unknown or disabled label 'B'
Traceback (most recent call last):
  File "/Users/hrebis/Desktop/OnshapeExportTool/onshape_export_manager/core/worker.py", line 372, in _run_job
    request = self._build_request(job)
  File "/Users/hrebis/Desktop/OnshapeExportTool/onshape_export_manager/core/worker.py", line 487, in _build_request
    raise ValueError(f"unknown or disabled label '{job.label_name}'")
ValueError: unknown or disabled label 'B'
2026-07-10 16:18:54 ERROR    [onshape_export_manager.queue] Queue job permanently failed id=975c6ea1-6451-4115-aca0-3dbe0f86dc06 error=ValueError: unknown or disabled label 'A'
2026-07-10 16:18:54 ERROR    [onshape_export_manager.queue] Queue job permanently failed id=9614df73-1eea-4e68-a64f-3bf164fd0dfa error=ValueError: unknown or disabled label 'B'
2026-07-10 16:19:30 ERROR    [onshape_export_manager.worker] Queued export failed id=efefd003-6eae-45ca-91d6-8962f09c0270: ValueError: unknown or disabled label 'A'
Traceback (most recent call last):
  File "/Users/hrebis/Desktop/OnshapeExportTool/onshape_export_manager/core/worker.py", line 372, in _run_job
    request = self._build_request(job)
  File "/Users/hrebis/Desktop/OnshapeExportTool/onshape_export_manager/core/worker.py", line 487, in _build_request
    raise ValueError(f"unknown or disabled label '{job.label_name}'")
ValueError: unknown or disabled label 'A'
2026-07-10 16:19:30 ERROR    [onshape_export_manager.worker] Queued export failed id=e039f94d-afad-49a0-97a2-9d56d2635203: ValueError: unknown or disabled label 'B'
Traceback (most recent call last):
  File "/Users/hrebis/Desktop/OnshapeExportTool/onshape_export_manager/core/worker.py", line 372, in _run_job
    request = self._build_request(job)
  File "/Users/hrebis/Desktop/OnshapeExportTool/onshape_export_manager/core/worker.py", line 487, in _build_request
    raise ValueError(f"unknown or disabled label '{job.label_name}'")
ValueError: unknown or disabled label 'B'
2026-07-10 16:19:30 WARNING  [onshape_export_manager.queue] Queue job scheduled for retry id=efefd003-6eae-45ca-91d6-8962f09c0270 retry_count=1 next_run_at=2026-07-10T13:19:31.039333+00:00 error=ValueError: unknown or disabled label 'A'
2026-07-10 16:19:30 WARNING  [onshape_export_manager.queue] Queue job scheduled for retry id=e039f94d-afad-49a0-97a2-9d56d2635203 retry_count=1 next_run_at=2026-07-10T13:19:31.040130+00:00 error=ValueError: unknown or disabled label 'B'
2026-07-10 16:19:35 ERROR    [onshape_export_manager.worker] Queued export failed id=efefd003-6eae-45ca-91d6-8962f09c0270: ValueError: unknown or disabled label 'A'
Traceback (most recent call last):
  File "/Users/hrebis/Desktop/OnshapeExportTool/onshape_export_manager/core/worker.py", line 372, in _run_job
    request = self._build_request(job)
  File "/Users/hrebis/Desktop/OnshapeExportTool/onshape_export_manager/core/worker.py", line 487, in _build_request
    raise ValueError(f"unknown or disabled label '{job.label_name}'")
ValueError: unknown or disabled label 'A'
2026-07-10 16:19:35 ERROR    [onshape_export_manager.worker] Queued export failed id=e039f94d-afad-49a0-97a2-9d56d2635203: ValueError: unknown or disabled label 'B'
Traceback (most recent call last):
  File "/Users/hrebis/Desktop/OnshapeExportTool/onshape_export_manager/core/worker.py", line 372, in _run_job
    request = self._build_request(job)
  File "/Users/hrebis/Desktop/OnshapeExportTool/onshape_export_manager/core/worker.py", line 487, in _build_request
    raise ValueError(f"unknown or disabled label '{job.label_name}'")
ValueError: unknown or disabled label 'B'
2026-07-10 16:19:35 WARNING  [onshape_export_manager.queue] Queue job scheduled for retry id=e039f94d-afad-49a0-97a2-9d56d2635203 retry_count=2 next_run_at=2026-07-10T13:19:37.050492+00:00 error=ValueError: unknown or disabled label 'B'
2026-07-10 16:19:35 WARNING  [onshape_export_manager.queue] Queue job scheduled for retry id=efefd003-6eae-45ca-91d6-8962f09c0270 retry_count=2 next_run_at=2026-07-10T13:19:37.051262+00:00 error=ValueError: unknown or disabled label 'A'
2026-07-10 16:19:40 ERROR    [onshape_export_manager.worker] Queued export failed id=e039f94d-afad-49a0-97a2-9d56d2635203: ValueError: unknown or disabled label 'B'
Traceback (most recent call last):
  File "/Users/hrebis/Desktop/OnshapeExportTool/onshape_export_manager/core/worker.py", line 372, in _run_job
    request = self._build_request(job)
  File "/Users/hrebis/Desktop/OnshapeExportTool/onshape_export_manager/core/worker.py", line 487, in _build_request
    raise ValueError(f"unknown or disabled label '{job.label_name}'")
ValueError: unknown or disabled label 'B'
2026-07-10 16:19:40 ERROR    [onshape_export_manager.worker] Queued export failed id=efefd003-6eae-45ca-91d6-8962f09c0270: ValueError: unknown or disabled label 'A'
Traceback (most recent call last):
  File "/Users/hrebis/Desktop/OnshapeExportTool/onshape_export_manager/core/worker.py", line 372, in _run_job
    request = self._build_request(job)
  File "/Users/hrebis/Desktop/OnshapeExportTool/onshape_export_manager/core/worker.py", line 487, in _build_request
    raise ValueError(f"unknown or disabled label '{job.label_name}'")
ValueError: unknown or disabled label 'A'
2026-07-10 16:19:40 WARNING  [onshape_export_manager.queue] Queue job scheduled for retry id=e039f94d-afad-49a0-97a2-9d56d2635203 retry_count=3 next_run_at=2026-07-10T13:19:44.082491+00:00 error=ValueError: unknown or disabled label 'B'
2026-07-10 16:19:40 WARNING  [onshape_export_manager.queue] Queue job scheduled for retry id=efefd003-6eae-45ca-91d6-8962f09c0270 retry_count=3 next_run_at=2026-07-10T13:19:44.083039+00:00 error=ValueError: unknown or disabled label 'A'
2026-07-10 16:19:45 ERROR    [onshape_export_manager.worker] Queued export failed id=efefd003-6eae-45ca-91d6-8962f09c0270: ValueError: unknown or disabled label 'A'
Traceback (most recent call last):
  File "/Users/hrebis/Desktop/OnshapeExportTool/onshape_export_manager/core/worker.py", line 372, in _run_job
    request = self._build_request(job)
  File "/Users/hrebis/Desktop/OnshapeExportTool/onshape_export_manager/core/worker.py", line 487, in _build_request
    raise ValueError(f"unknown or disabled label '{job.label_name}'")
ValueError: unknown or disabled label 'A'
2026-07-10 16:19:45 ERROR    [onshape_export_manager.queue] Queue job permanently failed id=efefd003-6eae-45ca-91d6-8962f09c0270 error=ValueError: unknown or disabled label 'A'
2026-07-10 16:19:45 ERROR    [onshape_export_manager.worker] Queued export failed id=e039f94d-afad-49a0-97a2-9d56d2635203: ValueError: unknown or disabled label 'B'
Traceback (most recent call last):
  File "/Users/hrebis/Desktop/OnshapeExportTool/onshape_export_manager/core/worker.py", line 372, in _run_job
    request = self._build_request(job)
  File "/Users/hrebis/Desktop/OnshapeExportTool/onshape_export_manager/core/worker.py", line 487, in _build_request
    raise ValueError(f"unknown or disabled label '{job.label_name}'")
ValueError: unknown or disabled label 'B'
2026-07-10 16:19:45 ERROR    [onshape_export_manager.queue] Queue job permanently failed id=e039f94d-afad-49a0-97a2-9d56d2635203 error=ValueError: unknown or disabled label 'B'
2026-07-10 16:47:02 ERROR    [onshape_export_manager.worker] Queued export failed id=58e09409-311d-44d2-905a-a3bcfb94adcc: ValidationError: 2 validation errors for ExportProfilesConfig
profiles.2.formats.0
  Input should be 'stl', 'step', 'parasolid', 'obj', 'iges', 'dxf', 'pdf' or 'custom' [type=enum, input_value='3mf', input_type=str]
    For further information visit https://errors.pydantic.dev/2.13/v/enum
profiles.4.formats.2
  Input should be 'stl', 'step', 'parasolid', 'obj', 'iges', 'dxf', 'pdf' or 'custom' [type=enum, input_value='3mf', input_type=str]
    For further information visit https://errors.pydantic.dev/2.13/v/enum
Traceback (most recent call last):
  File "/Users/hrebis/Desktop/OnshapeExportTool/onshape_export_manager/core/worker.py", line 372, in _run_job
    request = self._build_request(job)
  File "/Users/hrebis/Desktop/OnshapeExportTool/onshape_export_manager/core/worker.py", line 479, in _build_request
    config = self._load_config()
  File "/Users/hrebis/Desktop/OnshapeExportTool/onshape_export_manager/core/worker.py", line 460, in _load_config
    config = self.application.config_manager.load()
  File "/Users/hrebis/Desktop/OnshapeExportTool/onshape_export_manager/core/configuration.py", line 396, in load
    export_profiles=ExportProfilesConfig.model_validate(
                    ~~~~~~~~~~~~~~~~~~~~~~~~~~~~~~~~~~~^
        read_json(self.export_profiles_file)
        ^^^^^^^^^^^^^^^^^^^^^^^^^^^^^^^^^^^^
    ),
    ^
  File "/Users/hrebis/Desktop/OnshapeExportTool/.venv/lib/python3.13/site-packages/pydantic/main.py", line 732, in model_validate
    return cls.__pydantic_validator__.validate_python(
           ~~~~~~~~~~~~~~~~~~~~~~~~~~~~~~~~~~~~~~~~~~^
        obj,
        ^^^^
    ...<5 lines>...
        by_name=by_name,
        ^^^^^^^^^^^^^^^^
    )
    ^
pydantic_core._pydantic_core.ValidationError: 2 validation errors for ExportProfilesConfig
profiles.2.formats.0
  Input should be 'stl', 'step', 'parasolid', 'obj', 'iges', 'dxf', 'pdf' or 'custom' [type=enum, input_value='3mf', input_type=str]
    For further information visit https://errors.pydantic.dev/2.13/v/enum
profiles.4.formats.2
  Input should be 'stl', 'step', 'parasolid', 'obj', 'iges', 'dxf', 'pdf' or 'custom' [type=enum, input_value='3mf', input_type=str]
    For further information visit https://errors.pydantic.dev/2.13/v/enum
2026-07-10 16:47:02 WARNING  [onshape_export_manager.queue] Queue job scheduled for retry id=58e09409-311d-44d2-905a-a3bcfb94adcc retry_count=1 next_run_at=2026-07-10T13:47:03.006627+00:00 error=ValidationError: 2 validation errors for ExportProfilesConfig
profiles.2.formats.0
  Input should be 'stl', 'step', 'parasolid', 'obj', 'iges', 'dxf', 'pdf' or 'custom' [type=enum, input_value='3mf', input_type=str]
    For further information visit https://errors.pydantic.dev/2.13/v/enum
profiles.4.formats.2
  Input should be 'stl', 'step', 'parasolid', 'obj', 'iges', 'dxf', 'pdf' or 'custom' [type=enum, input_value='3mf', input_type=str]
    For further information visit https://errors.pydanti
2026-07-10 16:47:02 ERROR    [onshape_export_manager.worker] Queued export failed id=aa0082b7-0af0-4a74-be0b-1a0a0fdfe994: ValidationError: 2 validation errors for ExportProfilesConfig
profiles.2.formats.0
  Input should be 'stl', 'step', 'parasolid', 'obj', 'iges', 'dxf', 'pdf' or 'custom' [type=enum, input_value='3mf', input_type=str]
    For further information visit https://errors.pydantic.dev/2.13/v/enum
profiles.4.formats.2
  Input should be 'stl', 'step', 'parasolid', 'obj', 'iges', 'dxf', 'pdf' or 'custom' [type=enum, input_value='3mf', input_type=str]
    For further information visit https://errors.pydantic.dev/2.13/v/enum
Traceback (most recent call last):
  File "/Users/hrebis/Desktop/OnshapeExportTool/onshape_export_manager/core/worker.py", line 372, in _run_job
    request = self._build_request(job)
  File "/Users/hrebis/Desktop/OnshapeExportTool/onshape_export_manager/core/worker.py", line 479, in _build_request
    config = self._load_config()
  File "/Users/hrebis/Desktop/OnshapeExportTool/onshape_export_manager/core/worker.py", line 460, in _load_config
    config = self.application.config_manager.load()
  File "/Users/hrebis/Desktop/OnshapeExportTool/onshape_export_manager/core/configuration.py", line 396, in load
    export_profiles=ExportProfilesConfig.model_validate(
                    ~~~~~~~~~~~~~~~~~~~~~~~~~~~~~~~~~~~^
        read_json(self.export_profiles_file)
        ^^^^^^^^^^^^^^^^^^^^^^^^^^^^^^^^^^^^
    ),
    ^
  File "/Users/hrebis/Desktop/OnshapeExportTool/.venv/lib/python3.13/site-packages/pydantic/main.py", line 732, in model_validate
    return cls.__pydantic_validator__.validate_python(
           ~~~~~~~~~~~~~~~~~~~~~~~~~~~~~~~~~~~~~~~~~~^
        obj,
        ^^^^
    ...<5 lines>...
        by_name=by_name,
        ^^^^^^^^^^^^^^^^
    )
    ^
pydantic_core._pydantic_core.ValidationError: 2 validation errors for ExportProfilesConfig
profiles.2.formats.0
  Input should be 'stl', 'step', 'parasolid', 'obj', 'iges', 'dxf', 'pdf' or 'custom' [type=enum, input_value='3mf', input_type=str]
    For further information visit https://errors.pydantic.dev/2.13/v/enum
profiles.4.formats.2
  Input should be 'stl', 'step', 'parasolid', 'obj', 'iges', 'dxf', 'pdf' or 'custom' [type=enum, input_value='3mf', input_type=str]
    For further information visit https://errors.pydantic.dev/2.13/v/enum
2026-07-10 16:47:02 WARNING  [onshape_export_manager.queue] Queue job scheduled for retry id=aa0082b7-0af0-4a74-be0b-1a0a0fdfe994 retry_count=1 next_run_at=2026-07-10T13:47:03.016041+00:00 error=ValidationError: 2 validation errors for ExportProfilesConfig
profiles.2.formats.0
  Input should be 'stl', 'step', 'parasolid', 'obj', 'iges', 'dxf', 'pdf' or 'custom' [type=enum, input_value='3mf', input_type=str]
    For further information visit https://errors.pydantic.dev/2.13/v/enum
profiles.4.formats.2
  Input should be 'stl', 'step', 'parasolid', 'obj', 'iges', 'dxf', 'pdf' or 'custom' [type=enum, input_value='3mf', input_type=str]
    For further information visit https://errors.pydanti
2026-07-10 16:47:05 ERROR    [onshape_export_manager.worker] Queued export failed id=58e09409-311d-44d2-905a-a3bcfb94adcc: ValidationError: 2 validation errors for ExportProfilesConfig
profiles.2.formats.0
  Input should be 'stl', 'step', 'parasolid', 'obj', 'iges', 'dxf', 'pdf' or 'custom' [type=enum, input_value='3mf', input_type=str]
    For further information visit https://errors.pydantic.dev/2.13/v/enum
profiles.4.formats.2
  Input should be 'stl', 'step', 'parasolid', 'obj', 'iges', 'dxf', 'pdf' or 'custom' [type=enum, input_value='3mf', input_type=str]
    For further information visit https://errors.pydantic.dev/2.13/v/enum
Traceback (most recent call last):
  File "/Users/hrebis/Desktop/OnshapeExportTool/onshape_export_manager/core/worker.py", line 372, in _run_job
    request = self._build_request(job)
  File "/Users/hrebis/Desktop/OnshapeExportTool/onshape_export_manager/core/worker.py", line 479, in _build_request
    config = self._load_config()
  File "/Users/hrebis/Desktop/OnshapeExportTool/onshape_export_manager/core/worker.py", line 460, in _load_config
    config = self.application.config_manager.load()
  File "/Users/hrebis/Desktop/OnshapeExportTool/onshape_export_manager/core/configuration.py", line 396, in load
    export_profiles=ExportProfilesConfig.model_validate(
                    ~~~~~~~~~~~~~~~~~~~~~~~~~~~~~~~~~~~^
        read_json(self.export_profiles_file)
        ^^^^^^^^^^^^^^^^^^^^^^^^^^^^^^^^^^^^
    ),
    ^
  File "/Users/hrebis/Desktop/OnshapeExportTool/.venv/lib/python3.13/site-packages/pydantic/main.py", line 732, in model_validate
    return cls.__pydantic_validator__.validate_python(
           ~~~~~~~~~~~~~~~~~~~~~~~~~~~~~~~~~~~~~~~~~~^
        obj,
        ^^^^
    ...<5 lines>...
        by_name=by_name,
        ^^^^^^^^^^^^^^^^
    )
    ^
pydantic_core._pydantic_core.ValidationError: 2 validation errors for ExportProfilesConfig
profiles.2.formats.0
  Input should be 'stl', 'step', 'parasolid', 'obj', 'iges', 'dxf', 'pdf' or 'custom' [type=enum, input_value='3mf', input_type=str]
    For further information visit https://errors.pydantic.dev/2.13/v/enum
profiles.4.formats.2
  Input should be 'stl', 'step', 'parasolid', 'obj', 'iges', 'dxf', 'pdf' or 'custom' [type=enum, input_value='3mf', input_type=str]
    For further information visit https://errors.pydantic.dev/2.13/v/enum
2026-07-10 16:47:05 WARNING  [onshape_export_manager.queue] Queue job scheduled for retry id=58e09409-311d-44d2-905a-a3bcfb94adcc retry_count=2 next_run_at=2026-07-10T13:47:07.105851+00:00 error=ValidationError: 2 validation errors for ExportProfilesConfig
profiles.2.formats.0
  Input should be 'stl', 'step', 'parasolid', 'obj', 'iges', 'dxf', 'pdf' or 'custom' [type=enum, input_value='3mf', input_type=str]
    For further information visit https://errors.pydantic.dev/2.13/v/enum
profiles.4.formats.2
  Input should be 'stl', 'step', 'parasolid', 'obj', 'iges', 'dxf', 'pdf' or 'custom' [type=enum, input_value='3mf', input_type=str]
    For further information visit https://errors.pydanti
2026-07-10 16:47:05 ERROR    [onshape_export_manager.worker] Queued export failed id=aa0082b7-0af0-4a74-be0b-1a0a0fdfe994: ValidationError: 2 validation errors for ExportProfilesConfig
profiles.2.formats.0
  Input should be 'stl', 'step', 'parasolid', 'obj', 'iges', 'dxf', 'pdf' or 'custom' [type=enum, input_value='3mf', input_type=str]
    For further information visit https://errors.pydantic.dev/2.13/v/enum
profiles.4.formats.2
  Input should be 'stl', 'step', 'parasolid', 'obj', 'iges', 'dxf', 'pdf' or 'custom' [type=enum, input_value='3mf', input_type=str]
    For further information visit https://errors.pydantic.dev/2.13/v/enum
Traceback (most recent call last):
  File "/Users/hrebis/Desktop/OnshapeExportTool/onshape_export_manager/core/worker.py", line 372, in _run_job
    request = self._build_request(job)
  File "/Users/hrebis/Desktop/OnshapeExportTool/onshape_export_manager/core/worker.py", line 479, in _build_request
    config = self._load_config()
  File "/Users/hrebis/Desktop/OnshapeExportTool/onshape_export_manager/core/worker.py", line 460, in _load_config
    config = self.application.config_manager.load()
  File "/Users/hrebis/Desktop/OnshapeExportTool/onshape_export_manager/core/configuration.py", line 396, in load
    export_profiles=ExportProfilesConfig.model_validate(
                    ~~~~~~~~~~~~~~~~~~~~~~~~~~~~~~~~~~~^
        read_json(self.export_profiles_file)
        ^^^^^^^^^^^^^^^^^^^^^^^^^^^^^^^^^^^^
    ),
    ^
  File "/Users/hrebis/Desktop/OnshapeExportTool/.venv/lib/python3.13/site-packages/pydantic/main.py", line 732, in model_validate
    return cls.__pydantic_validator__.validate_python(
           ~~~~~~~~~~~~~~~~~~~~~~~~~~~~~~~~~~~~~~~~~~^
        obj,
        ^^^^
    ...<5 lines>...
        by_name=by_name,
        ^^^^^^^^^^^^^^^^
    )
    ^
pydantic_core._pydantic_core.ValidationError: 2 validation errors for ExportProfilesConfig
profiles.2.formats.0
  Input should be 'stl', 'step', 'parasolid', 'obj', 'iges', 'dxf', 'pdf' or 'custom' [type=enum, input_value='3mf', input_type=str]
    For further information visit https://errors.pydantic.dev/2.13/v/enum
profiles.4.formats.2
  Input should be 'stl', 'step', 'parasolid', 'obj', 'iges', 'dxf', 'pdf' or 'custom' [type=enum, input_value='3mf', input_type=str]
    For further information visit https://errors.pydantic.dev/2.13/v/enum
2026-07-10 16:47:05 WARNING  [onshape_export_manager.queue] Queue job scheduled for retry id=aa0082b7-0af0-4a74-be0b-1a0a0fdfe994 retry_count=2 next_run_at=2026-07-10T13:47:07.113359+00:00 error=ValidationError: 2 validation errors for ExportProfilesConfig
profiles.2.formats.0
  Input should be 'stl', 'step', 'parasolid', 'obj', 'iges', 'dxf', 'pdf' or 'custom' [type=enum, input_value='3mf', input_type=str]
    For further information visit https://errors.pydantic.dev/2.13/v/enum
profiles.4.formats.2
  Input should be 'stl', 'step', 'parasolid', 'obj', 'iges', 'dxf', 'pdf' or 'custom' [type=enum, input_value='3mf', input_type=str]
    For further information visit https://errors.pydanti
2026-07-10 16:47:07 ERROR    [onshape_export_manager.worker] Queued export failed id=58e09409-311d-44d2-905a-a3bcfb94adcc: ValidationError: 2 validation errors for ExportProfilesConfig
profiles.2.formats.0
  Input should be 'stl', 'step', 'parasolid', 'obj', 'iges', 'dxf', 'pdf' or 'custom' [type=enum, input_value='3mf', input_type=str]
    For further information visit https://errors.pydantic.dev/2.13/v/enum
profiles.4.formats.2
  Input should be 'stl', 'step', 'parasolid', 'obj', 'iges', 'dxf', 'pdf' or 'custom' [type=enum, input_value='3mf', input_type=str]
    For further information visit https://errors.pydantic.dev/2.13/v/enum
Traceback (most recent call last):
  File "/Users/hrebis/Desktop/OnshapeExportTool/onshape_export_manager/core/worker.py", line 372, in _run_job
    request = self._build_request(job)
  File "/Users/hrebis/Desktop/OnshapeExportTool/onshape_export_manager/core/worker.py", line 479, in _build_request
    config = self._load_config()
  File "/Users/hrebis/Desktop/OnshapeExportTool/onshape_export_manager/core/worker.py", line 460, in _load_config
    config = self.application.config_manager.load()
  File "/Users/hrebis/Desktop/OnshapeExportTool/onshape_export_manager/core/configuration.py", line 396, in load
    export_profiles=ExportProfilesConfig.model_validate(
                    ~~~~~~~~~~~~~~~~~~~~~~~~~~~~~~~~~~~^
        read_json(self.export_profiles_file)
        ^^^^^^^^^^^^^^^^^^^^^^^^^^^^^^^^^^^^
    ),
    ^
  File "/Users/hrebis/Desktop/OnshapeExportTool/.venv/lib/python3.13/site-packages/pydantic/main.py", line 732, in model_validate
    return cls.__pydantic_validator__.validate_python(
           ~~~~~~~~~~~~~~~~~~~~~~~~~~~~~~~~~~~~~~~~~~^
        obj,
        ^^^^
    ...<5 lines>...
        by_name=by_name,
        ^^^^^^^^^^^^^^^^
    )
    ^
pydantic_core._pydantic_core.ValidationError: 2 validation errors for ExportProfilesConfig
profiles.2.formats.0
  Input should be 'stl', 'step', 'parasolid', 'obj', 'iges', 'dxf', 'pdf' or 'custom' [type=enum, input_value='3mf', input_type=str]
    For further information visit https://errors.pydantic.dev/2.13/v/enum
profiles.4.formats.2
  Input should be 'stl', 'step', 'parasolid', 'obj', 'iges', 'dxf', 'pdf' or 'custom' [type=enum, input_value='3mf', input_type=str]
    For further information visit https://errors.pydantic.dev/2.13/v/enum
2026-07-10 16:47:07 WARNING  [onshape_export_manager.queue] Queue job scheduled for retry id=58e09409-311d-44d2-905a-a3bcfb94adcc retry_count=3 next_run_at=2026-07-10T13:47:11.657702+00:00 error=ValidationError: 2 validation errors for ExportProfilesConfig
profiles.2.formats.0
  Input should be 'stl', 'step', 'parasolid', 'obj', 'iges', 'dxf', 'pdf' or 'custom' [type=enum, input_value='3mf', input_type=str]
    For further information visit https://errors.pydantic.dev/2.13/v/enum
profiles.4.formats.2
  Input should be 'stl', 'step', 'parasolid', 'obj', 'iges', 'dxf', 'pdf' or 'custom' [type=enum, input_value='3mf', input_type=str]
    For further information visit https://errors.pydanti
2026-07-10 16:47:07 ERROR    [onshape_export_manager.worker] Queued export failed id=aa0082b7-0af0-4a74-be0b-1a0a0fdfe994: ValidationError: 2 validation errors for ExportProfilesConfig
profiles.2.formats.0
  Input should be 'stl', 'step', 'parasolid', 'obj', 'iges', 'dxf', 'pdf' or 'custom' [type=enum, input_value='3mf', input_type=str]
    For further information visit https://errors.pydantic.dev/2.13/v/enum
profiles.4.formats.2
  Input should be 'stl', 'step', 'parasolid', 'obj', 'iges', 'dxf', 'pdf' or 'custom' [type=enum, input_value='3mf', input_type=str]
    For further information visit https://errors.pydantic.dev/2.13/v/enum
Traceback (most recent call last):
  File "/Users/hrebis/Desktop/OnshapeExportTool/onshape_export_manager/core/worker.py", line 372, in _run_job
    request = self._build_request(job)
  File "/Users/hrebis/Desktop/OnshapeExportTool/onshape_export_manager/core/worker.py", line 479, in _build_request
    config = self._load_config()
  File "/Users/hrebis/Desktop/OnshapeExportTool/onshape_export_manager/core/worker.py", line 460, in _load_config
    config = self.application.config_manager.load()
  File "/Users/hrebis/Desktop/OnshapeExportTool/onshape_export_manager/core/configuration.py", line 396, in load
    export_profiles=ExportProfilesConfig.model_validate(
                    ~~~~~~~~~~~~~~~~~~~~~~~~~~~~~~~~~~~^
        read_json(self.export_profiles_file)
        ^^^^^^^^^^^^^^^^^^^^^^^^^^^^^^^^^^^^
    ),
    ^
  File "/Users/hrebis/Desktop/OnshapeExportTool/.venv/lib/python3.13/site-packages/pydantic/main.py", line 732, in model_validate
    return cls.__pydantic_validator__.validate_python(
           ~~~~~~~~~~~~~~~~~~~~~~~~~~~~~~~~~~~~~~~~~~^
        obj,
        ^^^^
    ...<5 lines>...
        by_name=by_name,
        ^^^^^^^^^^^^^^^^
    )
    ^
pydantic_core._pydantic_core.ValidationError: 2 validation errors for ExportProfilesConfig
profiles.2.formats.0
  Input should be 'stl', 'step', 'parasolid', 'obj', 'iges', 'dxf', 'pdf' or 'custom' [type=enum, input_value='3mf', input_type=str]
    For further information visit https://errors.pydantic.dev/2.13/v/enum
profiles.4.formats.2
  Input should be 'stl', 'step', 'parasolid', 'obj', 'iges', 'dxf', 'pdf' or 'custom' [type=enum, input_value='3mf', input_type=str]
    For further information visit https://errors.pydantic.dev/2.13/v/enum
2026-07-10 16:47:07 WARNING  [onshape_export_manager.queue] Queue job scheduled for retry id=aa0082b7-0af0-4a74-be0b-1a0a0fdfe994 retry_count=3 next_run_at=2026-07-10T13:47:11.672341+00:00 error=ValidationError: 2 validation errors for ExportProfilesConfig
profiles.2.formats.0
  Input should be 'stl', 'step', 'parasolid', 'obj', 'iges', 'dxf', 'pdf' or 'custom' [type=enum, input_value='3mf', input_type=str]
    For further information visit https://errors.pydantic.dev/2.13/v/enum
profiles.4.formats.2
  Input should be 'stl', 'step', 'parasolid', 'obj', 'iges', 'dxf', 'pdf' or 'custom' [type=enum, input_value='3mf', input_type=str]
    For further information visit https://errors.pydanti
2026-07-10 16:47:12 ERROR    [onshape_export_manager.worker] Queued export failed id=58e09409-311d-44d2-905a-a3bcfb94adcc: ValidationError: 2 validation errors for ExportProfilesConfig
profiles.2.formats.0
  Input should be 'stl', 'step', 'parasolid', 'obj', 'iges', 'dxf', 'pdf' or 'custom' [type=enum, input_value='3mf', input_type=str]
    For further information visit https://errors.pydantic.dev/2.13/v/enum
profiles.4.formats.2
  Input should be 'stl', 'step', 'parasolid', 'obj', 'iges', 'dxf', 'pdf' or 'custom' [type=enum, input_value='3mf', input_type=str]
    For further information visit https://errors.pydantic.dev/2.13/v/enum
Traceback (most recent call last):
  File "/Users/hrebis/Desktop/OnshapeExportTool/onshape_export_manager/core/worker.py", line 372, in _run_job
    request = self._build_request(job)
  File "/Users/hrebis/Desktop/OnshapeExportTool/onshape_export_manager/core/worker.py", line 479, in _build_request
    config = self._load_config()
  File "/Users/hrebis/Desktop/OnshapeExportTool/onshape_export_manager/core/worker.py", line 460, in _load_config
    config = self.application.config_manager.load()
  File "/Users/hrebis/Desktop/OnshapeExportTool/onshape_export_manager/core/configuration.py", line 396, in load
    export_profiles=ExportProfilesConfig.model_validate(
                    ~~~~~~~~~~~~~~~~~~~~~~~~~~~~~~~~~~~^
        read_json(self.export_profiles_file)
        ^^^^^^^^^^^^^^^^^^^^^^^^^^^^^^^^^^^^
    ),
    ^
  File "/Users/hrebis/Desktop/OnshapeExportTool/.venv/lib/python3.13/site-packages/pydantic/main.py", line 732, in model_validate
    return cls.__pydantic_validator__.validate_python(
           ~~~~~~~~~~~~~~~~~~~~~~~~~~~~~~~~~~~~~~~~~~^
        obj,
        ^^^^
    ...<5 lines>...
        by_name=by_name,
        ^^^^^^^^^^^^^^^^
    )
    ^
pydantic_core._pydantic_core.ValidationError: 2 validation errors for ExportProfilesConfig
profiles.2.formats.0
  Input should be 'stl', 'step', 'parasolid', 'obj', 'iges', 'dxf', 'pdf' or 'custom' [type=enum, input_value='3mf', input_type=str]
    For further information visit https://errors.pydantic.dev/2.13/v/enum
profiles.4.formats.2
  Input should be 'stl', 'step', 'parasolid', 'obj', 'iges', 'dxf', 'pdf' or 'custom' [type=enum, input_value='3mf', input_type=str]
    For further information visit https://errors.pydantic.dev/2.13/v/enum
2026-07-10 16:47:12 ERROR    [onshape_export_manager.queue] Queue job permanently failed id=58e09409-311d-44d2-905a-a3bcfb94adcc error=ValidationError: 2 validation errors for ExportProfilesConfig
profiles.2.formats.0
  Input should be 'stl', 'step', 'parasolid', 'obj', 'iges', 'dxf', 'pdf' or 'custom' [type=enum, input_value='3mf', input_type=str]
    For further information visit https://errors.pydantic.dev/2.13/v/enum
profiles.4.formats.2
  Input should be 'stl', 'step', 'parasolid', 'obj', 'iges', 'dxf', 'pdf' or 'custom' [type=enum, input_value='3mf', input_type=str]
    For further information visit https://errors.pydanti
2026-07-10 16:47:12 ERROR    [onshape_export_manager.worker] Queued export failed id=aa0082b7-0af0-4a74-be0b-1a0a0fdfe994: ValidationError: 2 validation errors for ExportProfilesConfig
profiles.2.formats.0
  Input should be 'stl', 'step', 'parasolid', 'obj', 'iges', 'dxf', 'pdf' or 'custom' [type=enum, input_value='3mf', input_type=str]
    For further information visit https://errors.pydantic.dev/2.13/v/enum
profiles.4.formats.2
  Input should be 'stl', 'step', 'parasolid', 'obj', 'iges', 'dxf', 'pdf' or 'custom' [type=enum, input_value='3mf', input_type=str]
    For further information visit https://errors.pydantic.dev/2.13/v/enum
Traceback (most recent call last):
  File "/Users/hrebis/Desktop/OnshapeExportTool/onshape_export_manager/core/worker.py", line 372, in _run_job
    request = self._build_request(job)
  File "/Users/hrebis/Desktop/OnshapeExportTool/onshape_export_manager/core/worker.py", line 479, in _build_request
    config = self._load_config()
  File "/Users/hrebis/Desktop/OnshapeExportTool/onshape_export_manager/core/worker.py", line 460, in _load_config
    config = self.application.config_manager.load()
  File "/Users/hrebis/Desktop/OnshapeExportTool/onshape_export_manager/core/configuration.py", line 396, in load
    export_profiles=ExportProfilesConfig.model_validate(
                    ~~~~~~~~~~~~~~~~~~~~~~~~~~~~~~~~~~~^
        read_json(self.export_profiles_file)
        ^^^^^^^^^^^^^^^^^^^^^^^^^^^^^^^^^^^^
    ),
    ^
  File "/Users/hrebis/Desktop/OnshapeExportTool/.venv/lib/python3.13/site-packages/pydantic/main.py", line 732, in model_validate
    return cls.__pydantic_validator__.validate_python(
           ~~~~~~~~~~~~~~~~~~~~~~~~~~~~~~~~~~~~~~~~~~^
        obj,
        ^^^^
    ...<5 lines>...
        by_name=by_name,
        ^^^^^^^^^^^^^^^^
    )
    ^
pydantic_core._pydantic_core.ValidationError: 2 validation errors for ExportProfilesConfig
profiles.2.formats.0
  Input should be 'stl', 'step', 'parasolid', 'obj', 'iges', 'dxf', 'pdf' or 'custom' [type=enum, input_value='3mf', input_type=str]
    For further information visit https://errors.pydantic.dev/2.13/v/enum
profiles.4.formats.2
  Input should be 'stl', 'step', 'parasolid', 'obj', 'iges', 'dxf', 'pdf' or 'custom' [type=enum, input_value='3mf', input_type=str]
    For further information visit https://errors.pydantic.dev/2.13/v/enum
2026-07-10 16:47:12 ERROR    [onshape_export_manager.queue] Queue job permanently failed id=aa0082b7-0af0-4a74-be0b-1a0a0fdfe994 error=ValidationError: 2 validation errors for ExportProfilesConfig
profiles.2.formats.0
  Input should be 'stl', 'step', 'parasolid', 'obj', 'iges', 'dxf', 'pdf' or 'custom' [type=enum, input_value='3mf', input_type=str]
    For further information visit https://errors.pydantic.dev/2.13/v/enum
profiles.4.formats.2
  Input should be 'stl', 'step', 'parasolid', 'obj', 'iges', 'dxf', 'pdf' or 'custom' [type=enum, input_value='3mf', input_type=str]
    For further information visit https://errors.pydanti
2026-07-10 17:20:23 ERROR    [onshape_export_manager.worker] Queued export failed id=048b3dc5-58ab-48df-b911-ecd3df102b0c: ValueError: unknown or disabled label 'B'
Traceback (most recent call last):
  File "/Users/hrebis/Desktop/OnshapeExportTool/onshape_export_manager/core/worker.py", line 372, in _run_job
    request = self._build_request(job)
  File "/Users/hrebis/Desktop/OnshapeExportTool/onshape_export_manager/core/worker.py", line 487, in _build_request
    raise ValueError(f"unknown or disabled label '{job.label_name}'")
ValueError: unknown or disabled label 'B'
2026-07-10 17:20:23 ERROR    [onshape_export_manager.worker] Queued export failed id=dac143ae-4101-4a39-a5c6-b6877d0867b7: ValueError: unknown or disabled label 'A'
Traceback (most recent call last):
  File "/Users/hrebis/Desktop/OnshapeExportTool/onshape_export_manager/core/worker.py", line 372, in _run_job
    request = self._build_request(job)
  File "/Users/hrebis/Desktop/OnshapeExportTool/onshape_export_manager/core/worker.py", line 487, in _build_request
    raise ValueError(f"unknown or disabled label '{job.label_name}'")
ValueError: unknown or disabled label 'A'
2026-07-10 17:20:23 ERROR    [onshape_export_manager.worker] Queued export failed id=ddc02e02-eeac-4561-862b-ed809ab006a3: ValueError: unknown or disabled label 'B'
Traceback (most recent call last):
  File "/Users/hrebis/Desktop/OnshapeExportTool/onshape_export_manager/core/worker.py", line 372, in _run_job
    request = self._build_request(job)
  File "/Users/hrebis/Desktop/OnshapeExportTool/onshape_export_manager/core/worker.py", line 487, in _build_request
    raise ValueError(f"unknown or disabled label '{job.label_name}'")
ValueError: unknown or disabled label 'B'
2026-07-10 17:20:23 ERROR    [onshape_export_manager.worker] Queued export failed id=fc1f05b3-7334-454c-95d8-09ee956919d1: ValueError: unknown or disabled label 'A'
Traceback (most recent call last):
  File "/Users/hrebis/Desktop/OnshapeExportTool/onshape_export_manager/core/worker.py", line 372, in _run_job
    request = self._build_request(job)
  File "/Users/hrebis/Desktop/OnshapeExportTool/onshape_export_manager/core/worker.py", line 487, in _build_request
    raise ValueError(f"unknown or disabled label '{job.label_name}'")
ValueError: unknown or disabled label 'A'
2026-07-10 17:20:23 WARNING  [onshape_export_manager.queue] Queue job scheduled for retry id=ddc02e02-eeac-4561-862b-ed809ab006a3 retry_count=1 next_run_at=2026-07-10T14:20:24.399362+00:00 error=ValueError: unknown or disabled label 'B'
2026-07-10 17:20:23 WARNING  [onshape_export_manager.queue] Queue job scheduled for retry id=dac143ae-4101-4a39-a5c6-b6877d0867b7 retry_count=1 next_run_at=2026-07-10T14:20:24.398962+00:00 error=ValueError: unknown or disabled label 'A'
2026-07-10 17:20:23 WARNING  [onshape_export_manager.queue] Queue job scheduled for retry id=fc1f05b3-7334-454c-95d8-09ee956919d1 retry_count=1 next_run_at=2026-07-10T14:20:24.401109+00:00 error=ValueError: unknown or disabled label 'A'
2026-07-10 17:20:23 WARNING  [onshape_export_manager.queue] Queue job scheduled for retry id=048b3dc5-58ab-48df-b911-ecd3df102b0c retry_count=1 next_run_at=2026-07-10T14:20:24.399752+00:00 error=ValueError: unknown or disabled label 'B'
2026-07-10 17:20:28 ERROR    [onshape_export_manager.worker] Queued export failed id=dac143ae-4101-4a39-a5c6-b6877d0867b7: ValueError: unknown or disabled label 'A'
Traceback (most recent call last):
  File "/Users/hrebis/Desktop/OnshapeExportTool/onshape_export_manager/core/worker.py", line 372, in _run_job
    request = self._build_request(job)
  File "/Users/hrebis/Desktop/OnshapeExportTool/onshape_export_manager/core/worker.py", line 487, in _build_request
    raise ValueError(f"unknown or disabled label '{job.label_name}'")
ValueError: unknown or disabled label 'A'
2026-07-10 17:20:28 ERROR    [onshape_export_manager.worker] Queued export failed id=048b3dc5-58ab-48df-b911-ecd3df102b0c: ValueError: unknown or disabled label 'B'
Traceback (most recent call last):
  File "/Users/hrebis/Desktop/OnshapeExportTool/onshape_export_manager/core/worker.py", line 372, in _run_job
    request = self._build_request(job)
  File "/Users/hrebis/Desktop/OnshapeExportTool/onshape_export_manager/core/worker.py", line 487, in _build_request
    raise ValueError(f"unknown or disabled label '{job.label_name}'")
ValueError: unknown or disabled label 'B'
2026-07-10 17:20:28 WARNING  [onshape_export_manager.queue] Queue job scheduled for retry id=dac143ae-4101-4a39-a5c6-b6877d0867b7 retry_count=2 next_run_at=2026-07-10T14:20:30.432056+00:00 error=ValueError: unknown or disabled label 'A'
2026-07-10 17:20:28 WARNING  [onshape_export_manager.queue] Queue job scheduled for retry id=048b3dc5-58ab-48df-b911-ecd3df102b0c retry_count=2 next_run_at=2026-07-10T14:20:30.432136+00:00 error=ValueError: unknown or disabled label 'B'
2026-07-10 17:20:28 ERROR    [onshape_export_manager.worker] Queued export failed id=ddc02e02-eeac-4561-862b-ed809ab006a3: ValueError: unknown or disabled label 'B'
Traceback (most recent call last):
  File "/Users/hrebis/Desktop/OnshapeExportTool/onshape_export_manager/core/worker.py", line 372, in _run_job
    request = self._build_request(job)
  File "/Users/hrebis/Desktop/OnshapeExportTool/onshape_export_manager/core/worker.py", line 487, in _build_request
    raise ValueError(f"unknown or disabled label '{job.label_name}'")
ValueError: unknown or disabled label 'B'
2026-07-10 17:20:28 ERROR    [onshape_export_manager.worker] Queued export failed id=fc1f05b3-7334-454c-95d8-09ee956919d1: ValueError: unknown or disabled label 'A'
Traceback (most recent call last):
  File "/Users/hrebis/Desktop/OnshapeExportTool/onshape_export_manager/core/worker.py", line 372, in _run_job
    request = self._build_request(job)
  File "/Users/hrebis/Desktop/OnshapeExportTool/onshape_export_manager/core/worker.py", line 487, in _build_request
    raise ValueError(f"unknown or disabled label '{job.label_name}'")
ValueError: unknown or disabled label 'A'
2026-07-10 17:20:28 WARNING  [onshape_export_manager.queue] Queue job scheduled for retry id=ddc02e02-eeac-4561-862b-ed809ab006a3 retry_count=2 next_run_at=2026-07-10T14:20:30.446268+00:00 error=ValueError: unknown or disabled label 'B'
2026-07-10 17:20:28 WARNING  [onshape_export_manager.queue] Queue job scheduled for retry id=fc1f05b3-7334-454c-95d8-09ee956919d1 retry_count=2 next_run_at=2026-07-10T14:20:30.449308+00:00 error=ValueError: unknown or disabled label 'A'
2026-07-10 17:20:33 ERROR    [onshape_export_manager.worker] Queued export failed id=dac143ae-4101-4a39-a5c6-b6877d0867b7: ValueError: unknown or disabled label 'A'
Traceback (most recent call last):
  File "/Users/hrebis/Desktop/OnshapeExportTool/onshape_export_manager/core/worker.py", line 372, in _run_job
    request = self._build_request(job)
  File "/Users/hrebis/Desktop/OnshapeExportTool/onshape_export_manager/core/worker.py", line 487, in _build_request
    raise ValueError(f"unknown or disabled label '{job.label_name}'")
ValueError: unknown or disabled label 'A'
2026-07-10 17:20:33 WARNING  [onshape_export_manager.queue] Queue job scheduled for retry id=dac143ae-4101-4a39-a5c6-b6877d0867b7 retry_count=3 next_run_at=2026-07-10T14:20:37.459979+00:00 error=ValueError: unknown or disabled label 'A'
2026-07-10 17:20:33 ERROR    [onshape_export_manager.worker] Queued export failed id=fc1f05b3-7334-454c-95d8-09ee956919d1: ValueError: unknown or disabled label 'A'
Traceback (most recent call last):
  File "/Users/hrebis/Desktop/OnshapeExportTool/onshape_export_manager/core/worker.py", line 372, in _run_job
    request = self._build_request(job)
  File "/Users/hrebis/Desktop/OnshapeExportTool/onshape_export_manager/core/worker.py", line 487, in _build_request
    raise ValueError(f"unknown or disabled label '{job.label_name}'")
ValueError: unknown or disabled label 'A'
2026-07-10 17:20:33 ERROR    [onshape_export_manager.worker] Queued export failed id=048b3dc5-58ab-48df-b911-ecd3df102b0c: ValueError: unknown or disabled label 'B'
Traceback (most recent call last):
  File "/Users/hrebis/Desktop/OnshapeExportTool/onshape_export_manager/core/worker.py", line 372, in _run_job
    request = self._build_request(job)
  File "/Users/hrebis/Desktop/OnshapeExportTool/onshape_export_manager/core/worker.py", line 487, in _build_request
    raise ValueError(f"unknown or disabled label '{job.label_name}'")
ValueError: unknown or disabled label 'B'
2026-07-10 17:20:33 WARNING  [onshape_export_manager.queue] Queue job scheduled for retry id=fc1f05b3-7334-454c-95d8-09ee956919d1 retry_count=3 next_run_at=2026-07-10T14:20:37.469930+00:00 error=ValueError: unknown or disabled label 'A'
2026-07-10 17:20:33 WARNING  [onshape_export_manager.queue] Queue job scheduled for retry id=048b3dc5-58ab-48df-b911-ecd3df102b0c retry_count=3 next_run_at=2026-07-10T14:20:37.470366+00:00 error=ValueError: unknown or disabled label 'B'
2026-07-10 17:20:33 ERROR    [onshape_export_manager.worker] Queued export failed id=ddc02e02-eeac-4561-862b-ed809ab006a3: ValueError: unknown or disabled label 'B'
Traceback (most recent call last):
  File "/Users/hrebis/Desktop/OnshapeExportTool/onshape_export_manager/core/worker.py", line 372, in _run_job
    request = self._build_request(job)
  File "/Users/hrebis/Desktop/OnshapeExportTool/onshape_export_manager/core/worker.py", line 487, in _build_request
    raise ValueError(f"unknown or disabled label '{job.label_name}'")
ValueError: unknown or disabled label 'B'
2026-07-10 17:20:33 WARNING  [onshape_export_manager.queue] Queue job scheduled for retry id=ddc02e02-eeac-4561-862b-ed809ab006a3 retry_count=3 next_run_at=2026-07-10T14:20:37.474730+00:00 error=ValueError: unknown or disabled label 'B'
2026-07-10 17:20:38 ERROR    [onshape_export_manager.worker] Queued export failed id=048b3dc5-58ab-48df-b911-ecd3df102b0c: ValueError: unknown or disabled label 'B'
Traceback (most recent call last):
  File "/Users/hrebis/Desktop/OnshapeExportTool/onshape_export_manager/core/worker.py", line 372, in _run_job
    request = self._build_request(job)
  File "/Users/hrebis/Desktop/OnshapeExportTool/onshape_export_manager/core/worker.py", line 487, in _build_request
    raise ValueError(f"unknown or disabled label '{job.label_name}'")
ValueError: unknown or disabled label 'B'
2026-07-10 17:20:38 ERROR    [onshape_export_manager.worker] Queued export failed id=dac143ae-4101-4a39-a5c6-b6877d0867b7: ValueError: unknown or disabled label 'A'
Traceback (most recent call last):
  File "/Users/hrebis/Desktop/OnshapeExportTool/onshape_export_manager/core/worker.py", line 372, in _run_job
    request = self._build_request(job)
  File "/Users/hrebis/Desktop/OnshapeExportTool/onshape_export_manager/core/worker.py", line 487, in _build_request
    raise ValueError(f"unknown or disabled label '{job.label_name}'")
ValueError: unknown or disabled label 'A'
2026-07-10 17:20:38 ERROR    [onshape_export_manager.worker] Queued export failed id=fc1f05b3-7334-454c-95d8-09ee956919d1: ValueError: unknown or disabled label 'A'
Traceback (most recent call last):
  File "/Users/hrebis/Desktop/OnshapeExportTool/onshape_export_manager/core/worker.py", line 372, in _run_job
    request = self._build_request(job)
  File "/Users/hrebis/Desktop/OnshapeExportTool/onshape_export_manager/core/worker.py", line 487, in _build_request
    raise ValueError(f"unknown or disabled label '{job.label_name}'")
ValueError: unknown or disabled label 'A'
2026-07-10 17:20:38 ERROR    [onshape_export_manager.queue] Queue job permanently failed id=048b3dc5-58ab-48df-b911-ecd3df102b0c error=ValueError: unknown or disabled label 'B'
2026-07-10 17:20:38 ERROR    [onshape_export_manager.queue] Queue job permanently failed id=dac143ae-4101-4a39-a5c6-b6877d0867b7 error=ValueError: unknown or disabled label 'A'
2026-07-10 17:20:38 ERROR    [onshape_export_manager.queue] Queue job permanently failed id=fc1f05b3-7334-454c-95d8-09ee956919d1 error=ValueError: unknown or disabled label 'A'
2026-07-10 17:20:38 ERROR    [onshape_export_manager.worker] Queued export failed id=ddc02e02-eeac-4561-862b-ed809ab006a3: ValueError: unknown or disabled label 'B'
Traceback (most recent call last):
  File "/Users/hrebis/Desktop/OnshapeExportTool/onshape_export_manager/core/worker.py", line 372, in _run_job
    request = self._build_request(job)
  File "/Users/hrebis/Desktop/OnshapeExportTool/onshape_export_manager/core/worker.py", line 487, in _build_request
    raise ValueError(f"unknown or disabled label '{job.label_name}'")
ValueError: unknown or disabled label 'B'
2026-07-10 17:20:38 ERROR    [onshape_export_manager.queue] Queue job permanently failed id=ddc02e02-eeac-4561-862b-ed809ab006a3 error=ValueError: unknown or disabled label 'B'
2026-07-10 17:33:29 ERROR    [onshape_export_manager.worker] Queued export failed id=ac70e010-0238-45b0-ac7f-09bbef5c5c8a: ValueError: unknown or disabled label 'A'
Traceback (most recent call last):
  File "/Users/hrebis/Desktop/OnshapeExportTool/onshape_export_manager/core/worker.py", line 372, in _run_job
    request = self._build_request(job)
  File "/Users/hrebis/Desktop/OnshapeExportTool/onshape_export_manager/core/worker.py", line 487, in _build_request
    raise ValueError(f"unknown or disabled label '{job.label_name}'")
ValueError: unknown or disabled label 'A'
2026-07-10 17:33:29 ERROR    [onshape_export_manager.worker] Queued export failed id=a1c7b2f4-0d5d-4913-8747-649209c27179: ValueError: unknown or disabled label 'B'
Traceback (most recent call last):
  File "/Users/hrebis/Desktop/OnshapeExportTool/onshape_export_manager/core/worker.py", line 372, in _run_job
    request = self._build_request(job)
  File "/Users/hrebis/Desktop/OnshapeExportTool/onshape_export_manager/core/worker.py", line 487, in _build_request
    raise ValueError(f"unknown or disabled label '{job.label_name}'")
ValueError: unknown or disabled label 'B'
2026-07-10 17:33:29 WARNING  [onshape_export_manager.queue] Queue job scheduled for retry id=ac70e010-0238-45b0-ac7f-09bbef5c5c8a retry_count=1 next_run_at=2026-07-10T14:33:30.701704+00:00 error=ValueError: unknown or disabled label 'A'
2026-07-10 17:33:29 WARNING  [onshape_export_manager.queue] Queue job scheduled for retry id=a1c7b2f4-0d5d-4913-8747-649209c27179 retry_count=1 next_run_at=2026-07-10T14:33:30.702175+00:00 error=ValueError: unknown or disabled label 'B'
2026-07-10 17:33:34 ERROR    [onshape_export_manager.worker] Queued export failed id=ac70e010-0238-45b0-ac7f-09bbef5c5c8a: ValueError: unknown or disabled label 'A'
Traceback (most recent call last):
  File "/Users/hrebis/Desktop/OnshapeExportTool/onshape_export_manager/core/worker.py", line 372, in _run_job
    request = self._build_request(job)
  File "/Users/hrebis/Desktop/OnshapeExportTool/onshape_export_manager/core/worker.py", line 487, in _build_request
    raise ValueError(f"unknown or disabled label '{job.label_name}'")
ValueError: unknown or disabled label 'A'
2026-07-10 17:33:34 WARNING  [onshape_export_manager.queue] Queue job scheduled for retry id=ac70e010-0238-45b0-ac7f-09bbef5c5c8a retry_count=2 next_run_at=2026-07-10T14:33:36.717363+00:00 error=ValueError: unknown or disabled label 'A'
2026-07-10 17:33:34 ERROR    [onshape_export_manager.worker] Queued export failed id=a1c7b2f4-0d5d-4913-8747-649209c27179: ValueError: unknown or disabled label 'B'
Traceback (most recent call last):
  File "/Users/hrebis/Desktop/OnshapeExportTool/onshape_export_manager/core/worker.py", line 372, in _run_job
    request = self._build_request(job)
  File "/Users/hrebis/Desktop/OnshapeExportTool/onshape_export_manager/core/worker.py", line 487, in _build_request
    raise ValueError(f"unknown or disabled label '{job.label_name}'")
ValueError: unknown or disabled label 'B'
2026-07-10 17:33:34 WARNING  [onshape_export_manager.queue] Queue job scheduled for retry id=a1c7b2f4-0d5d-4913-8747-649209c27179 retry_count=2 next_run_at=2026-07-10T14:33:36.723607+00:00 error=ValueError: unknown or disabled label 'B'
2026-07-10 17:33:39 ERROR    [onshape_export_manager.worker] Queued export failed id=ac70e010-0238-45b0-ac7f-09bbef5c5c8a: ValueError: unknown or disabled label 'A'
Traceback (most recent call last):
  File "/Users/hrebis/Desktop/OnshapeExportTool/onshape_export_manager/core/worker.py", line 372, in _run_job
    request = self._build_request(job)
  File "/Users/hrebis/Desktop/OnshapeExportTool/onshape_export_manager/core/worker.py", line 487, in _build_request
    raise ValueError(f"unknown or disabled label '{job.label_name}'")
ValueError: unknown or disabled label 'A'
2026-07-10 17:33:39 WARNING  [onshape_export_manager.queue] Queue job scheduled for retry id=ac70e010-0238-45b0-ac7f-09bbef5c5c8a retry_count=3 next_run_at=2026-07-10T14:33:43.746140+00:00 error=ValueError: unknown or disabled label 'A'
2026-07-10 17:33:39 ERROR    [onshape_export_manager.worker] Queued export failed id=a1c7b2f4-0d5d-4913-8747-649209c27179: ValueError: unknown or disabled label 'B'
Traceback (most recent call last):
  File "/Users/hrebis/Desktop/OnshapeExportTool/onshape_export_manager/core/worker.py", line 372, in _run_job
    request = self._build_request(job)
  File "/Users/hrebis/Desktop/OnshapeExportTool/onshape_export_manager/core/worker.py", line 487, in _build_request
    raise ValueError(f"unknown or disabled label '{job.label_name}'")
ValueError: unknown or disabled label 'B'
2026-07-10 17:33:39 WARNING  [onshape_export_manager.queue] Queue job scheduled for retry id=a1c7b2f4-0d5d-4913-8747-649209c27179 retry_count=3 next_run_at=2026-07-10T14:33:43.757096+00:00 error=ValueError: unknown or disabled label 'B'
2026-07-10 17:33:44 ERROR    [onshape_export_manager.worker] Queued export failed id=ac70e010-0238-45b0-ac7f-09bbef5c5c8a: ValueError: unknown or disabled label 'A'
Traceback (most recent call last):
  File "/Users/hrebis/Desktop/OnshapeExportTool/onshape_export_manager/core/worker.py", line 372, in _run_job
    request = self._build_request(job)
  File "/Users/hrebis/Desktop/OnshapeExportTool/onshape_export_manager/core/worker.py", line 487, in _build_request
    raise ValueError(f"unknown or disabled label '{job.label_name}'")
ValueError: unknown or disabled label 'A'
2026-07-10 17:33:44 ERROR    [onshape_export_manager.queue] Queue job permanently failed id=ac70e010-0238-45b0-ac7f-09bbef5c5c8a error=ValueError: unknown or disabled label 'A'
2026-07-10 17:33:44 ERROR    [onshape_export_manager.worker] Queued export failed id=a1c7b2f4-0d5d-4913-8747-649209c27179: ValueError: unknown or disabled label 'B'
Traceback (most recent call last):
  File "/Users/hrebis/Desktop/OnshapeExportTool/onshape_export_manager/core/worker.py", line 372, in _run_job
    request = self._build_request(job)
  File "/Users/hrebis/Desktop/OnshapeExportTool/onshape_export_manager/core/worker.py", line 487, in _build_request
    raise ValueError(f"unknown or disabled label '{job.label_name}'")
ValueError: unknown or disabled label 'B'
2026-07-10 17:33:44 ERROR    [onshape_export_manager.queue] Queue job permanently failed id=a1c7b2f4-0d5d-4913-8747-649209c27179 error=ValueError: unknown or disabled label 'B'
2026-07-10 17:36:04 ERROR    [onshape_export_manager.worker] Queued export failed id=3c7a1e2f-1eda-4deb-b7fb-6126fb53c14f: ValueError: unknown or disabled label 'A'
Traceback (most recent call last):
  File "/Users/hrebis/Desktop/OnshapeExportTool/onshape_export_manager/core/worker.py", line 372, in _run_job
    request = self._build_request(job)
  File "/Users/hrebis/Desktop/OnshapeExportTool/onshape_export_manager/core/worker.py", line 487, in _build_request
    raise ValueError(f"unknown or disabled label '{job.label_name}'")
ValueError: unknown or disabled label 'A'
2026-07-10 17:36:04 ERROR    [onshape_export_manager.worker] Queued export failed id=20a47d2e-6c8a-45fe-b191-2979fb110bf9: ValueError: unknown or disabled label 'B'
Traceback (most recent call last):
  File "/Users/hrebis/Desktop/OnshapeExportTool/onshape_export_manager/core/worker.py", line 372, in _run_job
    request = self._build_request(job)
  File "/Users/hrebis/Desktop/OnshapeExportTool/onshape_export_manager/core/worker.py", line 487, in _build_request
    raise ValueError(f"unknown or disabled label '{job.label_name}'")
ValueError: unknown or disabled label 'B'
2026-07-10 17:36:05 WARNING  [onshape_export_manager.queue] Queue job scheduled for retry id=20a47d2e-6c8a-45fe-b191-2979fb110bf9 retry_count=1 next_run_at=2026-07-10T14:36:06.000263+00:00 error=ValueError: unknown or disabled label 'B'
2026-07-10 17:36:05 WARNING  [onshape_export_manager.queue] Queue job scheduled for retry id=3c7a1e2f-1eda-4deb-b7fb-6126fb53c14f retry_count=1 next_run_at=2026-07-10T14:36:05.996403+00:00 error=ValueError: unknown or disabled label 'A'
2026-07-10 17:36:10 ERROR    [onshape_export_manager.worker] Queued export failed id=3c7a1e2f-1eda-4deb-b7fb-6126fb53c14f: ValueError: unknown or disabled label 'A'
Traceback (most recent call last):
  File "/Users/hrebis/Desktop/OnshapeExportTool/onshape_export_manager/core/worker.py", line 372, in _run_job
    request = self._build_request(job)
  File "/Users/hrebis/Desktop/OnshapeExportTool/onshape_export_manager/core/worker.py", line 487, in _build_request
    raise ValueError(f"unknown or disabled label '{job.label_name}'")
ValueError: unknown or disabled label 'A'
2026-07-10 17:36:10 ERROR    [onshape_export_manager.worker] Queued export failed id=20a47d2e-6c8a-45fe-b191-2979fb110bf9: ValueError: unknown or disabled label 'B'
Traceback (most recent call last):
  File "/Users/hrebis/Desktop/OnshapeExportTool/onshape_export_manager/core/worker.py", line 372, in _run_job
    request = self._build_request(job)
  File "/Users/hrebis/Desktop/OnshapeExportTool/onshape_export_manager/core/worker.py", line 487, in _build_request
    raise ValueError(f"unknown or disabled label '{job.label_name}'")
ValueError: unknown or disabled label 'B'
2026-07-10 17:36:10 WARNING  [onshape_export_manager.queue] Queue job scheduled for retry id=20a47d2e-6c8a-45fe-b191-2979fb110bf9 retry_count=2 next_run_at=2026-07-10T14:36:12.017064+00:00 error=ValueError: unknown or disabled label 'B'
2026-07-10 17:36:10 WARNING  [onshape_export_manager.queue] Queue job scheduled for retry id=3c7a1e2f-1eda-4deb-b7fb-6126fb53c14f retry_count=2 next_run_at=2026-07-10T14:36:12.014669+00:00 error=ValueError: unknown or disabled label 'A'
2026-07-10 17:36:15 ERROR    [onshape_export_manager.worker] Queued export failed id=3c7a1e2f-1eda-4deb-b7fb-6126fb53c14f: ValueError: unknown or disabled label 'A'
Traceback (most recent call last):
  File "/Users/hrebis/Desktop/OnshapeExportTool/onshape_export_manager/core/worker.py", line 372, in _run_job
    request = self._build_request(job)
  File "/Users/hrebis/Desktop/OnshapeExportTool/onshape_export_manager/core/worker.py", line 487, in _build_request
    raise ValueError(f"unknown or disabled label '{job.label_name}'")
ValueError: unknown or disabled label 'A'
2026-07-10 17:36:15 WARNING  [onshape_export_manager.queue] Queue job scheduled for retry id=3c7a1e2f-1eda-4deb-b7fb-6126fb53c14f retry_count=3 next_run_at=2026-07-10T14:36:19.032798+00:00 error=ValueError: unknown or disabled label 'A'
2026-07-10 17:36:15 ERROR    [onshape_export_manager.worker] Queued export failed id=20a47d2e-6c8a-45fe-b191-2979fb110bf9: ValueError: unknown or disabled label 'B'
Traceback (most recent call last):
  File "/Users/hrebis/Desktop/OnshapeExportTool/onshape_export_manager/core/worker.py", line 372, in _run_job
    request = self._build_request(job)
  File "/Users/hrebis/Desktop/OnshapeExportTool/onshape_export_manager/core/worker.py", line 487, in _build_request
    raise ValueError(f"unknown or disabled label '{job.label_name}'")
ValueError: unknown or disabled label 'B'
2026-07-10 17:36:15 WARNING  [onshape_export_manager.queue] Queue job scheduled for retry id=20a47d2e-6c8a-45fe-b191-2979fb110bf9 retry_count=3 next_run_at=2026-07-10T14:36:19.038673+00:00 error=ValueError: unknown or disabled label 'B'
2026-07-10 17:36:20 ERROR    [onshape_export_manager.worker] Queued export failed id=3c7a1e2f-1eda-4deb-b7fb-6126fb53c14f: ValueError: unknown or disabled label 'A'
Traceback (most recent call last):
  File "/Users/hrebis/Desktop/OnshapeExportTool/onshape_export_manager/core/worker.py", line 372, in _run_job
    request = self._build_request(job)
  File "/Users/hrebis/Desktop/OnshapeExportTool/onshape_export_manager/core/worker.py", line 487, in _build_request
    raise ValueError(f"unknown or disabled label '{job.label_name}'")
ValueError: unknown or disabled label 'A'
2026-07-10 17:36:20 ERROR    [onshape_export_manager.worker] Queued export failed id=20a47d2e-6c8a-45fe-b191-2979fb110bf9: ValueError: unknown or disabled label 'B'
Traceback (most recent call last):
  File "/Users/hrebis/Desktop/OnshapeExportTool/onshape_export_manager/core/worker.py", line 372, in _run_job
    request = self._build_request(job)
  File "/Users/hrebis/Desktop/OnshapeExportTool/onshape_export_manager/core/worker.py", line 487, in _build_request
    raise ValueError(f"unknown or disabled label '{job.label_name}'")
ValueError: unknown or disabled label 'B'
2026-07-10 17:36:20 ERROR    [onshape_export_manager.queue] Queue job permanently failed id=3c7a1e2f-1eda-4deb-b7fb-6126fb53c14f error=ValueError: unknown or disabled label 'A'
2026-07-10 17:36:20 ERROR    [onshape_export_manager.queue] Queue job permanently failed id=20a47d2e-6c8a-45fe-b191-2979fb110bf9 error=ValueError: unknown or disabled label 'B'
2026-07-10 17:43:12 ERROR    [onshape_export_manager.worker] Queued export failed id=6b2e5c77-4938-419e-80bd-4fd03a5f43e2: ValueError: unknown or disabled label 'A'
Traceback (most recent call last):
  File "/Users/hrebis/Desktop/OnshapeExportTool/onshape_export_manager/core/worker.py", line 372, in _run_job
    request = self._build_request(job)
  File "/Users/hrebis/Desktop/OnshapeExportTool/onshape_export_manager/core/worker.py", line 487, in _build_request
    raise ValueError(f"unknown or disabled label '{job.label_name}'")
ValueError: unknown or disabled label 'A'
2026-07-10 17:43:12 ERROR    [onshape_export_manager.worker] Queued export failed id=fa327f3a-dfeb-4d57-bc17-3fb3b13d8250: ValueError: unknown or disabled label 'B'
Traceback (most recent call last):
  File "/Users/hrebis/Desktop/OnshapeExportTool/onshape_export_manager/core/worker.py", line 372, in _run_job
    request = self._build_request(job)
  File "/Users/hrebis/Desktop/OnshapeExportTool/onshape_export_manager/core/worker.py", line 487, in _build_request
    raise ValueError(f"unknown or disabled label '{job.label_name}'")
ValueError: unknown or disabled label 'B'
2026-07-10 17:43:12 WARNING  [onshape_export_manager.queue] Queue job scheduled for retry id=6b2e5c77-4938-419e-80bd-4fd03a5f43e2 retry_count=1 next_run_at=2026-07-10T14:43:13.201098+00:00 error=ValueError: unknown or disabled label 'A'
2026-07-10 17:43:12 WARNING  [onshape_export_manager.queue] Queue job scheduled for retry id=fa327f3a-dfeb-4d57-bc17-3fb3b13d8250 retry_count=1 next_run_at=2026-07-10T14:43:13.204811+00:00 error=ValueError: unknown or disabled label 'B'
2026-07-10 17:43:17 ERROR    [onshape_export_manager.worker] Queued export failed id=6b2e5c77-4938-419e-80bd-4fd03a5f43e2: ValueError: unknown or disabled label 'A'
Traceback (most recent call last):
  File "/Users/hrebis/Desktop/OnshapeExportTool/onshape_export_manager/core/worker.py", line 372, in _run_job
    request = self._build_request(job)
  File "/Users/hrebis/Desktop/OnshapeExportTool/onshape_export_manager/core/worker.py", line 487, in _build_request
    raise ValueError(f"unknown or disabled label '{job.label_name}'")
ValueError: unknown or disabled label 'A'
2026-07-10 17:43:17 ERROR    [onshape_export_manager.worker] Queued export failed id=fa327f3a-dfeb-4d57-bc17-3fb3b13d8250: ValueError: unknown or disabled label 'B'
Traceback (most recent call last):
  File "/Users/hrebis/Desktop/OnshapeExportTool/onshape_export_manager/core/worker.py", line 372, in _run_job
    request = self._build_request(job)
  File "/Users/hrebis/Desktop/OnshapeExportTool/onshape_export_manager/core/worker.py", line 487, in _build_request
    raise ValueError(f"unknown or disabled label '{job.label_name}'")
ValueError: unknown or disabled label 'B'
2026-07-10 17:43:17 WARNING  [onshape_export_manager.queue] Queue job scheduled for retry id=fa327f3a-dfeb-4d57-bc17-3fb3b13d8250 retry_count=2 next_run_at=2026-07-10T14:43:19.207381+00:00 error=ValueError: unknown or disabled label 'B'
2026-07-10 17:43:17 WARNING  [onshape_export_manager.queue] Queue job scheduled for retry id=6b2e5c77-4938-419e-80bd-4fd03a5f43e2 retry_count=2 next_run_at=2026-07-10T14:43:19.206545+00:00 error=ValueError: unknown or disabled label 'A'
2026-07-10 17:43:22 ERROR    [onshape_export_manager.worker] Queued export failed id=6b2e5c77-4938-419e-80bd-4fd03a5f43e2: ValueError: unknown or disabled label 'A'
Traceback (most recent call last):
  File "/Users/hrebis/Desktop/OnshapeExportTool/onshape_export_manager/core/worker.py", line 372, in _run_job
    request = self._build_request(job)
  File "/Users/hrebis/Desktop/OnshapeExportTool/onshape_export_manager/core/worker.py", line 487, in _build_request
    raise ValueError(f"unknown or disabled label '{job.label_name}'")
ValueError: unknown or disabled label 'A'
2026-07-10 17:43:22 ERROR    [onshape_export_manager.worker] Queued export failed id=fa327f3a-dfeb-4d57-bc17-3fb3b13d8250: ValueError: unknown or disabled label 'B'
Traceback (most recent call last):
  File "/Users/hrebis/Desktop/OnshapeExportTool/onshape_export_manager/core/worker.py", line 372, in _run_job
    request = self._build_request(job)
  File "/Users/hrebis/Desktop/OnshapeExportTool/onshape_export_manager/core/worker.py", line 487, in _build_request
    raise ValueError(f"unknown or disabled label '{job.label_name}'")
ValueError: unknown or disabled label 'B'
2026-07-10 17:43:22 WARNING  [onshape_export_manager.queue] Queue job scheduled for retry id=fa327f3a-dfeb-4d57-bc17-3fb3b13d8250 retry_count=3 next_run_at=2026-07-10T14:43:26.229424+00:00 error=ValueError: unknown or disabled label 'B'
2026-07-10 17:43:22 WARNING  [onshape_export_manager.queue] Queue job scheduled for retry id=6b2e5c77-4938-419e-80bd-4fd03a5f43e2 retry_count=3 next_run_at=2026-07-10T14:43:26.226207+00:00 error=ValueError: unknown or disabled label 'A'
2026-07-10 17:43:27 ERROR    [onshape_export_manager.worker] Queued export failed id=6b2e5c77-4938-419e-80bd-4fd03a5f43e2: ValueError: unknown or disabled label 'A'
Traceback (most recent call last):
  File "/Users/hrebis/Desktop/OnshapeExportTool/onshape_export_manager/core/worker.py", line 372, in _run_job
    request = self._build_request(job)
  File "/Users/hrebis/Desktop/OnshapeExportTool/onshape_export_manager/core/worker.py", line 487, in _build_request
    raise ValueError(f"unknown or disabled label '{job.label_name}'")
ValueError: unknown or disabled label 'A'
2026-07-10 17:43:27 ERROR    [onshape_export_manager.worker] Queued export failed id=fa327f3a-dfeb-4d57-bc17-3fb3b13d8250: ValueError: unknown or disabled label 'B'
Traceback (most recent call last):
  File "/Users/hrebis/Desktop/OnshapeExportTool/onshape_export_manager/core/worker.py", line 372, in _run_job
    request = self._build_request(job)
  File "/Users/hrebis/Desktop/OnshapeExportTool/onshape_export_manager/core/worker.py", line 487, in _build_request
    raise ValueError(f"unknown or disabled label '{job.label_name}'")
ValueError: unknown or disabled label 'B'
2026-07-10 17:43:27 ERROR    [onshape_export_manager.queue] Queue job permanently failed id=6b2e5c77-4938-419e-80bd-4fd03a5f43e2 error=ValueError: unknown or disabled label 'A'
2026-07-10 17:43:27 ERROR    [onshape_export_manager.queue] Queue job permanently failed id=fa327f3a-dfeb-4d57-bc17-3fb3b13d8250 error=ValueError: unknown or disabled label 'B'
2026-07-10 17:46:15 ERROR    [onshape_export_manager.worker] Queued export failed id=a017d90e-4070-446c-86b6-d327b6f3ff04: ValueError: unknown or disabled label 'A'
Traceback (most recent call last):
  File "/Users/hrebis/Desktop/OnshapeExportTool/onshape_export_manager/core/worker.py", line 372, in _run_job
    request = self._build_request(job)
  File "/Users/hrebis/Desktop/OnshapeExportTool/onshape_export_manager/core/worker.py", line 487, in _build_request
    raise ValueError(f"unknown or disabled label '{job.label_name}'")
ValueError: unknown or disabled label 'A'
2026-07-10 17:46:15 ERROR    [onshape_export_manager.worker] Queued export failed id=2b3ac9fc-08e6-4cc2-84ab-2534a5acb98b: ValueError: unknown or disabled label 'A'
Traceback (most recent call last):
  File "/Users/hrebis/Desktop/OnshapeExportTool/onshape_export_manager/core/worker.py", line 372, in _run_job
    request = self._build_request(job)
  File "/Users/hrebis/Desktop/OnshapeExportTool/onshape_export_manager/core/worker.py", line 487, in _build_request
    raise ValueError(f"unknown or disabled label '{job.label_name}'")
ValueError: unknown or disabled label 'A'
2026-07-10 17:46:15 ERROR    [onshape_export_manager.worker] Queued export failed id=2c0f7e38-dd3a-4e38-aacb-6b8b8b17c233: ValueError: unknown or disabled label 'B'
Traceback (most recent call last):
  File "/Users/hrebis/Desktop/OnshapeExportTool/onshape_export_manager/core/worker.py", line 372, in _run_job
    request = self._build_request(job)
  File "/Users/hrebis/Desktop/OnshapeExportTool/onshape_export_manager/core/worker.py", line 487, in _build_request
    raise ValueError(f"unknown or disabled label '{job.label_name}'")
ValueError: unknown or disabled label 'B'
2026-07-10 17:46:15 ERROR    [onshape_export_manager.worker] Queued export failed id=b434275c-960e-493a-8e8c-e31ce47b3c96: ValueError: unknown or disabled label 'B'
Traceback (most recent call last):
  File "/Users/hrebis/Desktop/OnshapeExportTool/onshape_export_manager/core/worker.py", line 372, in _run_job
    request = self._build_request(job)
  File "/Users/hrebis/Desktop/OnshapeExportTool/onshape_export_manager/core/worker.py", line 487, in _build_request
    raise ValueError(f"unknown or disabled label '{job.label_name}'")
ValueError: unknown or disabled label 'B'
2026-07-10 17:46:15 WARNING  [onshape_export_manager.queue] Queue job scheduled for retry id=2b3ac9fc-08e6-4cc2-84ab-2534a5acb98b retry_count=1 next_run_at=2026-07-10T14:46:16.869294+00:00 error=ValueError: unknown or disabled label 'A'
2026-07-10 17:46:15 WARNING  [onshape_export_manager.queue] Queue job scheduled for retry id=a017d90e-4070-446c-86b6-d327b6f3ff04 retry_count=1 next_run_at=2026-07-10T14:46:16.862305+00:00 error=ValueError: unknown or disabled label 'A'
2026-07-10 17:46:15 WARNING  [onshape_export_manager.queue] Queue job scheduled for retry id=b434275c-960e-493a-8e8c-e31ce47b3c96 retry_count=1 next_run_at=2026-07-10T14:46:16.873249+00:00 error=ValueError: unknown or disabled label 'B'
2026-07-10 17:46:15 WARNING  [onshape_export_manager.queue] Queue job scheduled for retry id=2c0f7e38-dd3a-4e38-aacb-6b8b8b17c233 retry_count=1 next_run_at=2026-07-10T14:46:16.871123+00:00 error=ValueError: unknown or disabled label 'B'
2026-07-10 17:46:20 ERROR    [onshape_export_manager.worker] Queued export failed id=2b3ac9fc-08e6-4cc2-84ab-2534a5acb98b: ValueError: unknown or disabled label 'A'
Traceback (most recent call last):
  File "/Users/hrebis/Desktop/OnshapeExportTool/onshape_export_manager/core/worker.py", line 372, in _run_job
    request = self._build_request(job)
  File "/Users/hrebis/Desktop/OnshapeExportTool/onshape_export_manager/core/worker.py", line 487, in _build_request
    raise ValueError(f"unknown or disabled label '{job.label_name}'")
ValueError: unknown or disabled label 'A'
2026-07-10 17:46:20 ERROR    [onshape_export_manager.worker] Queued export failed id=a017d90e-4070-446c-86b6-d327b6f3ff04: ValueError: unknown or disabled label 'A'
Traceback (most recent call last):
  File "/Users/hrebis/Desktop/OnshapeExportTool/onshape_export_manager/core/worker.py", line 372, in _run_job
    request = self._build_request(job)
  File "/Users/hrebis/Desktop/OnshapeExportTool/onshape_export_manager/core/worker.py", line 487, in _build_request
    raise ValueError(f"unknown or disabled label '{job.label_name}'")
ValueError: unknown or disabled label 'A'
2026-07-10 17:46:20 ERROR    [onshape_export_manager.worker] Queued export failed id=2c0f7e38-dd3a-4e38-aacb-6b8b8b17c233: ValueError: unknown or disabled label 'B'
Traceback (most recent call last):
  File "/Users/hrebis/Desktop/OnshapeExportTool/onshape_export_manager/core/worker.py", line 372, in _run_job
    request = self._build_request(job)
  File "/Users/hrebis/Desktop/OnshapeExportTool/onshape_export_manager/core/worker.py", line 487, in _build_request
    raise ValueError(f"unknown or disabled label '{job.label_name}'")
ValueError: unknown or disabled label 'B'
2026-07-10 17:46:20 WARNING  [onshape_export_manager.queue] Queue job scheduled for retry id=a017d90e-4070-446c-86b6-d327b6f3ff04 retry_count=2 next_run_at=2026-07-10T14:46:22.916310+00:00 error=ValueError: unknown or disabled label 'A'
2026-07-10 17:46:20 WARNING  [onshape_export_manager.queue] Queue job scheduled for retry id=2b3ac9fc-08e6-4cc2-84ab-2534a5acb98b retry_count=2 next_run_at=2026-07-10T14:46:22.914679+00:00 error=ValueError: unknown or disabled label 'A'
2026-07-10 17:46:20 ERROR    [onshape_export_manager.worker] Queued export failed id=b434275c-960e-493a-8e8c-e31ce47b3c96: ValueError: unknown or disabled label 'B'
Traceback (most recent call last):
  File "/Users/hrebis/Desktop/OnshapeExportTool/onshape_export_manager/core/worker.py", line 372, in _run_job
    request = self._build_request(job)
  File "/Users/hrebis/Desktop/OnshapeExportTool/onshape_export_manager/core/worker.py", line 487, in _build_request
    raise ValueError(f"unknown or disabled label '{job.label_name}'")
ValueError: unknown or disabled label 'B'
2026-07-10 17:46:20 WARNING  [onshape_export_manager.queue] Queue job scheduled for retry id=2c0f7e38-dd3a-4e38-aacb-6b8b8b17c233 retry_count=2 next_run_at=2026-07-10T14:46:22.917424+00:00 error=ValueError: unknown or disabled label 'B'
2026-07-10 17:46:20 WARNING  [onshape_export_manager.queue] Queue job scheduled for retry id=b434275c-960e-493a-8e8c-e31ce47b3c96 retry_count=2 next_run_at=2026-07-10T14:46:22.920819+00:00 error=ValueError: unknown or disabled label 'B'
2026-07-10 17:46:25 ERROR    [onshape_export_manager.worker] Queued export failed id=2c0f7e38-dd3a-4e38-aacb-6b8b8b17c233: ValueError: unknown or disabled label 'B'
Traceback (most recent call last):
  File "/Users/hrebis/Desktop/OnshapeExportTool/onshape_export_manager/core/worker.py", line 372, in _run_job
    request = self._build_request(job)
  File "/Users/hrebis/Desktop/OnshapeExportTool/onshape_export_manager/core/worker.py", line 487, in _build_request
    raise ValueError(f"unknown or disabled label '{job.label_name}'")
ValueError: unknown or disabled label 'B'
2026-07-10 17:46:25 ERROR    [onshape_export_manager.worker] Queued export failed id=2b3ac9fc-08e6-4cc2-84ab-2534a5acb98b: ValueError: unknown or disabled label 'A'
Traceback (most recent call last):
  File "/Users/hrebis/Desktop/OnshapeExportTool/onshape_export_manager/core/worker.py", line 372, in _run_job
    request = self._build_request(job)
  File "/Users/hrebis/Desktop/OnshapeExportTool/onshape_export_manager/core/worker.py", line 487, in _build_request
    raise ValueError(f"unknown or disabled label '{job.label_name}'")
ValueError: unknown or disabled label 'A'
2026-07-10 17:46:25 WARNING  [onshape_export_manager.queue] Queue job scheduled for retry id=2c0f7e38-dd3a-4e38-aacb-6b8b8b17c233 retry_count=3 next_run_at=2026-07-10T14:46:29.939625+00:00 error=ValueError: unknown or disabled label 'B'
2026-07-10 17:46:25 WARNING  [onshape_export_manager.queue] Queue job scheduled for retry id=2b3ac9fc-08e6-4cc2-84ab-2534a5acb98b retry_count=3 next_run_at=2026-07-10T14:46:29.940712+00:00 error=ValueError: unknown or disabled label 'A'
2026-07-10 17:46:25 ERROR    [onshape_export_manager.worker] Queued export failed id=a017d90e-4070-446c-86b6-d327b6f3ff04: ValueError: unknown or disabled label 'A'
Traceback (most recent call last):
  File "/Users/hrebis/Desktop/OnshapeExportTool/onshape_export_manager/core/worker.py", line 372, in _run_job
    request = self._build_request(job)
  File "/Users/hrebis/Desktop/OnshapeExportTool/onshape_export_manager/core/worker.py", line 487, in _build_request
    raise ValueError(f"unknown or disabled label '{job.label_name}'")
ValueError: unknown or disabled label 'A'
2026-07-10 17:46:25 ERROR    [onshape_export_manager.worker] Queued export failed id=b434275c-960e-493a-8e8c-e31ce47b3c96: ValueError: unknown or disabled label 'B'
Traceback (most recent call last):
  File "/Users/hrebis/Desktop/OnshapeExportTool/onshape_export_manager/core/worker.py", line 372, in _run_job
    request = self._build_request(job)
  File "/Users/hrebis/Desktop/OnshapeExportTool/onshape_export_manager/core/worker.py", line 487, in _build_request
    raise ValueError(f"unknown or disabled label '{job.label_name}'")
ValueError: unknown or disabled label 'B'
2026-07-10 17:46:25 WARNING  [onshape_export_manager.queue] Queue job scheduled for retry id=a017d90e-4070-446c-86b6-d327b6f3ff04 retry_count=3 next_run_at=2026-07-10T14:46:29.947764+00:00 error=ValueError: unknown or disabled label 'A'
2026-07-10 17:46:25 WARNING  [onshape_export_manager.queue] Queue job scheduled for retry id=b434275c-960e-493a-8e8c-e31ce47b3c96 retry_count=3 next_run_at=2026-07-10T14:46:29.957472+00:00 error=ValueError: unknown or disabled label 'B'
2026-07-10 17:46:30 ERROR    [onshape_export_manager.worker] Queued export failed id=a017d90e-4070-446c-86b6-d327b6f3ff04: ValueError: unknown or disabled label 'A'
Traceback (most recent call last):
  File "/Users/hrebis/Desktop/OnshapeExportTool/onshape_export_manager/core/worker.py", line 372, in _run_job
    request = self._build_request(job)
  File "/Users/hrebis/Desktop/OnshapeExportTool/onshape_export_manager/core/worker.py", line 487, in _build_request
    raise ValueError(f"unknown or disabled label '{job.label_name}'")
ValueError: unknown or disabled label 'A'
2026-07-10 17:46:30 ERROR    [onshape_export_manager.queue] Queue job permanently failed id=a017d90e-4070-446c-86b6-d327b6f3ff04 error=ValueError: unknown or disabled label 'A'
2026-07-10 17:46:30 ERROR    [onshape_export_manager.worker] Queued export failed id=2c0f7e38-dd3a-4e38-aacb-6b8b8b17c233: ValueError: unknown or disabled label 'B'
Traceback (most recent call last):
  File "/Users/hrebis/Desktop/OnshapeExportTool/onshape_export_manager/core/worker.py", line 372, in _run_job
    request = self._build_request(job)
  File "/Users/hrebis/Desktop/OnshapeExportTool/onshape_export_manager/core/worker.py", line 487, in _build_request
    raise ValueError(f"unknown or disabled label '{job.label_name}'")
ValueError: unknown or disabled label 'B'
2026-07-10 17:46:30 ERROR    [onshape_export_manager.worker] Queued export failed id=2b3ac9fc-08e6-4cc2-84ab-2534a5acb98b: ValueError: unknown or disabled label 'A'
Traceback (most recent call last):
  File "/Users/hrebis/Desktop/OnshapeExportTool/onshape_export_manager/core/worker.py", line 372, in _run_job
    request = self._build_request(job)
  File "/Users/hrebis/Desktop/OnshapeExportTool/onshape_export_manager/core/worker.py", line 487, in _build_request
    raise ValueError(f"unknown or disabled label '{job.label_name}'")
ValueError: unknown or disabled label 'A'
2026-07-10 17:46:30 ERROR    [onshape_export_manager.queue] Queue job permanently failed id=2c0f7e38-dd3a-4e38-aacb-6b8b8b17c233 error=ValueError: unknown or disabled label 'B'
2026-07-10 17:46:30 ERROR    [onshape_export_manager.worker] Queued export failed id=b434275c-960e-493a-8e8c-e31ce47b3c96: ValueError: unknown or disabled label 'B'
Traceback (most recent call last):
  File "/Users/hrebis/Desktop/OnshapeExportTool/onshape_export_manager/core/worker.py", line 372, in _run_job
    request = self._build_request(job)
  File "/Users/hrebis/Desktop/OnshapeExportTool/onshape_export_manager/core/worker.py", line 487, in _build_request
    raise ValueError(f"unknown or disabled label '{job.label_name}'")
ValueError: unknown or disabled label 'B'
2026-07-10 17:46:30 ERROR    [onshape_export_manager.queue] Queue job permanently failed id=2b3ac9fc-08e6-4cc2-84ab-2534a5acb98b error=ValueError: unknown or disabled label 'A'
2026-07-10 17:46:30 ERROR    [onshape_export_manager.queue] Queue job permanently failed id=b434275c-960e-493a-8e8c-e31ce47b3c96 error=ValueError: unknown or disabled label 'B'
2026-07-26 17:33:08 WARNING  [onshape_export_manager.worker] Worker not started: queue manager unavailable
