2026-06-29 00:55:32 INFO     [onshape_export_manager.worker] Background worker started (poll=5.0s, max_jobs_per_tick=25)
2026-06-29 00:56:29 INFO     [onshape_export_manager.worker] Background worker stopped
2026-06-29 00:56:44 INFO     [onshape_export_manager.worker] Background worker started (poll=5.0s, max_jobs_per_tick=25)
2026-07-08 21:51:03 INFO     [onshape_export_manager.worker] Scheduler subscribed to LABELS_CHANGED events
2026-07-08 21:51:03 INFO     [onshape_export_manager.worker] Started 4 background worker thread(s) (poll=5.0s, max_jobs_per_tick=25)
2026-07-08 21:51:03 INFO     [onshape_export_manager.worker] Running queued export id=f7fd731a-6a94-445f-aa39-36e11e8d9a31 label=A profile=STL
2026-07-08 21:51:03 ERROR    [onshape_export_manager.worker] Queued export failed id=f7fd731a-6a94-445f-aa39-36e11e8d9a31: ValueError: unknown or disabled label 'A'
Traceback (most recent call last):
  File "/Users/hrebis/Desktop/OnshapeExportTool/onshape_export_manager/core/worker.py", line 372, in _run_job
    request = self._build_request(job)
  File "/Users/hrebis/Desktop/OnshapeExportTool/onshape_export_manager/core/worker.py", line 487, in _build_request
    raise ValueError(f"unknown or disabled label '{job.label_name}'")
ValueError: unknown or disabled label 'A'
2026-07-08 21:51:03 INFO     [onshape_export_manager.worker] Running queued export id=666095cb-8a86-433e-b92d-3ad60b1a3818 label=B profile=STL
2026-07-08 21:51:03 INFO     [onshape_export_manager.worker] Running queued export id=dab5e0d6-0d33-4dd2-95e3-ee79ee992fba label=A profile=STL
2026-07-08 21:51:03 ERROR    [onshape_export_manager.worker] Queued export failed id=666095cb-8a86-433e-b92d-3ad60b1a3818: ValueError: unknown or disabled label 'B'
Traceback (most recent call last):
  File "/Users/hrebis/Desktop/OnshapeExportTool/onshape_export_manager/core/worker.py", line 372, in _run_job
    request = self._build_request(job)
  File "/Users/hrebis/Desktop/OnshapeExportTool/onshape_export_manager/core/worker.py", line 487, in _build_request
    raise ValueError(f"unknown or disabled label '{job.label_name}'")
ValueError: unknown or disabled label 'B'
2026-07-08 21:51:03 ERROR    [onshape_export_manager.worker] Queued export failed id=dab5e0d6-0d33-4dd2-95e3-ee79ee992fba: ValueError: unknown or disabled label 'A'
Traceback (most recent call last):
  File "/Users/hrebis/Desktop/OnshapeExportTool/onshape_export_manager/core/worker.py", line 372, in _run_job
    request = self._build_request(job)
  File "/Users/hrebis/Desktop/OnshapeExportTool/onshape_export_manager/core/worker.py", line 487, in _build_request
    raise ValueError(f"unknown or disabled label '{job.label_name}'")
ValueError: unknown or disabled label 'A'
2026-07-08 21:51:03 INFO     [onshape_export_manager.worker] Waiting up to 30s for worker oem-export-worker-0
2026-07-08 21:51:03 INFO     [onshape_export_manager.worker] Running queued export id=05c46483-eb6c-4cdf-89f1-9b16455af859 label=B profile=STL
2026-07-08 21:51:03 ERROR    [onshape_export_manager.worker] Queued export failed id=05c46483-eb6c-4cdf-89f1-9b16455af859: ValueError: unknown or disabled label 'B'
Traceback (most recent call last):
  File "/Users/hrebis/Desktop/OnshapeExportTool/onshape_export_manager/core/worker.py", line 372, in _run_job
    request = self._build_request(job)
  File "/Users/hrebis/Desktop/OnshapeExportTool/onshape_export_manager/core/worker.py", line 487, in _build_request
    raise ValueError(f"unknown or disabled label '{job.label_name}'")
ValueError: unknown or disabled label 'B'
2026-07-08 21:51:03 INFO     [onshape_export_manager.worker] Background worker stopped (4 thread(s))
2026-07-08 21:51:22 INFO     [onshape_export_manager.worker] Scheduler subscribed to LABELS_CHANGED events
2026-07-08 21:51:22 INFO     [onshape_export_manager.worker] Started 4 background worker thread(s) (poll=5.0s, max_jobs_per_tick=25)
2026-07-08 21:51:22 INFO     [onshape_export_manager.worker] Waiting up to 30s for worker oem-export-worker-0
2026-07-08 21:51:22 INFO     [onshape_export_manager.worker] Background worker stopped (4 thread(s))
2026-07-08 21:51:44 INFO     [onshape_export_manager.worker] Scheduler subscribed to LABELS_CHANGED events
2026-07-08 21:51:44 INFO     [onshape_export_manager.worker] Started 4 background worker thread(s) (poll=5.0s, max_jobs_per_tick=25)
2026-07-08 22:16:56 INFO     [onshape_export_manager.worker] Running queued export id=b967ea28-b692-4ecd-96c9-4f02fe6b06dd label=A profile=STL
2026-07-08 22:16:56 INFO     [onshape_export_manager.worker] Running queued export id=81c36558-112c-4202-8f12-e27984db8c73 label=B profile=STL
2026-07-08 22:16:56 ERROR    [onshape_export_manager.worker] Queued export failed id=b967ea28-b692-4ecd-96c9-4f02fe6b06dd: ValueError: unknown or disabled label 'A'
Traceback (most recent call last):
  File "/Users/hrebis/Desktop/OnshapeExportTool/onshape_export_manager/core/worker.py", line 372, in _run_job
    request = self._build_request(job)
  File "/Users/hrebis/Desktop/OnshapeExportTool/onshape_export_manager/core/worker.py", line 487, in _build_request
    raise ValueError(f"unknown or disabled label '{job.label_name}'")
ValueError: unknown or disabled label 'A'
2026-07-08 22:16:56 ERROR    [onshape_export_manager.worker] Queued export failed id=81c36558-112c-4202-8f12-e27984db8c73: ValueError: unknown or disabled label 'B'
Traceback (most recent call last):
  File "/Users/hrebis/Desktop/OnshapeExportTool/onshape_export_manager/core/worker.py", line 372, in _run_job
    request = self._build_request(job)
  File "/Users/hrebis/Desktop/OnshapeExportTool/onshape_export_manager/core/worker.py", line 487, in _build_request
    raise ValueError(f"unknown or disabled label '{job.label_name}'")
ValueError: unknown or disabled label 'B'
2026-07-08 22:17:01 INFO     [onshape_export_manager.worker] Running queued export id=b967ea28-b692-4ecd-96c9-4f02fe6b06dd label=A profile=STL
2026-07-08 22:17:01 INFO     [onshape_export_manager.worker] Running queued export id=81c36558-112c-4202-8f12-e27984db8c73 label=B profile=STL
2026-07-08 22:17:01 ERROR    [onshape_export_manager.worker] Queued export failed id=b967ea28-b692-4ecd-96c9-4f02fe6b06dd: ValueError: unknown or disabled label 'A'
Traceback (most recent call last):
  File "/Users/hrebis/Desktop/OnshapeExportTool/onshape_export_manager/core/worker.py", line 372, in _run_job
    request = self._build_request(job)
  File "/Users/hrebis/Desktop/OnshapeExportTool/onshape_export_manager/core/worker.py", line 487, in _build_request
    raise ValueError(f"unknown or disabled label '{job.label_name}'")
ValueError: unknown or disabled label 'A'
2026-07-08 22:17:01 ERROR    [onshape_export_manager.worker] Queued export failed id=81c36558-112c-4202-8f12-e27984db8c73: ValueError: unknown or disabled label 'B'
Traceback (most recent call last):
  File "/Users/hrebis/Desktop/OnshapeExportTool/onshape_export_manager/core/worker.py", line 372, in _run_job
    request = self._build_request(job)
  File "/Users/hrebis/Desktop/OnshapeExportTool/onshape_export_manager/core/worker.py", line 487, in _build_request
    raise ValueError(f"unknown or disabled label '{job.label_name}'")
ValueError: unknown or disabled label 'B'
2026-07-08 22:17:06 INFO     [onshape_export_manager.worker] Running queued export id=b967ea28-b692-4ecd-96c9-4f02fe6b06dd label=A profile=STL
2026-07-08 22:17:06 ERROR    [onshape_export_manager.worker] Queued export failed id=b967ea28-b692-4ecd-96c9-4f02fe6b06dd: ValueError: unknown or disabled label 'A'
Traceback (most recent call last):
  File "/Users/hrebis/Desktop/OnshapeExportTool/onshape_export_manager/core/worker.py", line 372, in _run_job
    request = self._build_request(job)
  File "/Users/hrebis/Desktop/OnshapeExportTool/onshape_export_manager/core/worker.py", line 487, in _build_request
    raise ValueError(f"unknown or disabled label '{job.label_name}'")
ValueError: unknown or disabled label 'A'
2026-07-08 22:17:06 INFO     [onshape_export_manager.worker] Running queued export id=81c36558-112c-4202-8f12-e27984db8c73 label=B profile=STL
2026-07-08 22:17:06 ERROR    [onshape_export_manager.worker] Queued export failed id=81c36558-112c-4202-8f12-e27984db8c73: ValueError: unknown or disabled label 'B'
Traceback (most recent call last):
  File "/Users/hrebis/Desktop/OnshapeExportTool/onshape_export_manager/core/worker.py", line 372, in _run_job
    request = self._build_request(job)
  File "/Users/hrebis/Desktop/OnshapeExportTool/onshape_export_manager/core/worker.py", line 487, in _build_request
    raise ValueError(f"unknown or disabled label '{job.label_name}'")
ValueError: unknown or disabled label 'B'
2026-07-08 22:17:11 INFO     [onshape_export_manager.worker] Running queued export id=b967ea28-b692-4ecd-96c9-4f02fe6b06dd label=A profile=STL
2026-07-08 22:17:11 INFO     [onshape_export_manager.worker] Running queued export id=81c36558-112c-4202-8f12-e27984db8c73 label=B profile=STL
2026-07-08 22:17:11 ERROR    [onshape_export_manager.worker] Queued export failed id=b967ea28-b692-4ecd-96c9-4f02fe6b06dd: ValueError: unknown or disabled label 'A'
Traceback (most recent call last):
  File "/Users/hrebis/Desktop/OnshapeExportTool/onshape_export_manager/core/worker.py", line 372, in _run_job
    request = self._build_request(job)
  File "/Users/hrebis/Desktop/OnshapeExportTool/onshape_export_manager/core/worker.py", line 487, in _build_request
    raise ValueError(f"unknown or disabled label '{job.label_name}'")
ValueError: unknown or disabled label 'A'
2026-07-08 22:17:11 ERROR    [onshape_export_manager.worker] Queued export failed id=81c36558-112c-4202-8f12-e27984db8c73: ValueError: unknown or disabled label 'B'
Traceback (most recent call last):
  File "/Users/hrebis/Desktop/OnshapeExportTool/onshape_export_manager/core/worker.py", line 372, in _run_job
    request = self._build_request(job)
  File "/Users/hrebis/Desktop/OnshapeExportTool/onshape_export_manager/core/worker.py", line 487, in _build_request
    raise ValueError(f"unknown or disabled label '{job.label_name}'")
ValueError: unknown or disabled label 'B'
2026-07-08 22:23:47 INFO     [onshape_export_manager.worker] Running queued export id=1e31fb34-8ba2-40ad-a86c-44c089475d28 label=A profile=STL
2026-07-08 22:23:47 INFO     [onshape_export_manager.worker] Running queued export id=507cf275-ceb3-4ae5-83ec-100eb67b7a11 label=B profile=STL
2026-07-08 22:23:47 ERROR    [onshape_export_manager.worker] Queued export failed id=1e31fb34-8ba2-40ad-a86c-44c089475d28: ValueError: unknown or disabled label 'A'
Traceback (most recent call last):
  File "/Users/hrebis/Desktop/OnshapeExportTool/onshape_export_manager/core/worker.py", line 372, in _run_job
    request = self._build_request(job)
  File "/Users/hrebis/Desktop/OnshapeExportTool/onshape_export_manager/core/worker.py", line 487, in _build_request
    raise ValueError(f"unknown or disabled label '{job.label_name}'")
ValueError: unknown or disabled label 'A'
2026-07-08 22:23:47 ERROR    [onshape_export_manager.worker] Queued export failed id=507cf275-ceb3-4ae5-83ec-100eb67b7a11: ValueError: unknown or disabled label 'B'
Traceback (most recent call last):
  File "/Users/hrebis/Desktop/OnshapeExportTool/onshape_export_manager/core/worker.py", line 372, in _run_job
    request = self._build_request(job)
  File "/Users/hrebis/Desktop/OnshapeExportTool/onshape_export_manager/core/worker.py", line 487, in _build_request
    raise ValueError(f"unknown or disabled label '{job.label_name}'")
ValueError: unknown or disabled label 'B'
2026-07-08 22:23:52 INFO     [onshape_export_manager.worker] Running queued export id=1e31fb34-8ba2-40ad-a86c-44c089475d28 label=A profile=STL
2026-07-08 22:23:52 INFO     [onshape_export_manager.worker] Running queued export id=507cf275-ceb3-4ae5-83ec-100eb67b7a11 label=B profile=STL
2026-07-08 22:23:52 ERROR    [onshape_export_manager.worker] Queued export failed id=507cf275-ceb3-4ae5-83ec-100eb67b7a11: ValueError: unknown or disabled label 'B'
Traceback (most recent call last):
  File "/Users/hrebis/Desktop/OnshapeExportTool/onshape_export_manager/core/worker.py", line 372, in _run_job
    request = self._build_request(job)
  File "/Users/hrebis/Desktop/OnshapeExportTool/onshape_export_manager/core/worker.py", line 487, in _build_request
    raise ValueError(f"unknown or disabled label '{job.label_name}'")
ValueError: unknown or disabled label 'B'
2026-07-08 22:23:52 ERROR    [onshape_export_manager.worker] Queued export failed id=1e31fb34-8ba2-40ad-a86c-44c089475d28: ValueError: unknown or disabled label 'A'
Traceback (most recent call last):
  File "/Users/hrebis/Desktop/OnshapeExportTool/onshape_export_manager/core/worker.py", line 372, in _run_job
    request = self._build_request(job)
  File "/Users/hrebis/Desktop/OnshapeExportTool/onshape_export_manager/core/worker.py", line 487, in _build_request
    raise ValueError(f"unknown or disabled label '{job.label_name}'")
ValueError: unknown or disabled label 'A'
2026-07-08 22:23:57 INFO     [onshape_export_manager.worker] Running queued export id=1e31fb34-8ba2-40ad-a86c-44c089475d28 label=A profile=STL
2026-07-08 22:23:57 ERROR    [onshape_export_manager.worker] Queued export failed id=1e31fb34-8ba2-40ad-a86c-44c089475d28: ValueError: unknown or disabled label 'A'
Traceback (most recent call last):
  File "/Users/hrebis/Desktop/OnshapeExportTool/onshape_export_manager/core/worker.py", line 372, in _run_job
    request = self._build_request(job)
  File "/Users/hrebis/Desktop/OnshapeExportTool/onshape_export_manager/core/worker.py", line 487, in _build_request
    raise ValueError(f"unknown or disabled label '{job.label_name}'")
ValueError: unknown or disabled label 'A'
2026-07-08 22:23:57 INFO     [onshape_export_manager.worker] Running queued export id=507cf275-ceb3-4ae5-83ec-100eb67b7a11 label=B profile=STL
2026-07-08 22:23:57 ERROR    [onshape_export_manager.worker] Queued export failed id=507cf275-ceb3-4ae5-83ec-100eb67b7a11: ValueError: unknown or disabled label 'B'
Traceback (most recent call last):
  File "/Users/hrebis/Desktop/OnshapeExportTool/onshape_export_manager/core/worker.py", line 372, in _run_job
    request = self._build_request(job)
  File "/Users/hrebis/Desktop/OnshapeExportTool/onshape_export_manager/core/worker.py", line 487, in _build_request
    raise ValueError(f"unknown or disabled label '{job.label_name}'")
ValueError: unknown or disabled label 'B'
2026-07-08 22:24:02 INFO     [onshape_export_manager.worker] Running queued export id=1e31fb34-8ba2-40ad-a86c-44c089475d28 label=A profile=STL
2026-07-08 22:24:02 ERROR    [onshape_export_manager.worker] Queued export failed id=1e31fb34-8ba2-40ad-a86c-44c089475d28: ValueError: unknown or disabled label 'A'
Traceback (most recent call last):
  File "/Users/hrebis/Desktop/OnshapeExportTool/onshape_export_manager/core/worker.py", line 372, in _run_job
    request = self._build_request(job)
  File "/Users/hrebis/Desktop/OnshapeExportTool/onshape_export_manager/core/worker.py", line 487, in _build_request
    raise ValueError(f"unknown or disabled label '{job.label_name}'")
ValueError: unknown or disabled label 'A'
2026-07-08 22:24:02 INFO     [onshape_export_manager.worker] Running queued export id=507cf275-ceb3-4ae5-83ec-100eb67b7a11 label=B profile=STL
2026-07-08 22:24:02 ERROR    [onshape_export_manager.worker] Queued export failed id=507cf275-ceb3-4ae5-83ec-100eb67b7a11: ValueError: unknown or disabled label 'B'
Traceback (most recent call last):
  File "/Users/hrebis/Desktop/OnshapeExportTool/onshape_export_manager/core/worker.py", line 372, in _run_job
    request = self._build_request(job)
  File "/Users/hrebis/Desktop/OnshapeExportTool/onshape_export_manager/core/worker.py", line 487, in _build_request
    raise ValueError(f"unknown or disabled label '{job.label_name}'")
ValueError: unknown or disabled label 'B'
2026-07-08 22:25:55 INFO     [onshape_export_manager.worker] Scheduler subscribed to LABELS_CHANGED events
2026-07-08 22:25:55 INFO     [onshape_export_manager.worker] Started 4 background worker thread(s) (poll=5.0s, max_jobs_per_tick=25)
2026-07-08 22:25:55 INFO     [onshape_export_manager.worker] Running queued export id=8b3b5ee1-f465-45c7-8bbd-1162123d24fa label=A profile=STL
2026-07-08 22:25:55 ERROR    [onshape_export_manager.worker] Queued export failed id=8b3b5ee1-f465-45c7-8bbd-1162123d24fa: ValueError: unknown or disabled label 'A'
Traceback (most recent call last):
  File "/Users/hrebis/Desktop/OnshapeExportTool/onshape_export_manager/core/worker.py", line 372, in _run_job
    request = self._build_request(job)
  File "/Users/hrebis/Desktop/OnshapeExportTool/onshape_export_manager/core/worker.py", line 487, in _build_request
    raise ValueError(f"unknown or disabled label '{job.label_name}'")
ValueError: unknown or disabled label 'A'
2026-07-08 22:25:55 INFO     [onshape_export_manager.worker] Running queued export id=e04778c9-5f18-4340-8c3e-a11b5388330c label=B profile=STL
2026-07-08 22:25:55 ERROR    [onshape_export_manager.worker] Queued export failed id=e04778c9-5f18-4340-8c3e-a11b5388330c: ValueError: unknown or disabled label 'B'
Traceback (most recent call last):
  File "/Users/hrebis/Desktop/OnshapeExportTool/onshape_export_manager/core/worker.py", line 372, in _run_job
    request = self._build_request(job)
  File "/Users/hrebis/Desktop/OnshapeExportTool/onshape_export_manager/core/worker.py", line 487, in _build_request
    raise ValueError(f"unknown or disabled label '{job.label_name}'")
ValueError: unknown or disabled label 'B'
2026-07-08 22:26:00 INFO     [onshape_export_manager.worker] Running queued export id=8b3b5ee1-f465-45c7-8bbd-1162123d24fa label=A profile=STL
2026-07-08 22:26:00 ERROR    [onshape_export_manager.worker] Queued export failed id=8b3b5ee1-f465-45c7-8bbd-1162123d24fa: ValueError: unknown or disabled label 'A'
Traceback (most recent call last):
  File "/Users/hrebis/Desktop/OnshapeExportTool/onshape_export_manager/core/worker.py", line 372, in _run_job
    request = self._build_request(job)
  File "/Users/hrebis/Desktop/OnshapeExportTool/onshape_export_manager/core/worker.py", line 487, in _build_request
    raise ValueError(f"unknown or disabled label '{job.label_name}'")
ValueError: unknown or disabled label 'A'
2026-07-08 22:26:00 INFO     [onshape_export_manager.worker] Running queued export id=e04778c9-5f18-4340-8c3e-a11b5388330c label=B profile=STL
2026-07-08 22:26:00 ERROR    [onshape_export_manager.worker] Queued export failed id=e04778c9-5f18-4340-8c3e-a11b5388330c: ValueError: unknown or disabled label 'B'
Traceback (most recent call last):
  File "/Users/hrebis/Desktop/OnshapeExportTool/onshape_export_manager/core/worker.py", line 372, in _run_job
    request = self._build_request(job)
  File "/Users/hrebis/Desktop/OnshapeExportTool/onshape_export_manager/core/worker.py", line 487, in _build_request
    raise ValueError(f"unknown or disabled label '{job.label_name}'")
ValueError: unknown or disabled label 'B'
2026-07-08 22:26:05 INFO     [onshape_export_manager.worker] Running queued export id=8b3b5ee1-f465-45c7-8bbd-1162123d24fa label=A profile=STL
2026-07-08 22:26:05 INFO     [onshape_export_manager.worker] Running queued export id=e04778c9-5f18-4340-8c3e-a11b5388330c label=B profile=STL
2026-07-08 22:26:05 ERROR    [onshape_export_manager.worker] Queued export failed id=8b3b5ee1-f465-45c7-8bbd-1162123d24fa: ValueError: unknown or disabled label 'A'
Traceback (most recent call last):
  File "/Users/hrebis/Desktop/OnshapeExportTool/onshape_export_manager/core/worker.py", line 372, in _run_job
    request = self._build_request(job)
  File "/Users/hrebis/Desktop/OnshapeExportTool/onshape_export_manager/core/worker.py", line 487, in _build_request
    raise ValueError(f"unknown or disabled label '{job.label_name}'")
ValueError: unknown or disabled label 'A'
2026-07-08 22:26:05 ERROR    [onshape_export_manager.worker] Queued export failed id=e04778c9-5f18-4340-8c3e-a11b5388330c: ValueError: unknown or disabled label 'B'
Traceback (most recent call last):
  File "/Users/hrebis/Desktop/OnshapeExportTool/onshape_export_manager/core/worker.py", line 372, in _run_job
    request = self._build_request(job)
  File "/Users/hrebis/Desktop/OnshapeExportTool/onshape_export_manager/core/worker.py", line 487, in _build_request
    raise ValueError(f"unknown or disabled label '{job.label_name}'")
ValueError: unknown or disabled label 'B'
2026-07-08 22:26:10 INFO     [onshape_export_manager.worker] Running queued export id=8b3b5ee1-f465-45c7-8bbd-1162123d24fa label=A profile=STL
2026-07-08 22:26:10 INFO     [onshape_export_manager.worker] Running queued export id=e04778c9-5f18-4340-8c3e-a11b5388330c label=B profile=STL
2026-07-08 22:26:10 ERROR    [onshape_export_manager.worker] Queued export failed id=8b3b5ee1-f465-45c7-8bbd-1162123d24fa: ValueError: unknown or disabled label 'A'
Traceback (most recent call last):
  File "/Users/hrebis/Desktop/OnshapeExportTool/onshape_export_manager/core/worker.py", line 372, in _run_job
    request = self._build_request(job)
  File "/Users/hrebis/Desktop/OnshapeExportTool/onshape_export_manager/core/worker.py", line 487, in _build_request
    raise ValueError(f"unknown or disabled label '{job.label_name}'")
ValueError: unknown or disabled label 'A'
2026-07-08 22:26:10 ERROR    [onshape_export_manager.worker] Queued export failed id=e04778c9-5f18-4340-8c3e-a11b5388330c: ValueError: unknown or disabled label 'B'
Traceback (most recent call last):
  File "/Users/hrebis/Desktop/OnshapeExportTool/onshape_export_manager/core/worker.py", line 372, in _run_job
    request = self._build_request(job)
  File "/Users/hrebis/Desktop/OnshapeExportTool/onshape_export_manager/core/worker.py", line 487, in _build_request
    raise ValueError(f"unknown or disabled label '{job.label_name}'")
ValueError: unknown or disabled label 'B'
2026-07-08 22:27:10 INFO     [onshape_export_manager.worker] Scheduler subscribed to LABELS_CHANGED events
2026-07-08 22:27:10 INFO     [onshape_export_manager.worker] Started 4 background worker thread(s) (poll=5.0s, max_jobs_per_tick=25)
2026-07-08 22:39:41 INFO     [onshape_export_manager.worker] Running queued export id=5ccab949-f7dd-4c75-b895-05ca1df265af label=A profile=STL
2026-07-08 22:39:41 ERROR    [onshape_export_manager.worker] Queued export failed id=5ccab949-f7dd-4c75-b895-05ca1df265af: ValueError: unknown or disabled label 'A'
Traceback (most recent call last):
  File "/Users/hrebis/Desktop/OnshapeExportTool/onshape_export_manager/core/worker.py", line 372, in _run_job
    request = self._build_request(job)
  File "/Users/hrebis/Desktop/OnshapeExportTool/onshape_export_manager/core/worker.py", line 487, in _build_request
    raise ValueError(f"unknown or disabled label '{job.label_name}'")
ValueError: unknown or disabled label 'A'
2026-07-08 22:39:41 INFO     [onshape_export_manager.worker] Running queued export id=d647e820-4d4b-4756-976c-82d3f6260ec1 label=B profile=STL
2026-07-08 22:39:41 ERROR    [onshape_export_manager.worker] Queued export failed id=d647e820-4d4b-4756-976c-82d3f6260ec1: ValueError: unknown or disabled label 'B'
Traceback (most recent call last):
  File "/Users/hrebis/Desktop/OnshapeExportTool/onshape_export_manager/core/worker.py", line 372, in _run_job
    request = self._build_request(job)
  File "/Users/hrebis/Desktop/OnshapeExportTool/onshape_export_manager/core/worker.py", line 487, in _build_request
    raise ValueError(f"unknown or disabled label '{job.label_name}'")
ValueError: unknown or disabled label 'B'
2026-07-08 22:39:46 INFO     [onshape_export_manager.worker] Running queued export id=5ccab949-f7dd-4c75-b895-05ca1df265af label=A profile=STL
2026-07-08 22:39:46 INFO     [onshape_export_manager.worker] Running queued export id=d647e820-4d4b-4756-976c-82d3f6260ec1 label=B profile=STL
2026-07-08 22:39:46 ERROR    [onshape_export_manager.worker] Queued export failed id=5ccab949-f7dd-4c75-b895-05ca1df265af: ValueError: unknown or disabled label 'A'
Traceback (most recent call last):
  File "/Users/hrebis/Desktop/OnshapeExportTool/onshape_export_manager/core/worker.py", line 372, in _run_job
    request = self._build_request(job)
  File "/Users/hrebis/Desktop/OnshapeExportTool/onshape_export_manager/core/worker.py", line 487, in _build_request
    raise ValueError(f"unknown or disabled label '{job.label_name}'")
ValueError: unknown or disabled label 'A'
2026-07-08 22:39:46 ERROR    [onshape_export_manager.worker] Queued export failed id=d647e820-4d4b-4756-976c-82d3f6260ec1: ValueError: unknown or disabled label 'B'
Traceback (most recent call last):
  File "/Users/hrebis/Desktop/OnshapeExportTool/onshape_export_manager/core/worker.py", line 372, in _run_job
    request = self._build_request(job)
  File "/Users/hrebis/Desktop/OnshapeExportTool/onshape_export_manager/core/worker.py", line 487, in _build_request
    raise ValueError(f"unknown or disabled label '{job.label_name}'")
ValueError: unknown or disabled label 'B'
2026-07-08 22:39:51 INFO     [onshape_export_manager.worker] Running queued export id=5ccab949-f7dd-4c75-b895-05ca1df265af label=A profile=STL
2026-07-08 22:39:51 ERROR    [onshape_export_manager.worker] Queued export failed id=5ccab949-f7dd-4c75-b895-05ca1df265af: ValueError: unknown or disabled label 'A'
Traceback (most recent call last):
  File "/Users/hrebis/Desktop/OnshapeExportTool/onshape_export_manager/core/worker.py", line 372, in _run_job
    request = self._build_request(job)
  File "/Users/hrebis/Desktop/OnshapeExportTool/onshape_export_manager/core/worker.py", line 487, in _build_request
    raise ValueError(f"unknown or disabled label '{job.label_name}'")
ValueError: unknown or disabled label 'A'
2026-07-08 22:39:51 INFO     [onshape_export_manager.worker] Running queued export id=d647e820-4d4b-4756-976c-82d3f6260ec1 label=B profile=STL
2026-07-08 22:39:51 ERROR    [onshape_export_manager.worker] Queued export failed id=d647e820-4d4b-4756-976c-82d3f6260ec1: ValueError: unknown or disabled label 'B'
Traceback (most recent call last):
  File "/Users/hrebis/Desktop/OnshapeExportTool/onshape_export_manager/core/worker.py", line 372, in _run_job
    request = self._build_request(job)
  File "/Users/hrebis/Desktop/OnshapeExportTool/onshape_export_manager/core/worker.py", line 487, in _build_request
    raise ValueError(f"unknown or disabled label '{job.label_name}'")
ValueError: unknown or disabled label 'B'
2026-07-08 22:39:56 INFO     [onshape_export_manager.worker] Running queued export id=5ccab949-f7dd-4c75-b895-05ca1df265af label=A profile=STL
2026-07-08 22:39:56 ERROR    [onshape_export_manager.worker] Queued export failed id=5ccab949-f7dd-4c75-b895-05ca1df265af: ValueError: unknown or disabled label 'A'
Traceback (most recent call last):
  File "/Users/hrebis/Desktop/OnshapeExportTool/onshape_export_manager/core/worker.py", line 372, in _run_job
    request = self._build_request(job)
  File "/Users/hrebis/Desktop/OnshapeExportTool/onshape_export_manager/core/worker.py", line 487, in _build_request
    raise ValueError(f"unknown or disabled label '{job.label_name}'")
ValueError: unknown or disabled label 'A'
2026-07-08 22:39:56 INFO     [onshape_export_manager.worker] Running queued export id=d647e820-4d4b-4756-976c-82d3f6260ec1 label=B profile=STL
2026-07-08 22:39:56 ERROR    [onshape_export_manager.worker] Queued export failed id=d647e820-4d4b-4756-976c-82d3f6260ec1: ValueError: unknown or disabled label 'B'
Traceback (most recent call last):
  File "/Users/hrebis/Desktop/OnshapeExportTool/onshape_export_manager/core/worker.py", line 372, in _run_job
    request = self._build_request(job)
  File "/Users/hrebis/Desktop/OnshapeExportTool/onshape_export_manager/core/worker.py", line 487, in _build_request
    raise ValueError(f"unknown or disabled label '{job.label_name}'")
ValueError: unknown or disabled label 'B'
2026-07-08 23:09:19 INFO     [onshape_export_manager.worker] Running queued export id=332133ee-baa0-46d9-a5e7-f5717a704bd5 label=A profile=STL
2026-07-08 23:09:19 ERROR    [onshape_export_manager.worker] Queued export failed id=332133ee-baa0-46d9-a5e7-f5717a704bd5: ValueError: unknown or disabled label 'A'
Traceback (most recent call last):
  File "/Users/hrebis/Desktop/OnshapeExportTool/onshape_export_manager/core/worker.py", line 372, in _run_job
    request = self._build_request(job)
  File "/Users/hrebis/Desktop/OnshapeExportTool/onshape_export_manager/core/worker.py", line 487, in _build_request
    raise ValueError(f"unknown or disabled label '{job.label_name}'")
ValueError: unknown or disabled label 'A'
2026-07-08 23:09:19 INFO     [onshape_export_manager.worker] Running queued export id=6f95b1b0-b8d3-46ba-9305-ee4529d6602b label=B profile=STL
2026-07-08 23:09:19 ERROR    [onshape_export_manager.worker] Queued export failed id=6f95b1b0-b8d3-46ba-9305-ee4529d6602b: ValueError: unknown or disabled label 'B'
Traceback (most recent call last):
  File "/Users/hrebis/Desktop/OnshapeExportTool/onshape_export_manager/core/worker.py", line 372, in _run_job
    request = self._build_request(job)
  File "/Users/hrebis/Desktop/OnshapeExportTool/onshape_export_manager/core/worker.py", line 487, in _build_request
    raise ValueError(f"unknown or disabled label '{job.label_name}'")
ValueError: unknown or disabled label 'B'
2026-07-08 23:09:24 INFO     [onshape_export_manager.worker] Running queued export id=332133ee-baa0-46d9-a5e7-f5717a704bd5 label=A profile=STL
2026-07-08 23:09:24 ERROR    [onshape_export_manager.worker] Queued export failed id=332133ee-baa0-46d9-a5e7-f5717a704bd5: ValueError: unknown or disabled label 'A'
Traceback (most recent call last):
  File "/Users/hrebis/Desktop/OnshapeExportTool/onshape_export_manager/core/worker.py", line 372, in _run_job
    request = self._build_request(job)
  File "/Users/hrebis/Desktop/OnshapeExportTool/onshape_export_manager/core/worker.py", line 487, in _build_request
    raise ValueError(f"unknown or disabled label '{job.label_name}'")
ValueError: unknown or disabled label 'A'
2026-07-08 23:09:24 INFO     [onshape_export_manager.worker] Running queued export id=6f95b1b0-b8d3-46ba-9305-ee4529d6602b label=B profile=STL
2026-07-08 23:09:24 ERROR    [onshape_export_manager.worker] Queued export failed id=6f95b1b0-b8d3-46ba-9305-ee4529d6602b: ValueError: unknown or disabled label 'B'
Traceback (most recent call last):
  File "/Users/hrebis/Desktop/OnshapeExportTool/onshape_export_manager/core/worker.py", line 372, in _run_job
    request = self._build_request(job)
  File "/Users/hrebis/Desktop/OnshapeExportTool/onshape_export_manager/core/worker.py", line 487, in _build_request
    raise ValueError(f"unknown or disabled label '{job.label_name}'")
ValueError: unknown or disabled label 'B'
2026-07-08 23:09:29 INFO     [onshape_export_manager.worker] Running queued export id=332133ee-baa0-46d9-a5e7-f5717a704bd5 label=A profile=STL
2026-07-08 23:09:29 ERROR    [onshape_export_manager.worker] Queued export failed id=332133ee-baa0-46d9-a5e7-f5717a704bd5: ValueError: unknown or disabled label 'A'
Traceback (most recent call last):
  File "/Users/hrebis/Desktop/OnshapeExportTool/onshape_export_manager/core/worker.py", line 372, in _run_job
    request = self._build_request(job)
  File "/Users/hrebis/Desktop/OnshapeExportTool/onshape_export_manager/core/worker.py", line 487, in _build_request
    raise ValueError(f"unknown or disabled label '{job.label_name}'")
ValueError: unknown or disabled label 'A'
2026-07-08 23:09:29 INFO     [onshape_export_manager.worker] Running queued export id=6f95b1b0-b8d3-46ba-9305-ee4529d6602b label=B profile=STL
2026-07-08 23:09:29 ERROR    [onshape_export_manager.worker] Queued export failed id=6f95b1b0-b8d3-46ba-9305-ee4529d6602b: ValueError: unknown or disabled label 'B'
Traceback (most recent call last):
  File "/Users/hrebis/Desktop/OnshapeExportTool/onshape_export_manager/core/worker.py", line 372, in _run_job
    request = self._build_request(job)
  File "/Users/hrebis/Desktop/OnshapeExportTool/onshape_export_manager/core/worker.py", line 487, in _build_request
    raise ValueError(f"unknown or disabled label '{job.label_name}'")
ValueError: unknown or disabled label 'B'
2026-07-08 23:09:34 INFO     [onshape_export_manager.worker] Running queued export id=332133ee-baa0-46d9-a5e7-f5717a704bd5 label=A profile=STL
2026-07-08 23:09:34 ERROR    [onshape_export_manager.worker] Queued export failed id=332133ee-baa0-46d9-a5e7-f5717a704bd5: ValueError: unknown or disabled label 'A'
Traceback (most recent call last):
  File "/Users/hrebis/Desktop/OnshapeExportTool/onshape_export_manager/core/worker.py", line 372, in _run_job
    request = self._build_request(job)
  File "/Users/hrebis/Desktop/OnshapeExportTool/onshape_export_manager/core/worker.py", line 487, in _build_request
    raise ValueError(f"unknown or disabled label '{job.label_name}'")
ValueError: unknown or disabled label 'A'
2026-07-08 23:09:34 INFO     [onshape_export_manager.worker] Running queued export id=6f95b1b0-b8d3-46ba-9305-ee4529d6602b label=B profile=STL
2026-07-08 23:09:34 ERROR    [onshape_export_manager.worker] Queued export failed id=6f95b1b0-b8d3-46ba-9305-ee4529d6602b: ValueError: unknown or disabled label 'B'
Traceback (most recent call last):
  File "/Users/hrebis/Desktop/OnshapeExportTool/onshape_export_manager/core/worker.py", line 372, in _run_job
    request = self._build_request(job)
  File "/Users/hrebis/Desktop/OnshapeExportTool/onshape_export_manager/core/worker.py", line 487, in _build_request
    raise ValueError(f"unknown or disabled label '{job.label_name}'")
ValueError: unknown or disabled label 'B'
2026-07-08 23:13:49 INFO     [onshape_export_manager.worker] Running queued export id=ddb6ab28-687f-440c-afe2-db79a5ab0fdb label=A profile=STL
2026-07-08 23:13:49 INFO     [onshape_export_manager.worker] Running queued export id=342b5c50-7c7d-44b4-a47e-03dcf0ffee3a label=B profile=STL
2026-07-08 23:13:49 ERROR    [onshape_export_manager.worker] Queued export failed id=ddb6ab28-687f-440c-afe2-db79a5ab0fdb: ValueError: unknown or disabled label 'A'
Traceback (most recent call last):
  File "/Users/hrebis/Desktop/OnshapeExportTool/onshape_export_manager/core/worker.py", line 372, in _run_job
    request = self._build_request(job)
  File "/Users/hrebis/Desktop/OnshapeExportTool/onshape_export_manager/core/worker.py", line 487, in _build_request
    raise ValueError(f"unknown or disabled label '{job.label_name}'")
ValueError: unknown or disabled label 'A'
2026-07-08 23:13:49 ERROR    [onshape_export_manager.worker] Queued export failed id=342b5c50-7c7d-44b4-a47e-03dcf0ffee3a: ValueError: unknown or disabled label 'B'
Traceback (most recent call last):
  File "/Users/hrebis/Desktop/OnshapeExportTool/onshape_export_manager/core/worker.py", line 372, in _run_job
    request = self._build_request(job)
  File "/Users/hrebis/Desktop/OnshapeExportTool/onshape_export_manager/core/worker.py", line 487, in _build_request
    raise ValueError(f"unknown or disabled label '{job.label_name}'")
ValueError: unknown or disabled label 'B'
2026-07-08 23:13:54 INFO     [onshape_export_manager.worker] Running queued export id=ddb6ab28-687f-440c-afe2-db79a5ab0fdb label=A profile=STL
2026-07-08 23:13:54 ERROR    [onshape_export_manager.worker] Queued export failed id=ddb6ab28-687f-440c-afe2-db79a5ab0fdb: ValueError: unknown or disabled label 'A'
Traceback (most recent call last):
  File "/Users/hrebis/Desktop/OnshapeExportTool/onshape_export_manager/core/worker.py", line 372, in _run_job
    request = self._build_request(job)
  File "/Users/hrebis/Desktop/OnshapeExportTool/onshape_export_manager/core/worker.py", line 487, in _build_request
    raise ValueError(f"unknown or disabled label '{job.label_name}'")
ValueError: unknown or disabled label 'A'
2026-07-08 23:13:54 INFO     [onshape_export_manager.worker] Running queued export id=342b5c50-7c7d-44b4-a47e-03dcf0ffee3a label=B profile=STL
2026-07-08 23:13:54 ERROR    [onshape_export_manager.worker] Queued export failed id=342b5c50-7c7d-44b4-a47e-03dcf0ffee3a: ValueError: unknown or disabled label 'B'
Traceback (most recent call last):
  File "/Users/hrebis/Desktop/OnshapeExportTool/onshape_export_manager/core/worker.py", line 372, in _run_job
    request = self._build_request(job)
  File "/Users/hrebis/Desktop/OnshapeExportTool/onshape_export_manager/core/worker.py", line 487, in _build_request
    raise ValueError(f"unknown or disabled label '{job.label_name}'")
ValueError: unknown or disabled label 'B'
2026-07-08 23:13:59 INFO     [onshape_export_manager.worker] Running queued export id=ddb6ab28-687f-440c-afe2-db79a5ab0fdb label=A profile=STL
2026-07-08 23:13:59 ERROR    [onshape_export_manager.worker] Queued export failed id=ddb6ab28-687f-440c-afe2-db79a5ab0fdb: ValueError: unknown or disabled label 'A'
Traceback (most recent call last):
  File "/Users/hrebis/Desktop/OnshapeExportTool/onshape_export_manager/core/worker.py", line 372, in _run_job
    request = self._build_request(job)
  File "/Users/hrebis/Desktop/OnshapeExportTool/onshape_export_manager/core/worker.py", line 487, in _build_request
    raise ValueError(f"unknown or disabled label '{job.label_name}'")
ValueError: unknown or disabled label 'A'
2026-07-08 23:13:59 INFO     [onshape_export_manager.worker] Running queued export id=342b5c50-7c7d-44b4-a47e-03dcf0ffee3a label=B profile=STL
2026-07-08 23:13:59 ERROR    [onshape_export_manager.worker] Queued export failed id=342b5c50-7c7d-44b4-a47e-03dcf0ffee3a: ValueError: unknown or disabled label 'B'
Traceback (most recent call last):
  File "/Users/hrebis/Desktop/OnshapeExportTool/onshape_export_manager/core/worker.py", line 372, in _run_job
    request = self._build_request(job)
  File "/Users/hrebis/Desktop/OnshapeExportTool/onshape_export_manager/core/worker.py", line 487, in _build_request
    raise ValueError(f"unknown or disabled label '{job.label_name}'")
ValueError: unknown or disabled label 'B'
2026-07-08 23:14:04 INFO     [onshape_export_manager.worker] Running queued export id=ddb6ab28-687f-440c-afe2-db79a5ab0fdb label=A profile=STL
2026-07-08 23:14:04 ERROR    [onshape_export_manager.worker] Queued export failed id=ddb6ab28-687f-440c-afe2-db79a5ab0fdb: ValueError: unknown or disabled label 'A'
Traceback (most recent call last):
  File "/Users/hrebis/Desktop/OnshapeExportTool/onshape_export_manager/core/worker.py", line 372, in _run_job
    request = self._build_request(job)
  File "/Users/hrebis/Desktop/OnshapeExportTool/onshape_export_manager/core/worker.py", line 487, in _build_request
    raise ValueError(f"unknown or disabled label '{job.label_name}'")
ValueError: unknown or disabled label 'A'
2026-07-08 23:14:04 INFO     [onshape_export_manager.worker] Running queued export id=342b5c50-7c7d-44b4-a47e-03dcf0ffee3a label=B profile=STL
2026-07-08 23:14:04 ERROR    [onshape_export_manager.worker] Queued export failed id=342b5c50-7c7d-44b4-a47e-03dcf0ffee3a: ValueError: unknown or disabled label 'B'
Traceback (most recent call last):
  File "/Users/hrebis/Desktop/OnshapeExportTool/onshape_export_manager/core/worker.py", line 372, in _run_job
    request = self._build_request(job)
  File "/Users/hrebis/Desktop/OnshapeExportTool/onshape_export_manager/core/worker.py", line 487, in _build_request
    raise ValueError(f"unknown or disabled label '{job.label_name}'")
ValueError: unknown or disabled label 'B'
2026-07-08 23:21:05 INFO     [onshape_export_manager.worker] Running queued export id=ce4b271a-d88f-4555-84bf-ee0341d09e8d label=A profile=STL
2026-07-08 23:21:05 ERROR    [onshape_export_manager.worker] Queued export failed id=ce4b271a-d88f-4555-84bf-ee0341d09e8d: ValueError: unknown or disabled label 'A'
Traceback (most recent call last):
  File "/Users/hrebis/Desktop/OnshapeExportTool/onshape_export_manager/core/worker.py", line 372, in _run_job
    request = self._build_request(job)
  File "/Users/hrebis/Desktop/OnshapeExportTool/onshape_export_manager/core/worker.py", line 487, in _build_request
    raise ValueError(f"unknown or disabled label '{job.label_name}'")
ValueError: unknown or disabled label 'A'
2026-07-08 23:21:05 INFO     [onshape_export_manager.worker] Running queued export id=7bd59551-ae4a-4845-8ad7-2e6cb50542b3 label=B profile=STL
2026-07-08 23:21:05 ERROR    [onshape_export_manager.worker] Queued export failed id=7bd59551-ae4a-4845-8ad7-2e6cb50542b3: ValueError: unknown or disabled label 'B'
Traceback (most recent call last):
  File "/Users/hrebis/Desktop/OnshapeExportTool/onshape_export_manager/core/worker.py", line 372, in _run_job
    request = self._build_request(job)
  File "/Users/hrebis/Desktop/OnshapeExportTool/onshape_export_manager/core/worker.py", line 487, in _build_request
    raise ValueError(f"unknown or disabled label '{job.label_name}'")
ValueError: unknown or disabled label 'B'
2026-07-08 23:21:10 INFO     [onshape_export_manager.worker] Running queued export id=ce4b271a-d88f-4555-84bf-ee0341d09e8d label=A profile=STL
2026-07-08 23:21:10 ERROR    [onshape_export_manager.worker] Queued export failed id=ce4b271a-d88f-4555-84bf-ee0341d09e8d: ValueError: unknown or disabled label 'A'
Traceback (most recent call last):
  File "/Users/hrebis/Desktop/OnshapeExportTool/onshape_export_manager/core/worker.py", line 372, in _run_job
    request = self._build_request(job)
  File "/Users/hrebis/Desktop/OnshapeExportTool/onshape_export_manager/core/worker.py", line 487, in _build_request
    raise ValueError(f"unknown or disabled label '{job.label_name}'")
ValueError: unknown or disabled label 'A'
2026-07-08 23:21:10 INFO     [onshape_export_manager.worker] Running queued export id=7bd59551-ae4a-4845-8ad7-2e6cb50542b3 label=B profile=STL
2026-07-08 23:21:10 ERROR    [onshape_export_manager.worker] Queued export failed id=7bd59551-ae4a-4845-8ad7-2e6cb50542b3: ValueError: unknown or disabled label 'B'
Traceback (most recent call last):
  File "/Users/hrebis/Desktop/OnshapeExportTool/onshape_export_manager/core/worker.py", line 372, in _run_job
    request = self._build_request(job)
  File "/Users/hrebis/Desktop/OnshapeExportTool/onshape_export_manager/core/worker.py", line 487, in _build_request
    raise ValueError(f"unknown or disabled label '{job.label_name}'")
ValueError: unknown or disabled label 'B'
2026-07-08 23:21:15 INFO     [onshape_export_manager.worker] Running queued export id=ce4b271a-d88f-4555-84bf-ee0341d09e8d label=A profile=STL
2026-07-08 23:21:15 ERROR    [onshape_export_manager.worker] Queued export failed id=ce4b271a-d88f-4555-84bf-ee0341d09e8d: ValueError: unknown or disabled label 'A'
Traceback (most recent call last):
  File "/Users/hrebis/Desktop/OnshapeExportTool/onshape_export_manager/core/worker.py", line 372, in _run_job
    request = self._build_request(job)
  File "/Users/hrebis/Desktop/OnshapeExportTool/onshape_export_manager/core/worker.py", line 487, in _build_request
    raise ValueError(f"unknown or disabled label '{job.label_name}'")
ValueError: unknown or disabled label 'A'
2026-07-08 23:21:15 INFO     [onshape_export_manager.worker] Running queued export id=7bd59551-ae4a-4845-8ad7-2e6cb50542b3 label=B profile=STL
2026-07-08 23:21:15 ERROR    [onshape_export_manager.worker] Queued export failed id=7bd59551-ae4a-4845-8ad7-2e6cb50542b3: ValueError: unknown or disabled label 'B'
Traceback (most recent call last):
  File "/Users/hrebis/Desktop/OnshapeExportTool/onshape_export_manager/core/worker.py", line 372, in _run_job
    request = self._build_request(job)
  File "/Users/hrebis/Desktop/OnshapeExportTool/onshape_export_manager/core/worker.py", line 487, in _build_request
    raise ValueError(f"unknown or disabled label '{job.label_name}'")
ValueError: unknown or disabled label 'B'
2026-07-08 23:21:20 INFO     [onshape_export_manager.worker] Scheduler subscribed to LABELS_CHANGED events
2026-07-08 23:21:20 INFO     [onshape_export_manager.worker] Started 4 background worker thread(s) (poll=5.0s, max_jobs_per_tick=25)
2026-07-08 23:21:20 INFO     [onshape_export_manager.worker] Running queued export id=ce4b271a-d88f-4555-84bf-ee0341d09e8d label=A profile=STL
2026-07-08 23:21:20 INFO     [onshape_export_manager.worker] Running queued export id=7bd59551-ae4a-4845-8ad7-2e6cb50542b3 label=B profile=STL
2026-07-08 23:21:20 ERROR    [onshape_export_manager.worker] Queued export failed id=ce4b271a-d88f-4555-84bf-ee0341d09e8d: ValueError: unknown or disabled label 'A'
Traceback (most recent call last):
  File "/Users/hrebis/Desktop/OnshapeExportTool/onshape_export_manager/core/worker.py", line 372, in _run_job
    request = self._build_request(job)
  File "/Users/hrebis/Desktop/OnshapeExportTool/onshape_export_manager/core/worker.py", line 487, in _build_request
    raise ValueError(f"unknown or disabled label '{job.label_name}'")
ValueError: unknown or disabled label 'A'
2026-07-08 23:21:20 ERROR    [onshape_export_manager.worker] Queued export failed id=7bd59551-ae4a-4845-8ad7-2e6cb50542b3: ValueError: unknown or disabled label 'B'
Traceback (most recent call last):
  File "/Users/hrebis/Desktop/OnshapeExportTool/onshape_export_manager/core/worker.py", line 372, in _run_job
    request = self._build_request(job)
  File "/Users/hrebis/Desktop/OnshapeExportTool/onshape_export_manager/core/worker.py", line 487, in _build_request
    raise ValueError(f"unknown or disabled label '{job.label_name}'")
ValueError: unknown or disabled label 'B'
2026-07-08 23:28:58 INFO     [onshape_export_manager.worker] Scheduler subscribed to LABELS_CHANGED events
2026-07-08 23:28:58 INFO     [onshape_export_manager.worker] Started 4 background worker thread(s) (poll=5.0s, max_jobs_per_tick=25)
2026-07-08 23:30:17 INFO     [onshape_export_manager.worker] Scheduler subscribed to LABELS_CHANGED events
2026-07-08 23:30:17 INFO     [onshape_export_manager.worker] Started 4 background worker thread(s) (poll=5.0s, max_jobs_per_tick=25)
2026-07-08 23:32:01 INFO     [onshape_export_manager.worker] Scheduler subscribed to LABELS_CHANGED events
2026-07-08 23:32:01 INFO     [onshape_export_manager.worker] Started 4 background worker thread(s) (poll=5.0s, max_jobs_per_tick=25)
2026-07-08 23:33:19 INFO     [onshape_export_manager.worker] Scheduler subscribed to LABELS_CHANGED events
2026-07-08 23:33:19 INFO     [onshape_export_manager.worker] Started 4 background worker thread(s) (poll=5.0s, max_jobs_per_tick=25)
2026-07-08 23:34:04 INFO     [onshape_export_manager.worker] Scheduler subscribed to LABELS_CHANGED events
2026-07-08 23:34:04 INFO     [onshape_export_manager.worker] Started 4 background worker thread(s) (poll=5.0s, max_jobs_per_tick=25)
2026-07-08 23:35:39 INFO     [onshape_export_manager.worker] Scheduler subscribed to LABELS_CHANGED events
2026-07-08 23:35:39 INFO     [onshape_export_manager.worker] Started 4 background worker thread(s) (poll=5.0s, max_jobs_per_tick=25)
2026-07-08 23:41:10 INFO     [onshape_export_manager.worker] Running queued export id=4add9266-10b8-4f91-a5b5-7942d088985f label=A profile=STL
2026-07-08 23:41:10 ERROR    [onshape_export_manager.worker] Queued export failed id=4add9266-10b8-4f91-a5b5-7942d088985f: ValueError: unknown or disabled label 'A'
Traceback (most recent call last):
  File "/Users/hrebis/Desktop/OnshapeExportTool/onshape_export_manager/core/worker.py", line 372, in _run_job
    request = self._build_request(job)
  File "/Users/hrebis/Desktop/OnshapeExportTool/onshape_export_manager/core/worker.py", line 487, in _build_request
    raise ValueError(f"unknown or disabled label '{job.label_name}'")
ValueError: unknown or disabled label 'A'
2026-07-08 23:41:10 INFO     [onshape_export_manager.worker] Running queued export id=3539fbe1-da08-46ce-986e-7aa1b9b0275d label=B profile=STL
2026-07-08 23:41:10 ERROR    [onshape_export_manager.worker] Queued export failed id=3539fbe1-da08-46ce-986e-7aa1b9b0275d: ValueError: unknown or disabled label 'B'
Traceback (most recent call last):
  File "/Users/hrebis/Desktop/OnshapeExportTool/onshape_export_manager/core/worker.py", line 372, in _run_job
    request = self._build_request(job)
  File "/Users/hrebis/Desktop/OnshapeExportTool/onshape_export_manager/core/worker.py", line 487, in _build_request
    raise ValueError(f"unknown or disabled label '{job.label_name}'")
ValueError: unknown or disabled label 'B'
2026-07-08 23:41:15 INFO     [onshape_export_manager.worker] Running queued export id=4add9266-10b8-4f91-a5b5-7942d088985f label=A profile=STL
2026-07-08 23:41:15 ERROR    [onshape_export_manager.worker] Queued export failed id=4add9266-10b8-4f91-a5b5-7942d088985f: ValueError: unknown or disabled label 'A'
Traceback (most recent call last):
  File "/Users/hrebis/Desktop/OnshapeExportTool/onshape_export_manager/core/worker.py", line 372, in _run_job
    request = self._build_request(job)
  File "/Users/hrebis/Desktop/OnshapeExportTool/onshape_export_manager/core/worker.py", line 487, in _build_request
    raise ValueError(f"unknown or disabled label '{job.label_name}'")
ValueError: unknown or disabled label 'A'
2026-07-08 23:41:15 INFO     [onshape_export_manager.worker] Running queued export id=3539fbe1-da08-46ce-986e-7aa1b9b0275d label=B profile=STL
2026-07-08 23:41:15 ERROR    [onshape_export_manager.worker] Queued export failed id=3539fbe1-da08-46ce-986e-7aa1b9b0275d: ValueError: unknown or disabled label 'B'
Traceback (most recent call last):
  File "/Users/hrebis/Desktop/OnshapeExportTool/onshape_export_manager/core/worker.py", line 372, in _run_job
    request = self._build_request(job)
  File "/Users/hrebis/Desktop/OnshapeExportTool/onshape_export_manager/core/worker.py", line 487, in _build_request
    raise ValueError(f"unknown or disabled label '{job.label_name}'")
ValueError: unknown or disabled label 'B'
2026-07-08 23:41:20 INFO     [onshape_export_manager.worker] Running queued export id=4add9266-10b8-4f91-a5b5-7942d088985f label=A profile=STL
2026-07-08 23:41:20 ERROR    [onshape_export_manager.worker] Queued export failed id=4add9266-10b8-4f91-a5b5-7942d088985f: ValueError: unknown or disabled label 'A'
Traceback (most recent call last):
  File "/Users/hrebis/Desktop/OnshapeExportTool/onshape_export_manager/core/worker.py", line 372, in _run_job
    request = self._build_request(job)
  File "/Users/hrebis/Desktop/OnshapeExportTool/onshape_export_manager/core/worker.py", line 487, in _build_request
    raise ValueError(f"unknown or disabled label '{job.label_name}'")
ValueError: unknown or disabled label 'A'
2026-07-08 23:41:20 INFO     [onshape_export_manager.worker] Running queued export id=3539fbe1-da08-46ce-986e-7aa1b9b0275d label=B profile=STL
2026-07-08 23:41:20 ERROR    [onshape_export_manager.worker] Queued export failed id=3539fbe1-da08-46ce-986e-7aa1b9b0275d: ValueError: unknown or disabled label 'B'
Traceback (most recent call last):
  File "/Users/hrebis/Desktop/OnshapeExportTool/onshape_export_manager/core/worker.py", line 372, in _run_job
    request = self._build_request(job)
  File "/Users/hrebis/Desktop/OnshapeExportTool/onshape_export_manager/core/worker.py", line 487, in _build_request
    raise ValueError(f"unknown or disabled label '{job.label_name}'")
ValueError: unknown or disabled label 'B'
2026-07-08 23:41:25 INFO     [onshape_export_manager.worker] Running queued export id=4add9266-10b8-4f91-a5b5-7942d088985f label=A profile=STL
2026-07-08 23:41:25 ERROR    [onshape_export_manager.worker] Queued export failed id=4add9266-10b8-4f91-a5b5-7942d088985f: ValueError: unknown or disabled label 'A'
Traceback (most recent call last):
  File "/Users/hrebis/Desktop/OnshapeExportTool/onshape_export_manager/core/worker.py", line 372, in _run_job
    request = self._build_request(job)
  File "/Users/hrebis/Desktop/OnshapeExportTool/onshape_export_manager/core/worker.py", line 487, in _build_request
    raise ValueError(f"unknown or disabled label '{job.label_name}'")
ValueError: unknown or disabled label 'A'
2026-07-08 23:41:25 INFO     [onshape_export_manager.worker] Running queued export id=3539fbe1-da08-46ce-986e-7aa1b9b0275d label=B profile=STL
2026-07-08 23:41:25 ERROR    [onshape_export_manager.worker] Queued export failed id=3539fbe1-da08-46ce-986e-7aa1b9b0275d: ValueError: unknown or disabled label 'B'
Traceback (most recent call last):
  File "/Users/hrebis/Desktop/OnshapeExportTool/onshape_export_manager/core/worker.py", line 372, in _run_job
    request = self._build_request(job)
  File "/Users/hrebis/Desktop/OnshapeExportTool/onshape_export_manager/core/worker.py", line 487, in _build_request
    raise ValueError(f"unknown or disabled label '{job.label_name}'")
ValueError: unknown or disabled label 'B'
2026-07-09 00:08:34 INFO     [onshape_export_manager.worker] Scheduler subscribed to LABELS_CHANGED events
2026-07-09 00:08:34 INFO     [onshape_export_manager.worker] Started 4 background worker thread(s) (poll=5.0s, max_jobs_per_tick=25)
2026-07-09 00:14:35 INFO     [onshape_export_manager.worker] Running queued export id=ee9b37d9-9488-4722-bb8f-4cc2b897265e label=A profile=STL
2026-07-09 00:14:35 INFO     [onshape_export_manager.worker] Running queued export id=5d02025f-55c2-41a8-8ac0-b25e0cdf6673 label=B profile=STL
2026-07-09 00:14:35 ERROR    [onshape_export_manager.worker] Queued export failed id=ee9b37d9-9488-4722-bb8f-4cc2b897265e: ValueError: unknown or disabled label 'A'
Traceback (most recent call last):
  File "/Users/hrebis/Desktop/OnshapeExportTool/onshape_export_manager/core/worker.py", line 372, in _run_job
    request = self._build_request(job)
  File "/Users/hrebis/Desktop/OnshapeExportTool/onshape_export_manager/core/worker.py", line 487, in _build_request
    raise ValueError(f"unknown or disabled label '{job.label_name}'")
ValueError: unknown or disabled label 'A'
2026-07-09 00:14:35 ERROR    [onshape_export_manager.worker] Queued export failed id=5d02025f-55c2-41a8-8ac0-b25e0cdf6673: ValueError: unknown or disabled label 'B'
Traceback (most recent call last):
  File "/Users/hrebis/Desktop/OnshapeExportTool/onshape_export_manager/core/worker.py", line 372, in _run_job
    request = self._build_request(job)
  File "/Users/hrebis/Desktop/OnshapeExportTool/onshape_export_manager/core/worker.py", line 487, in _build_request
    raise ValueError(f"unknown or disabled label '{job.label_name}'")
ValueError: unknown or disabled label 'B'
2026-07-09 00:14:40 INFO     [onshape_export_manager.worker] Running queued export id=ee9b37d9-9488-4722-bb8f-4cc2b897265e label=A profile=STL
2026-07-09 00:14:40 ERROR    [onshape_export_manager.worker] Queued export failed id=ee9b37d9-9488-4722-bb8f-4cc2b897265e: ValueError: unknown or disabled label 'A'
Traceback (most recent call last):
  File "/Users/hrebis/Desktop/OnshapeExportTool/onshape_export_manager/core/worker.py", line 372, in _run_job
    request = self._build_request(job)
  File "/Users/hrebis/Desktop/OnshapeExportTool/onshape_export_manager/core/worker.py", line 487, in _build_request
    raise ValueError(f"unknown or disabled label '{job.label_name}'")
ValueError: unknown or disabled label 'A'
2026-07-09 00:14:40 INFO     [onshape_export_manager.worker] Running queued export id=5d02025f-55c2-41a8-8ac0-b25e0cdf6673 label=B profile=STL
2026-07-09 00:14:40 ERROR    [onshape_export_manager.worker] Queued export failed id=5d02025f-55c2-41a8-8ac0-b25e0cdf6673: ValueError: unknown or disabled label 'B'
Traceback (most recent call last):
  File "/Users/hrebis/Desktop/OnshapeExportTool/onshape_export_manager/core/worker.py", line 372, in _run_job
    request = self._build_request(job)
  File "/Users/hrebis/Desktop/OnshapeExportTool/onshape_export_manager/core/worker.py", line 487, in _build_request
    raise ValueError(f"unknown or disabled label '{job.label_name}'")
ValueError: unknown or disabled label 'B'
2026-07-09 00:14:45 INFO     [onshape_export_manager.worker] Running queued export id=ee9b37d9-9488-4722-bb8f-4cc2b897265e label=A profile=STL
2026-07-09 00:14:45 ERROR    [onshape_export_manager.worker] Queued export failed id=ee9b37d9-9488-4722-bb8f-4cc2b897265e: ValueError: unknown or disabled label 'A'
Traceback (most recent call last):
  File "/Users/hrebis/Desktop/OnshapeExportTool/onshape_export_manager/core/worker.py", line 372, in _run_job
    request = self._build_request(job)
  File "/Users/hrebis/Desktop/OnshapeExportTool/onshape_export_manager/core/worker.py", line 487, in _build_request
    raise ValueError(f"unknown or disabled label '{job.label_name}'")
ValueError: unknown or disabled label 'A'
2026-07-09 00:14:45 INFO     [onshape_export_manager.worker] Running queued export id=5d02025f-55c2-41a8-8ac0-b25e0cdf6673 label=B profile=STL
2026-07-09 00:14:45 ERROR    [onshape_export_manager.worker] Queued export failed id=5d02025f-55c2-41a8-8ac0-b25e0cdf6673: ValueError: unknown or disabled label 'B'
Traceback (most recent call last):
  File "/Users/hrebis/Desktop/OnshapeExportTool/onshape_export_manager/core/worker.py", line 372, in _run_job
    request = self._build_request(job)
  File "/Users/hrebis/Desktop/OnshapeExportTool/onshape_export_manager/core/worker.py", line 487, in _build_request
    raise ValueError(f"unknown or disabled label '{job.label_name}'")
ValueError: unknown or disabled label 'B'
2026-07-09 00:14:50 INFO     [onshape_export_manager.worker] Running queued export id=ee9b37d9-9488-4722-bb8f-4cc2b897265e label=A profile=STL
2026-07-09 00:14:50 ERROR    [onshape_export_manager.worker] Queued export failed id=ee9b37d9-9488-4722-bb8f-4cc2b897265e: ValueError: unknown or disabled label 'A'
Traceback (most recent call last):
  File "/Users/hrebis/Desktop/OnshapeExportTool/onshape_export_manager/core/worker.py", line 372, in _run_job
    request = self._build_request(job)
  File "/Users/hrebis/Desktop/OnshapeExportTool/onshape_export_manager/core/worker.py", line 487, in _build_request
    raise ValueError(f"unknown or disabled label '{job.label_name}'")
ValueError: unknown or disabled label 'A'
2026-07-09 00:14:50 INFO     [onshape_export_manager.worker] Running queued export id=5d02025f-55c2-41a8-8ac0-b25e0cdf6673 label=B profile=STL
2026-07-09 00:14:50 ERROR    [onshape_export_manager.worker] Queued export failed id=5d02025f-55c2-41a8-8ac0-b25e0cdf6673: ValueError: unknown or disabled label 'B'
Traceback (most recent call last):
  File "/Users/hrebis/Desktop/OnshapeExportTool/onshape_export_manager/core/worker.py", line 372, in _run_job
    request = self._build_request(job)
  File "/Users/hrebis/Desktop/OnshapeExportTool/onshape_export_manager/core/worker.py", line 487, in _build_request
    raise ValueError(f"unknown or disabled label '{job.label_name}'")
ValueError: unknown or disabled label 'B'
2026-07-09 00:21:00 INFO     [onshape_export_manager.worker] Scheduler subscribed to LABELS_CHANGED events
2026-07-09 00:21:00 INFO     [onshape_export_manager.worker] Started 4 background worker thread(s) (poll=5.0s, max_jobs_per_tick=25)
2026-07-09 00:21:30 INFO     [onshape_export_manager.worker] Running queued export id=7ebc1626-d1a6-4676-b525-ed48124579bc label=A profile=STL
2026-07-09 00:21:30 INFO     [onshape_export_manager.worker] Running queued export id=26c054e7-7404-4dd7-b01e-de37104a1b93 label=B profile=STL
2026-07-09 00:21:30 ERROR    [onshape_export_manager.worker] Queued export failed id=26c054e7-7404-4dd7-b01e-de37104a1b93: ValueError: unknown or disabled label 'B'
Traceback (most recent call last):
  File "/Users/hrebis/Desktop/OnshapeExportTool/onshape_export_manager/core/worker.py", line 372, in _run_job
    request = self._build_request(job)
  File "/Users/hrebis/Desktop/OnshapeExportTool/onshape_export_manager/core/worker.py", line 487, in _build_request
    raise ValueError(f"unknown or disabled label '{job.label_name}'")
ValueError: unknown or disabled label 'B'
2026-07-09 00:21:30 ERROR    [onshape_export_manager.worker] Queued export failed id=7ebc1626-d1a6-4676-b525-ed48124579bc: ValueError: unknown or disabled label 'A'
Traceback (most recent call last):
  File "/Users/hrebis/Desktop/OnshapeExportTool/onshape_export_manager/core/worker.py", line 372, in _run_job
    request = self._build_request(job)
  File "/Users/hrebis/Desktop/OnshapeExportTool/onshape_export_manager/core/worker.py", line 487, in _build_request
    raise ValueError(f"unknown or disabled label '{job.label_name}'")
ValueError: unknown or disabled label 'A'
2026-07-09 00:21:35 INFO     [onshape_export_manager.worker] Running queued export id=7ebc1626-d1a6-4676-b525-ed48124579bc label=A profile=STL
2026-07-09 00:21:35 ERROR    [onshape_export_manager.worker] Queued export failed id=7ebc1626-d1a6-4676-b525-ed48124579bc: ValueError: unknown or disabled label 'A'
Traceback (most recent call last):
  File "/Users/hrebis/Desktop/OnshapeExportTool/onshape_export_manager/core/worker.py", line 372, in _run_job
    request = self._build_request(job)
  File "/Users/hrebis/Desktop/OnshapeExportTool/onshape_export_manager/core/worker.py", line 487, in _build_request
    raise ValueError(f"unknown or disabled label '{job.label_name}'")
ValueError: unknown or disabled label 'A'
2026-07-09 00:21:35 INFO     [onshape_export_manager.worker] Running queued export id=26c054e7-7404-4dd7-b01e-de37104a1b93 label=B profile=STL
2026-07-09 00:21:35 ERROR    [onshape_export_manager.worker] Queued export failed id=26c054e7-7404-4dd7-b01e-de37104a1b93: ValueError: unknown or disabled label 'B'
Traceback (most recent call last):
  File "/Users/hrebis/Desktop/OnshapeExportTool/onshape_export_manager/core/worker.py", line 372, in _run_job
    request = self._build_request(job)
  File "/Users/hrebis/Desktop/OnshapeExportTool/onshape_export_manager/core/worker.py", line 487, in _build_request
    raise ValueError(f"unknown or disabled label '{job.label_name}'")
ValueError: unknown or disabled label 'B'
2026-07-09 00:21:40 INFO     [onshape_export_manager.worker] Running queued export id=7ebc1626-d1a6-4676-b525-ed48124579bc label=A profile=STL
2026-07-09 00:21:40 INFO     [onshape_export_manager.worker] Running queued export id=26c054e7-7404-4dd7-b01e-de37104a1b93 label=B profile=STL
2026-07-09 00:21:40 ERROR    [onshape_export_manager.worker] Queued export failed id=26c054e7-7404-4dd7-b01e-de37104a1b93: ValueError: unknown or disabled label 'B'
Traceback (most recent call last):
  File "/Users/hrebis/Desktop/OnshapeExportTool/onshape_export_manager/core/worker.py", line 372, in _run_job
    request = self._build_request(job)
  File "/Users/hrebis/Desktop/OnshapeExportTool/onshape_export_manager/core/worker.py", line 487, in _build_request
    raise ValueError(f"unknown or disabled label '{job.label_name}'")
ValueError: unknown or disabled label 'B'
2026-07-09 00:21:40 ERROR    [onshape_export_manager.worker] Queued export failed id=7ebc1626-d1a6-4676-b525-ed48124579bc: ValueError: unknown or disabled label 'A'
Traceback (most recent call last):
  File "/Users/hrebis/Desktop/OnshapeExportTool/onshape_export_manager/core/worker.py", line 372, in _run_job
    request = self._build_request(job)
  File "/Users/hrebis/Desktop/OnshapeExportTool/onshape_export_manager/core/worker.py", line 487, in _build_request
    raise ValueError(f"unknown or disabled label '{job.label_name}'")
ValueError: unknown or disabled label 'A'
2026-07-09 00:21:45 INFO     [onshape_export_manager.worker] Running queued export id=7ebc1626-d1a6-4676-b525-ed48124579bc label=A profile=STL
2026-07-09 00:21:45 ERROR    [onshape_export_manager.worker] Queued export failed id=7ebc1626-d1a6-4676-b525-ed48124579bc: ValueError: unknown or disabled label 'A'
Traceback (most recent call last):
  File "/Users/hrebis/Desktop/OnshapeExportTool/onshape_export_manager/core/worker.py", line 372, in _run_job
    request = self._build_request(job)
  File "/Users/hrebis/Desktop/OnshapeExportTool/onshape_export_manager/core/worker.py", line 487, in _build_request
    raise ValueError(f"unknown or disabled label '{job.label_name}'")
ValueError: unknown or disabled label 'A'
2026-07-09 00:21:45 INFO     [onshape_export_manager.worker] Running queued export id=26c054e7-7404-4dd7-b01e-de37104a1b93 label=B profile=STL
2026-07-09 00:21:45 ERROR    [onshape_export_manager.worker] Queued export failed id=26c054e7-7404-4dd7-b01e-de37104a1b93: ValueError: unknown or disabled label 'B'
Traceback (most recent call last):
  File "/Users/hrebis/Desktop/OnshapeExportTool/onshape_export_manager/core/worker.py", line 372, in _run_job
    request = self._build_request(job)
  File "/Users/hrebis/Desktop/OnshapeExportTool/onshape_export_manager/core/worker.py", line 487, in _build_request
    raise ValueError(f"unknown or disabled label '{job.label_name}'")
ValueError: unknown or disabled label 'B'
2026-07-09 00:30:11 INFO     [onshape_export_manager.worker] Running queued export id=b58997f7-f6d6-45f6-89e0-724e69be1b10 label=A profile=STL
2026-07-09 00:30:11 INFO     [onshape_export_manager.worker] Running queued export id=8e0e7b34-deae-4b34-95a1-60ffa972566b label=B profile=STL
2026-07-09 00:30:11 ERROR    [onshape_export_manager.worker] Queued export failed id=8e0e7b34-deae-4b34-95a1-60ffa972566b: ValueError: unknown or disabled label 'B'
Traceback (most recent call last):
  File "/Users/hrebis/Desktop/OnshapeExportTool/onshape_export_manager/core/worker.py", line 372, in _run_job
    request = self._build_request(job)
  File "/Users/hrebis/Desktop/OnshapeExportTool/onshape_export_manager/core/worker.py", line 487, in _build_request
    raise ValueError(f"unknown or disabled label '{job.label_name}'")
ValueError: unknown or disabled label 'B'
2026-07-09 00:30:11 ERROR    [onshape_export_manager.worker] Queued export failed id=b58997f7-f6d6-45f6-89e0-724e69be1b10: ValueError: unknown or disabled label 'A'
Traceback (most recent call last):
  File "/Users/hrebis/Desktop/OnshapeExportTool/onshape_export_manager/core/worker.py", line 372, in _run_job
    request = self._build_request(job)
  File "/Users/hrebis/Desktop/OnshapeExportTool/onshape_export_manager/core/worker.py", line 487, in _build_request
    raise ValueError(f"unknown or disabled label '{job.label_name}'")
ValueError: unknown or disabled label 'A'
2026-07-09 00:30:16 INFO     [onshape_export_manager.worker] Running queued export id=b58997f7-f6d6-45f6-89e0-724e69be1b10 label=A profile=STL
2026-07-09 00:30:16 INFO     [onshape_export_manager.worker] Running queued export id=8e0e7b34-deae-4b34-95a1-60ffa972566b label=B profile=STL
2026-07-09 00:30:16 ERROR    [onshape_export_manager.worker] Queued export failed id=b58997f7-f6d6-45f6-89e0-724e69be1b10: ValueError: unknown or disabled label 'A'
Traceback (most recent call last):
  File "/Users/hrebis/Desktop/OnshapeExportTool/onshape_export_manager/core/worker.py", line 372, in _run_job
    request = self._build_request(job)
  File "/Users/hrebis/Desktop/OnshapeExportTool/onshape_export_manager/core/worker.py", line 487, in _build_request
    raise ValueError(f"unknown or disabled label '{job.label_name}'")
ValueError: unknown or disabled label 'A'
2026-07-09 00:30:16 ERROR    [onshape_export_manager.worker] Queued export failed id=8e0e7b34-deae-4b34-95a1-60ffa972566b: ValueError: unknown or disabled label 'B'
Traceback (most recent call last):
  File "/Users/hrebis/Desktop/OnshapeExportTool/onshape_export_manager/core/worker.py", line 372, in _run_job
    request = self._build_request(job)
  File "/Users/hrebis/Desktop/OnshapeExportTool/onshape_export_manager/core/worker.py", line 487, in _build_request
    raise ValueError(f"unknown or disabled label '{job.label_name}'")
ValueError: unknown or disabled label 'B'
2026-07-09 00:30:21 INFO     [onshape_export_manager.worker] Scheduler subscribed to LABELS_CHANGED events
2026-07-09 00:30:21 INFO     [onshape_export_manager.worker] Started 4 background worker thread(s) (poll=5.0s, max_jobs_per_tick=25)
2026-07-09 00:30:21 INFO     [onshape_export_manager.worker] Running queued export id=b58997f7-f6d6-45f6-89e0-724e69be1b10 label=A profile=STL
2026-07-09 00:30:21 INFO     [onshape_export_manager.worker] Running queued export id=8e0e7b34-deae-4b34-95a1-60ffa972566b label=B profile=STL
2026-07-09 00:30:21 ERROR    [onshape_export_manager.worker] Queued export failed id=b58997f7-f6d6-45f6-89e0-724e69be1b10: ValueError: unknown or disabled label 'A'
Traceback (most recent call last):
  File "/Users/hrebis/Desktop/OnshapeExportTool/onshape_export_manager/core/worker.py", line 372, in _run_job
    request = self._build_request(job)
  File "/Users/hrebis/Desktop/OnshapeExportTool/onshape_export_manager/core/worker.py", line 487, in _build_request
    raise ValueError(f"unknown or disabled label '{job.label_name}'")
ValueError: unknown or disabled label 'A'
2026-07-09 00:30:21 ERROR    [onshape_export_manager.worker] Queued export failed id=8e0e7b34-deae-4b34-95a1-60ffa972566b: ValueError: unknown or disabled label 'B'
Traceback (most recent call last):
  File "/Users/hrebis/Desktop/OnshapeExportTool/onshape_export_manager/core/worker.py", line 372, in _run_job
    request = self._build_request(job)
  File "/Users/hrebis/Desktop/OnshapeExportTool/onshape_export_manager/core/worker.py", line 487, in _build_request
    raise ValueError(f"unknown or disabled label '{job.label_name}'")
ValueError: unknown or disabled label 'B'
2026-07-09 00:30:26 INFO     [onshape_export_manager.worker] Running queued export id=b58997f7-f6d6-45f6-89e0-724e69be1b10 label=A profile=STL
2026-07-09 00:30:26 INFO     [onshape_export_manager.worker] Running queued export id=8e0e7b34-deae-4b34-95a1-60ffa972566b label=B profile=STL
2026-07-09 00:30:26 ERROR    [onshape_export_manager.worker] Queued export failed id=b58997f7-f6d6-45f6-89e0-724e69be1b10: ValueError: unknown or disabled label 'A'
Traceback (most recent call last):
  File "/Users/hrebis/Desktop/OnshapeExportTool/onshape_export_manager/core/worker.py", line 372, in _run_job
    request = self._build_request(job)
  File "/Users/hrebis/Desktop/OnshapeExportTool/onshape_export_manager/core/worker.py", line 487, in _build_request
    raise ValueError(f"unknown or disabled label '{job.label_name}'")
ValueError: unknown or disabled label 'A'
2026-07-09 00:30:26 ERROR    [onshape_export_manager.worker] Queued export failed id=8e0e7b34-deae-4b34-95a1-60ffa972566b: ValueError: unknown or disabled label 'B'
Traceback (most recent call last):
  File "/Users/hrebis/Desktop/OnshapeExportTool/onshape_export_manager/core/worker.py", line 372, in _run_job
    request = self._build_request(job)
  File "/Users/hrebis/Desktop/OnshapeExportTool/onshape_export_manager/core/worker.py", line 487, in _build_request
    raise ValueError(f"unknown or disabled label '{job.label_name}'")
ValueError: unknown or disabled label 'B'
2026-07-09 00:31:31 INFO     [onshape_export_manager.worker] Scheduler subscribed to LABELS_CHANGED events
2026-07-09 00:31:31 INFO     [onshape_export_manager.worker] Started 4 background worker thread(s) (poll=5.0s, max_jobs_per_tick=25)
2026-07-09 00:32:03 INFO     [onshape_export_manager.worker] Scheduler subscribed to LABELS_CHANGED events
2026-07-09 00:32:03 INFO     [onshape_export_manager.worker] Started 4 background worker thread(s) (poll=5.0s, max_jobs_per_tick=25)
2026-07-09 00:33:27 INFO     [onshape_export_manager.worker] Scheduler subscribed to LABELS_CHANGED events
2026-07-09 00:33:27 INFO     [onshape_export_manager.worker] Started 4 background worker thread(s) (poll=5.0s, max_jobs_per_tick=25)
2026-07-09 00:33:27 INFO     [onshape_export_manager.worker] Running queued export id=8a8d2cfe-eda5-4ade-9dca-fb4de33bdc0d label=A profile=STL
2026-07-09 00:33:27 INFO     [onshape_export_manager.worker] Running queued export id=229eb897-7477-4846-8851-b4b774544c35 label=B profile=STL
2026-07-09 00:33:27 ERROR    [onshape_export_manager.worker] Queued export failed id=8a8d2cfe-eda5-4ade-9dca-fb4de33bdc0d: ValueError: unknown or disabled label 'A'
Traceback (most recent call last):
  File "/Users/hrebis/Desktop/OnshapeExportTool/onshape_export_manager/core/worker.py", line 372, in _run_job
    request = self._build_request(job)
  File "/Users/hrebis/Desktop/OnshapeExportTool/onshape_export_manager/core/worker.py", line 487, in _build_request
    raise ValueError(f"unknown or disabled label '{job.label_name}'")
ValueError: unknown or disabled label 'A'
2026-07-09 00:33:27 ERROR    [onshape_export_manager.worker] Queued export failed id=229eb897-7477-4846-8851-b4b774544c35: ValueError: unknown or disabled label 'B'
Traceback (most recent call last):
  File "/Users/hrebis/Desktop/OnshapeExportTool/onshape_export_manager/core/worker.py", line 372, in _run_job
    request = self._build_request(job)
  File "/Users/hrebis/Desktop/OnshapeExportTool/onshape_export_manager/core/worker.py", line 487, in _build_request
    raise ValueError(f"unknown or disabled label '{job.label_name}'")
ValueError: unknown or disabled label 'B'
2026-07-09 00:33:32 INFO     [onshape_export_manager.worker] Running queued export id=8a8d2cfe-eda5-4ade-9dca-fb4de33bdc0d label=A profile=STL
2026-07-09 00:33:32 ERROR    [onshape_export_manager.worker] Queued export failed id=8a8d2cfe-eda5-4ade-9dca-fb4de33bdc0d: ValueError: unknown or disabled label 'A'
Traceback (most recent call last):
  File "/Users/hrebis/Desktop/OnshapeExportTool/onshape_export_manager/core/worker.py", line 372, in _run_job
    request = self._build_request(job)
  File "/Users/hrebis/Desktop/OnshapeExportTool/onshape_export_manager/core/worker.py", line 487, in _build_request
    raise ValueError(f"unknown or disabled label '{job.label_name}'")
ValueError: unknown or disabled label 'A'
2026-07-09 00:33:32 INFO     [onshape_export_manager.worker] Running queued export id=229eb897-7477-4846-8851-b4b774544c35 label=B profile=STL
2026-07-09 00:33:32 ERROR    [onshape_export_manager.worker] Queued export failed id=229eb897-7477-4846-8851-b4b774544c35: ValueError: unknown or disabled label 'B'
Traceback (most recent call last):
  File "/Users/hrebis/Desktop/OnshapeExportTool/onshape_export_manager/core/worker.py", line 372, in _run_job
    request = self._build_request(job)
  File "/Users/hrebis/Desktop/OnshapeExportTool/onshape_export_manager/core/worker.py", line 487, in _build_request
    raise ValueError(f"unknown or disabled label '{job.label_name}'")
ValueError: unknown or disabled label 'B'
2026-07-09 00:33:37 INFO     [onshape_export_manager.worker] Running queued export id=8a8d2cfe-eda5-4ade-9dca-fb4de33bdc0d label=A profile=STL
2026-07-09 00:33:37 INFO     [onshape_export_manager.worker] Running queued export id=229eb897-7477-4846-8851-b4b774544c35 label=B profile=STL
2026-07-09 00:33:37 ERROR    [onshape_export_manager.worker] Queued export failed id=8a8d2cfe-eda5-4ade-9dca-fb4de33bdc0d: ValueError: unknown or disabled label 'A'
Traceback (most recent call last):
  File "/Users/hrebis/Desktop/OnshapeExportTool/onshape_export_manager/core/worker.py", line 372, in _run_job
    request = self._build_request(job)
  File "/Users/hrebis/Desktop/OnshapeExportTool/onshape_export_manager/core/worker.py", line 487, in _build_request
    raise ValueError(f"unknown or disabled label '{job.label_name}'")
ValueError: unknown or disabled label 'A'
2026-07-09 00:33:37 ERROR    [onshape_export_manager.worker] Queued export failed id=229eb897-7477-4846-8851-b4b774544c35: ValueError: unknown or disabled label 'B'
Traceback (most recent call last):
  File "/Users/hrebis/Desktop/OnshapeExportTool/onshape_export_manager/core/worker.py", line 372, in _run_job
    request = self._build_request(job)
  File "/Users/hrebis/Desktop/OnshapeExportTool/onshape_export_manager/core/worker.py", line 487, in _build_request
    raise ValueError(f"unknown or disabled label '{job.label_name}'")
ValueError: unknown or disabled label 'B'
2026-07-09 00:33:42 INFO     [onshape_export_manager.worker] Running queued export id=8a8d2cfe-eda5-4ade-9dca-fb4de33bdc0d label=A profile=STL
2026-07-09 00:33:42 INFO     [onshape_export_manager.worker] Running queued export id=229eb897-7477-4846-8851-b4b774544c35 label=B profile=STL
2026-07-09 00:33:42 ERROR    [onshape_export_manager.worker] Queued export failed id=8a8d2cfe-eda5-4ade-9dca-fb4de33bdc0d: ConfigError: label 'Robotics' references missing accounts: Primary
Traceback (most recent call last):
  File "/Users/hrebis/Desktop/OnshapeExportTool/onshape_export_manager/core/worker.py", line 372, in _run_job
    request = self._build_request(job)
  File "/Users/hrebis/Desktop/OnshapeExportTool/onshape_export_manager/core/worker.py", line 479, in _build_request
    config = self._load_config()
  File "/Users/hrebis/Desktop/OnshapeExportTool/onshape_export_manager/core/worker.py", line 460, in _load_config
    config = self.application.config_manager.load()
  File "/Users/hrebis/Desktop/OnshapeExportTool/onshape_export_manager/core/configuration.py", line 399, in load
    validate_cross_references(loaded)
    ~~~~~~~~~~~~~~~~~~~~~~~~~^^^^^^^^
  File "/Users/hrebis/Desktop/OnshapeExportTool/onshape_export_manager/core/configuration.py", line 445, in validate_cross_references
    raise ConfigError("; ".join(errors))
onshape_export_manager.core.configuration.ConfigError: label 'Robotics' references missing accounts: Primary
2026-07-09 00:33:42 ERROR    [onshape_export_manager.worker] Queued export failed id=229eb897-7477-4846-8851-b4b774544c35: ConfigError: label 'Robotics' references missing accounts: Primary
Traceback (most recent call last):
  File "/Users/hrebis/Desktop/OnshapeExportTool/onshape_export_manager/core/worker.py", line 372, in _run_job
    request = self._build_request(job)
  File "/Users/hrebis/Desktop/OnshapeExportTool/onshape_export_manager/core/worker.py", line 479, in _build_request
    config = self._load_config()
  File "/Users/hrebis/Desktop/OnshapeExportTool/onshape_export_manager/core/worker.py", line 460, in _load_config
    config = self.application.config_manager.load()
  File "/Users/hrebis/Desktop/OnshapeExportTool/onshape_export_manager/core/configuration.py", line 399, in load
    validate_cross_references(loaded)
    ~~~~~~~~~~~~~~~~~~~~~~~~~^^^^^^^^
  File "/Users/hrebis/Desktop/OnshapeExportTool/onshape_export_manager/core/configuration.py", line 445, in validate_cross_references
    raise ConfigError("; ".join(errors))
onshape_export_manager.core.configuration.ConfigError: label 'Robotics' references missing accounts: Primary
2026-07-09 00:34:52 INFO     [onshape_export_manager.worker] Running queued export id=27f89456-8be5-4f7a-9aac-e3d99699cbb6 label=A profile=STL
2026-07-09 00:34:52 INFO     [onshape_export_manager.worker] Running queued export id=66a65a84-f79c-43f8-930a-8b4801aaef00 label=B profile=STL
2026-07-09 00:34:52 ERROR    [onshape_export_manager.worker] Queued export failed id=66a65a84-f79c-43f8-930a-8b4801aaef00: ConfigError: label 'Demo' references missing accounts: Primary
Traceback (most recent call last):
  File "/Users/hrebis/Desktop/OnshapeExportTool/onshape_export_manager/core/worker.py", line 372, in _run_job
    request = self._build_request(job)
  File "/Users/hrebis/Desktop/OnshapeExportTool/onshape_export_manager/core/worker.py", line 479, in _build_request
    config = self._load_config()
  File "/Users/hrebis/Desktop/OnshapeExportTool/onshape_export_manager/core/worker.py", line 460, in _load_config
    config = self.application.config_manager.load()
  File "/Users/hrebis/Desktop/OnshapeExportTool/onshape_export_manager/core/configuration.py", line 399, in load
    # Also collect credential names from organizations for cross-reference validation
  File "/Users/hrebis/Desktop/OnshapeExportTool/onshape_export_manager/core/configuration.py", line 445, in validate_cross_references
    "label '%s' has no assigned accounts", label.friendly_name
    ^^^^^^^^^^^^^^^^^^^^^^^^^^^^
onshape_export_manager.core.configuration.ConfigError: label 'Demo' references missing accounts: Primary
2026-07-09 00:34:52 ERROR    [onshape_export_manager.worker] Queued export failed id=27f89456-8be5-4f7a-9aac-e3d99699cbb6: ConfigError: label 'Demo' references missing accounts: Primary
Traceback (most recent call last):
  File "/Users/hrebis/Desktop/OnshapeExportTool/onshape_export_manager/core/worker.py", line 372, in _run_job
    request = self._build_request(job)
  File "/Users/hrebis/Desktop/OnshapeExportTool/onshape_export_manager/core/worker.py", line 479, in _build_request
    config = self._load_config()
  File "/Users/hrebis/Desktop/OnshapeExportTool/onshape_export_manager/core/worker.py", line 460, in _load_config
    config = self.application.config_manager.load()
  File "/Users/hrebis/Desktop/OnshapeExportTool/onshape_export_manager/core/configuration.py", line 399, in load
    # Also collect credential names from organizations for cross-reference validation
  File "/Users/hrebis/Desktop/OnshapeExportTool/onshape_export_manager/core/configuration.py", line 445, in validate_cross_references
    "label '%s' has no assigned accounts", label.friendly_name
    ^^^^^^^^^^^^^^^^^^^^^^^^^^^^
onshape_export_manager.core.configuration.ConfigError: label 'Demo' references missing accounts: Primary
2026-07-09 00:35:58 INFO     [onshape_export_manager.worker] Scheduler subscribed to LABELS_CHANGED events
2026-07-09 00:35:58 INFO     [onshape_export_manager.worker] Started 4 background worker thread(s) (poll=5.0s, max_jobs_per_tick=25)
2026-07-09 00:35:58 INFO     [onshape_export_manager.worker] Running queued export id=27f89456-8be5-4f7a-9aac-e3d99699cbb6 label=A profile=STL
2026-07-09 00:35:58 INFO     [onshape_export_manager.worker] Running queued export id=66a65a84-f79c-43f8-930a-8b4801aaef00 label=B profile=STL
2026-07-09 00:35:58 ERROR    [onshape_export_manager.worker] Queued export failed id=27f89456-8be5-4f7a-9aac-e3d99699cbb6: ValueError: unknown or disabled label 'A'
Traceback (most recent call last):
  File "/Users/hrebis/Desktop/OnshapeExportTool/onshape_export_manager/core/worker.py", line 372, in _run_job
    request = self._build_request(job)
  File "/Users/hrebis/Desktop/OnshapeExportTool/onshape_export_manager/core/worker.py", line 487, in _build_request
    raise ValueError(f"unknown or disabled label '{job.label_name}'")
ValueError: unknown or disabled label 'A'
2026-07-09 00:35:58 ERROR    [onshape_export_manager.worker] Queued export failed id=66a65a84-f79c-43f8-930a-8b4801aaef00: ValueError: unknown or disabled label 'B'
Traceback (most recent call last):
  File "/Users/hrebis/Desktop/OnshapeExportTool/onshape_export_manager/core/worker.py", line 372, in _run_job
    request = self._build_request(job)
  File "/Users/hrebis/Desktop/OnshapeExportTool/onshape_export_manager/core/worker.py", line 487, in _build_request
    raise ValueError(f"unknown or disabled label '{job.label_name}'")
ValueError: unknown or disabled label 'B'
2026-07-09 00:36:03 INFO     [onshape_export_manager.worker] Running queued export id=27f89456-8be5-4f7a-9aac-e3d99699cbb6 label=A profile=STL
2026-07-09 00:36:03 ERROR    [onshape_export_manager.worker] Queued export failed id=27f89456-8be5-4f7a-9aac-e3d99699cbb6: ValueError: unknown or disabled label 'A'
Traceback (most recent call last):
  File "/Users/hrebis/Desktop/OnshapeExportTool/onshape_export_manager/core/worker.py", line 372, in _run_job
    request = self._build_request(job)
  File "/Users/hrebis/Desktop/OnshapeExportTool/onshape_export_manager/core/worker.py", line 487, in _build_request
    raise ValueError(f"unknown or disabled label '{job.label_name}'")
ValueError: unknown or disabled label 'A'
2026-07-09 00:36:03 INFO     [onshape_export_manager.worker] Running queued export id=66a65a84-f79c-43f8-930a-8b4801aaef00 label=B profile=STL
2026-07-09 00:36:03 ERROR    [onshape_export_manager.worker] Queued export failed id=66a65a84-f79c-43f8-930a-8b4801aaef00: ValueError: unknown or disabled label 'B'
Traceback (most recent call last):
  File "/Users/hrebis/Desktop/OnshapeExportTool/onshape_export_manager/core/worker.py", line 372, in _run_job
    request = self._build_request(job)
  File "/Users/hrebis/Desktop/OnshapeExportTool/onshape_export_manager/core/worker.py", line 487, in _build_request
    raise ValueError(f"unknown or disabled label '{job.label_name}'")
ValueError: unknown or disabled label 'B'
2026-07-09 00:36:08 INFO     [onshape_export_manager.worker] Running queued export id=27f89456-8be5-4f7a-9aac-e3d99699cbb6 label=A profile=STL
2026-07-09 00:36:08 INFO     [onshape_export_manager.worker] Running queued export id=66a65a84-f79c-43f8-930a-8b4801aaef00 label=B profile=STL
2026-07-09 00:36:08 ERROR    [onshape_export_manager.worker] Queued export failed id=66a65a84-f79c-43f8-930a-8b4801aaef00: ValueError: unknown or disabled label 'B'
Traceback (most recent call last):
  File "/Users/hrebis/Desktop/OnshapeExportTool/onshape_export_manager/core/worker.py", line 372, in _run_job
    request = self._build_request(job)
  File "/Users/hrebis/Desktop/OnshapeExportTool/onshape_export_manager/core/worker.py", line 487, in _build_request
    raise ValueError(f"unknown or disabled label '{job.label_name}'")
ValueError: unknown or disabled label 'B'
2026-07-09 00:36:08 ERROR    [onshape_export_manager.worker] Queued export failed id=27f89456-8be5-4f7a-9aac-e3d99699cbb6: ValueError: unknown or disabled label 'A'
Traceback (most recent call last):
  File "/Users/hrebis/Desktop/OnshapeExportTool/onshape_export_manager/core/worker.py", line 372, in _run_job
    request = self._build_request(job)
  File "/Users/hrebis/Desktop/OnshapeExportTool/onshape_export_manager/core/worker.py", line 487, in _build_request
    raise ValueError(f"unknown or disabled label '{job.label_name}'")
ValueError: unknown or disabled label 'A'
2026-07-09 00:37:08 INFO     [onshape_export_manager.worker] Running queued export id=613ed850-7bf6-471f-8b26-2fd13a73f266 label=A profile=STL
2026-07-09 00:37:08 ERROR    [onshape_export_manager.worker] Queued export failed id=613ed850-7bf6-471f-8b26-2fd13a73f266: ValueError: unknown or disabled label 'A'
Traceback (most recent call last):
  File "/Users/hrebis/Desktop/OnshapeExportTool/onshape_export_manager/core/worker.py", line 372, in _run_job
    request = self._build_request(job)
  File "/Users/hrebis/Desktop/OnshapeExportTool/onshape_export_manager/core/worker.py", line 487, in _build_request
    raise ValueError(f"unknown or disabled label '{job.label_name}'")
ValueError: unknown or disabled label 'A'
2026-07-09 00:37:08 INFO     [onshape_export_manager.worker] Running queued export id=9b526384-4059-4905-b711-491f71f3c965 label=B profile=STL
2026-07-09 00:37:08 ERROR    [onshape_export_manager.worker] Queued export failed id=9b526384-4059-4905-b711-491f71f3c965: ValueError: unknown or disabled label 'B'
Traceback (most recent call last):
  File "/Users/hrebis/Desktop/OnshapeExportTool/onshape_export_manager/core/worker.py", line 372, in _run_job
    request = self._build_request(job)
  File "/Users/hrebis/Desktop/OnshapeExportTool/onshape_export_manager/core/worker.py", line 487, in _build_request
    raise ValueError(f"unknown or disabled label '{job.label_name}'")
ValueError: unknown or disabled label 'B'
2026-07-09 00:37:13 INFO     [onshape_export_manager.worker] Running queued export id=613ed850-7bf6-471f-8b26-2fd13a73f266 label=A profile=STL
2026-07-09 00:37:13 ERROR    [onshape_export_manager.worker] Queued export failed id=613ed850-7bf6-471f-8b26-2fd13a73f266: ValueError: unknown or disabled label 'A'
Traceback (most recent call last):
  File "/Users/hrebis/Desktop/OnshapeExportTool/onshape_export_manager/core/worker.py", line 372, in _run_job
    request = self._build_request(job)
  File "/Users/hrebis/Desktop/OnshapeExportTool/onshape_export_manager/core/worker.py", line 487, in _build_request
    raise ValueError(f"unknown or disabled label '{job.label_name}'")
ValueError: unknown or disabled label 'A'
2026-07-09 00:37:13 INFO     [onshape_export_manager.worker] Running queued export id=9b526384-4059-4905-b711-491f71f3c965 label=B profile=STL
2026-07-09 00:37:13 ERROR    [onshape_export_manager.worker] Queued export failed id=9b526384-4059-4905-b711-491f71f3c965: ValueError: unknown or disabled label 'B'
Traceback (most recent call last):
  File "/Users/hrebis/Desktop/OnshapeExportTool/onshape_export_manager/core/worker.py", line 372, in _run_job
    request = self._build_request(job)
  File "/Users/hrebis/Desktop/OnshapeExportTool/onshape_export_manager/core/worker.py", line 487, in _build_request
    raise ValueError(f"unknown or disabled label '{job.label_name}'")
ValueError: unknown or disabled label 'B'
2026-07-09 00:37:19 INFO     [onshape_export_manager.worker] Scheduler subscribed to LABELS_CHANGED events
2026-07-09 00:37:19 INFO     [onshape_export_manager.worker] Started 4 background worker thread(s) (poll=5.0s, max_jobs_per_tick=25)
2026-07-09 00:37:19 INFO     [onshape_export_manager.worker] Running queued export id=613ed850-7bf6-471f-8b26-2fd13a73f266 label=A profile=STL
2026-07-09 00:37:19 INFO     [onshape_export_manager.worker] Running queued export id=9b526384-4059-4905-b711-491f71f3c965 label=B profile=STL
2026-07-09 00:37:19 ERROR    [onshape_export_manager.worker] Queued export failed id=9b526384-4059-4905-b711-491f71f3c965: ValueError: unknown or disabled label 'B'
Traceback (most recent call last):
  File "/Users/hrebis/Desktop/OnshapeExportTool/onshape_export_manager/core/worker.py", line 372, in _run_job
    request = self._build_request(job)
  File "/Users/hrebis/Desktop/OnshapeExportTool/onshape_export_manager/core/worker.py", line 487, in _build_request
    raise ValueError(f"unknown or disabled label '{job.label_name}'")
ValueError: unknown or disabled label 'B'
2026-07-09 00:37:19 ERROR    [onshape_export_manager.worker] Queued export failed id=613ed850-7bf6-471f-8b26-2fd13a73f266: ValueError: unknown or disabled label 'A'
Traceback (most recent call last):
  File "/Users/hrebis/Desktop/OnshapeExportTool/onshape_export_manager/core/worker.py", line 372, in _run_job
    request = self._build_request(job)
  File "/Users/hrebis/Desktop/OnshapeExportTool/onshape_export_manager/core/worker.py", line 487, in _build_request
    raise ValueError(f"unknown or disabled label '{job.label_name}'")
ValueError: unknown or disabled label 'A'
2026-07-09 00:37:24 INFO     [onshape_export_manager.worker] Running queued export id=613ed850-7bf6-471f-8b26-2fd13a73f266 label=A profile=STL
2026-07-09 00:37:24 INFO     [onshape_export_manager.worker] Running queued export id=9b526384-4059-4905-b711-491f71f3c965 label=B profile=STL
2026-07-09 00:37:24 ERROR    [onshape_export_manager.worker] Queued export failed id=9b526384-4059-4905-b711-491f71f3c965: ValueError: unknown or disabled label 'B'
Traceback (most recent call last):
  File "/Users/hrebis/Desktop/OnshapeExportTool/onshape_export_manager/core/worker.py", line 372, in _run_job
    request = self._build_request(job)
  File "/Users/hrebis/Desktop/OnshapeExportTool/onshape_export_manager/core/worker.py", line 487, in _build_request
    raise ValueError(f"unknown or disabled label '{job.label_name}'")
ValueError: unknown or disabled label 'B'
2026-07-09 00:37:24 ERROR    [onshape_export_manager.worker] Queued export failed id=613ed850-7bf6-471f-8b26-2fd13a73f266: ValueError: unknown or disabled label 'A'
Traceback (most recent call last):
  File "/Users/hrebis/Desktop/OnshapeExportTool/onshape_export_manager/core/worker.py", line 372, in _run_job
    request = self._build_request(job)
  File "/Users/hrebis/Desktop/OnshapeExportTool/onshape_export_manager/core/worker.py", line 487, in _build_request
    raise ValueError(f"unknown or disabled label '{job.label_name}'")
ValueError: unknown or disabled label 'A'
2026-07-09 10:13:03 INFO     [onshape_export_manager.worker] Running queued export id=8ca9bfbd-6ef2-406a-97f6-dbea3ec92322 label=A profile=STL
2026-07-09 10:13:03 ERROR    [onshape_export_manager.worker] Queued export failed id=8ca9bfbd-6ef2-406a-97f6-dbea3ec92322: ValueError: unknown or disabled label 'A'
Traceback (most recent call last):
  File "/Users/hrebis/Desktop/OnshapeExportTool/onshape_export_manager/core/worker.py", line 372, in _run_job
    request = self._build_request(job)
  File "/Users/hrebis/Desktop/OnshapeExportTool/onshape_export_manager/core/worker.py", line 487, in _build_request
    raise ValueError(f"unknown or disabled label '{job.label_name}'")
ValueError: unknown or disabled label 'A'
2026-07-09 10:13:03 INFO     [onshape_export_manager.worker] Running queued export id=9c326af3-f45c-4330-8b50-89a0a06fac3a label=B profile=STL
2026-07-09 10:13:03 ERROR    [onshape_export_manager.worker] Queued export failed id=9c326af3-f45c-4330-8b50-89a0a06fac3a: ValueError: unknown or disabled label 'B'
Traceback (most recent call last):
  File "/Users/hrebis/Desktop/OnshapeExportTool/onshape_export_manager/core/worker.py", line 372, in _run_job
    request = self._build_request(job)
  File "/Users/hrebis/Desktop/OnshapeExportTool/onshape_export_manager/core/worker.py", line 487, in _build_request
    raise ValueError(f"unknown or disabled label '{job.label_name}'")
ValueError: unknown or disabled label 'B'
2026-07-09 10:13:08 INFO     [onshape_export_manager.worker] Running queued export id=8ca9bfbd-6ef2-406a-97f6-dbea3ec92322 label=A profile=STL
2026-07-09 10:13:08 INFO     [onshape_export_manager.worker] Running queued export id=9c326af3-f45c-4330-8b50-89a0a06fac3a label=B profile=STL
2026-07-09 10:13:08 ERROR    [onshape_export_manager.worker] Queued export failed id=8ca9bfbd-6ef2-406a-97f6-dbea3ec92322: ValueError: unknown or disabled label 'A'
Traceback (most recent call last):
  File "/Users/hrebis/Desktop/OnshapeExportTool/onshape_export_manager/core/worker.py", line 372, in _run_job
    request = self._build_request(job)
  File "/Users/hrebis/Desktop/OnshapeExportTool/onshape_export_manager/core/worker.py", line 487, in _build_request
    raise ValueError(f"unknown or disabled label '{job.label_name}'")
ValueError: unknown or disabled label 'A'
2026-07-09 10:13:08 ERROR    [onshape_export_manager.worker] Queued export failed id=9c326af3-f45c-4330-8b50-89a0a06fac3a: ValueError: unknown or disabled label 'B'
Traceback (most recent call last):
  File "/Users/hrebis/Desktop/OnshapeExportTool/onshape_export_manager/core/worker.py", line 372, in _run_job
    request = self._build_request(job)
  File "/Users/hrebis/Desktop/OnshapeExportTool/onshape_export_manager/core/worker.py", line 487, in _build_request
    raise ValueError(f"unknown or disabled label '{job.label_name}'")
ValueError: unknown or disabled label 'B'
2026-07-09 10:13:13 INFO     [onshape_export_manager.worker] Running queued export id=8ca9bfbd-6ef2-406a-97f6-dbea3ec92322 label=A profile=STL
2026-07-09 10:13:13 ERROR    [onshape_export_manager.worker] Queued export failed id=8ca9bfbd-6ef2-406a-97f6-dbea3ec92322: ValueError: unknown or disabled label 'A'
Traceback (most recent call last):
  File "/Users/hrebis/Desktop/OnshapeExportTool/onshape_export_manager/core/worker.py", line 372, in _run_job
    request = self._build_request(job)
  File "/Users/hrebis/Desktop/OnshapeExportTool/onshape_export_manager/core/worker.py", line 487, in _build_request
    raise ValueError(f"unknown or disabled label '{job.label_name}'")
ValueError: unknown or disabled label 'A'
2026-07-09 10:13:13 INFO     [onshape_export_manager.worker] Running queued export id=9c326af3-f45c-4330-8b50-89a0a06fac3a label=B profile=STL
2026-07-09 10:13:13 ERROR    [onshape_export_manager.worker] Queued export failed id=9c326af3-f45c-4330-8b50-89a0a06fac3a: ValueError: unknown or disabled label 'B'
Traceback (most recent call last):
  File "/Users/hrebis/Desktop/OnshapeExportTool/onshape_export_manager/core/worker.py", line 372, in _run_job
    request = self._build_request(job)
  File "/Users/hrebis/Desktop/OnshapeExportTool/onshape_export_manager/core/worker.py", line 487, in _build_request
    raise ValueError(f"unknown or disabled label '{job.label_name}'")
ValueError: unknown or disabled label 'B'
2026-07-09 10:13:18 INFO     [onshape_export_manager.worker] Running queued export id=8ca9bfbd-6ef2-406a-97f6-dbea3ec92322 label=A profile=STL
2026-07-09 10:13:18 INFO     [onshape_export_manager.worker] Running queued export id=9c326af3-f45c-4330-8b50-89a0a06fac3a label=B profile=STL
2026-07-09 10:13:18 ERROR    [onshape_export_manager.worker] Queued export failed id=8ca9bfbd-6ef2-406a-97f6-dbea3ec92322: ValueError: unknown or disabled label 'A'
Traceback (most recent call last):
  File "/Users/hrebis/Desktop/OnshapeExportTool/onshape_export_manager/core/worker.py", line 372, in _run_job
    request = self._build_request(job)
  File "/Users/hrebis/Desktop/OnshapeExportTool/onshape_export_manager/core/worker.py", line 487, in _build_request
    raise ValueError(f"unknown or disabled label '{job.label_name}'")
ValueError: unknown or disabled label 'A'
2026-07-09 10:13:18 ERROR    [onshape_export_manager.worker] Queued export failed id=9c326af3-f45c-4330-8b50-89a0a06fac3a: ValueError: unknown or disabled label 'B'
Traceback (most recent call last):
  File "/Users/hrebis/Desktop/OnshapeExportTool/onshape_export_manager/core/worker.py", line 372, in _run_job
    request = self._build_request(job)
  File "/Users/hrebis/Desktop/OnshapeExportTool/onshape_export_manager/core/worker.py", line 487, in _build_request
    raise ValueError(f"unknown or disabled label '{job.label_name}'")
ValueError: unknown or disabled label 'B'
2026-07-09 11:04:19 INFO     [onshape_export_manager.worker] Running queued export id=e177725c-24ef-4215-a780-de5865152999 label=A profile=STL
2026-07-09 11:04:19 INFO     [onshape_export_manager.worker] Running queued export id=e954f7d1-cefa-421d-878e-061684e1a271 label=B profile=STL
2026-07-09 11:04:19 ERROR    [onshape_export_manager.worker] Queued export failed id=e954f7d1-cefa-421d-878e-061684e1a271: ValueError: unknown or disabled label 'B'
Traceback (most recent call last):
  File "/Users/hrebis/Desktop/OnshapeExportTool/onshape_export_manager/core/worker.py", line 372, in _run_job
    request = self._build_request(job)
  File "/Users/hrebis/Desktop/OnshapeExportTool/onshape_export_manager/core/worker.py", line 487, in _build_request
    raise ValueError(f"unknown or disabled label '{job.label_name}'")
ValueError: unknown or disabled label 'B'
2026-07-09 11:04:19 ERROR    [onshape_export_manager.worker] Queued export failed id=e177725c-24ef-4215-a780-de5865152999: ValueError: unknown or disabled label 'A'
Traceback (most recent call last):
  File "/Users/hrebis/Desktop/OnshapeExportTool/onshape_export_manager/core/worker.py", line 372, in _run_job
    request = self._build_request(job)
  File "/Users/hrebis/Desktop/OnshapeExportTool/onshape_export_manager/core/worker.py", line 487, in _build_request
    raise ValueError(f"unknown or disabled label '{job.label_name}'")
ValueError: unknown or disabled label 'A'
2026-07-09 11:04:24 INFO     [onshape_export_manager.worker] Running queued export id=e177725c-24ef-4215-a780-de5865152999 label=A profile=STL
2026-07-09 11:04:24 ERROR    [onshape_export_manager.worker] Queued export failed id=e177725c-24ef-4215-a780-de5865152999: ValueError: unknown or disabled label 'A'
Traceback (most recent call last):
  File "/Users/hrebis/Desktop/OnshapeExportTool/onshape_export_manager/core/worker.py", line 372, in _run_job
    request = self._build_request(job)
  File "/Users/hrebis/Desktop/OnshapeExportTool/onshape_export_manager/core/worker.py", line 487, in _build_request
    raise ValueError(f"unknown or disabled label '{job.label_name}'")
ValueError: unknown or disabled label 'A'
2026-07-09 11:04:24 INFO     [onshape_export_manager.worker] Running queued export id=e954f7d1-cefa-421d-878e-061684e1a271 label=B profile=STL
2026-07-09 11:04:24 ERROR    [onshape_export_manager.worker] Queued export failed id=e954f7d1-cefa-421d-878e-061684e1a271: ValueError: unknown or disabled label 'B'
Traceback (most recent call last):
  File "/Users/hrebis/Desktop/OnshapeExportTool/onshape_export_manager/core/worker.py", line 372, in _run_job
    request = self._build_request(job)
  File "/Users/hrebis/Desktop/OnshapeExportTool/onshape_export_manager/core/worker.py", line 487, in _build_request
    raise ValueError(f"unknown or disabled label '{job.label_name}'")
ValueError: unknown or disabled label 'B'
2026-07-09 11:04:29 INFO     [onshape_export_manager.worker] Scheduler subscribed to LABELS_CHANGED events
2026-07-09 11:04:29 INFO     [onshape_export_manager.worker] Started 4 background worker thread(s) (poll=5.0s, max_jobs_per_tick=25)
2026-07-09 11:04:29 INFO     [onshape_export_manager.worker] Running queued export id=e177725c-24ef-4215-a780-de5865152999 label=A profile=STL
2026-07-09 11:04:29 INFO     [onshape_export_manager.worker] Running queued export id=e954f7d1-cefa-421d-878e-061684e1a271 label=B profile=STL
2026-07-09 11:04:29 ERROR    [onshape_export_manager.worker] Queued export failed id=e177725c-24ef-4215-a780-de5865152999: ValueError: unknown or disabled label 'A'
Traceback (most recent call last):
  File "/Users/hrebis/Desktop/OnshapeExportTool/onshape_export_manager/core/worker.py", line 372, in _run_job
    request = self._build_request(job)
  File "/Users/hrebis/Desktop/OnshapeExportTool/onshape_export_manager/core/worker.py", line 487, in _build_request
    raise ValueError(f"unknown or disabled label '{job.label_name}'")
ValueError: unknown or disabled label 'A'
2026-07-09 11:04:29 ERROR    [onshape_export_manager.worker] Queued export failed id=e954f7d1-cefa-421d-878e-061684e1a271: ValueError: unknown or disabled label 'B'
Traceback (most recent call last):
  File "/Users/hrebis/Desktop/OnshapeExportTool/onshape_export_manager/core/worker.py", line 372, in _run_job
    request = self._build_request(job)
  File "/Users/hrebis/Desktop/OnshapeExportTool/onshape_export_manager/core/worker.py", line 487, in _build_request
    raise ValueError(f"unknown or disabled label '{job.label_name}'")
ValueError: unknown or disabled label 'B'
2026-07-09 11:04:34 INFO     [onshape_export_manager.worker] Running queued export id=e177725c-24ef-4215-a780-de5865152999 label=A profile=STL
2026-07-09 11:04:34 INFO     [onshape_export_manager.worker] Running queued export id=e954f7d1-cefa-421d-878e-061684e1a271 label=B profile=STL
2026-07-09 11:04:34 ERROR    [onshape_export_manager.worker] Queued export failed id=e954f7d1-cefa-421d-878e-061684e1a271: ValueError: unknown or disabled label 'B'
Traceback (most recent call last):
  File "/Users/hrebis/Desktop/OnshapeExportTool/onshape_export_manager/core/worker.py", line 372, in _run_job
    request = self._build_request(job)
  File "/Users/hrebis/Desktop/OnshapeExportTool/onshape_export_manager/core/worker.py", line 487, in _build_request
    raise ValueError(f"unknown or disabled label '{job.label_name}'")
ValueError: unknown or disabled label 'B'
2026-07-09 11:04:34 ERROR    [onshape_export_manager.worker] Queued export failed id=e177725c-24ef-4215-a780-de5865152999: ValueError: unknown or disabled label 'A'
Traceback (most recent call last):
  File "/Users/hrebis/Desktop/OnshapeExportTool/onshape_export_manager/core/worker.py", line 372, in _run_job
    request = self._build_request(job)
  File "/Users/hrebis/Desktop/OnshapeExportTool/onshape_export_manager/core/worker.py", line 487, in _build_request
    raise ValueError(f"unknown or disabled label '{job.label_name}'")
ValueError: unknown or disabled label 'A'
2026-07-09 11:13:50 INFO     [onshape_export_manager.worker] Running queued export id=3d3a6f5a-e4d5-42cc-8eae-b75c843c7c74 label=testins profile=STEP
2026-07-09 11:13:50 ERROR    [onshape_export_manager.worker] Queued export failed id=3d3a6f5a-e4d5-42cc-8eae-b75c843c7c74: NoEnabledAccountsError: No enabled Onshape accounts are configured.
Traceback (most recent call last):
  File "/Users/hrebis/Desktop/OnshapeExportTool/onshape_export_manager/core/worker.py", line 375, in _run_job
    export = await asyncio.wait_for(
             ^^^^^^^^^^^^^^^^^^^^^^^
    ...<2 lines>...
    )
    ^
  File "/opt/homebrew/Cellar/python@3.13/3.13.14/Frameworks/Python.framework/Versions/3.13/lib/python3.13/asyncio/tasks.py", line 507, in wait_for
    return await fut
           ^^^^^^^^^
  File "/Users/hrebis/Desktop/OnshapeExportTool/onshape_export_manager/core/export_engine.py", line 80, in run_manual_export
    lease = self.api_pool.lease(request.label.assigned_accounts)
  File "/Users/hrebis/Desktop/OnshapeExportTool/onshape_export_manager/core/api_pool.py", line 138, in lease
    raise NoEnabledAccountsError("No enabled Onshape accounts are configured.")
onshape_export_manager.core.api_pool.NoEnabledAccountsError: No enabled Onshape accounts are configured.
2026-07-09 11:13:55 INFO     [onshape_export_manager.worker] Running queued export id=3d3a6f5a-e4d5-42cc-8eae-b75c843c7c74 label=testins profile=STEP
2026-07-09 11:13:55 ERROR    [onshape_export_manager.worker] Queued export failed id=3d3a6f5a-e4d5-42cc-8eae-b75c843c7c74: NoEnabledAccountsError: No enabled Onshape accounts are configured.
Traceback (most recent call last):
  File "/Users/hrebis/Desktop/OnshapeExportTool/onshape_export_manager/core/worker.py", line 375, in _run_job
    export = await asyncio.wait_for(
             ^^^^^^^^^^^^^^^^^^^^^^^
    ...<2 lines>...
    )
    ^
  File "/opt/homebrew/Cellar/python@3.13/3.13.14/Frameworks/Python.framework/Versions/3.13/lib/python3.13/asyncio/tasks.py", line 507, in wait_for
    return await fut
           ^^^^^^^^^
  File "/Users/hrebis/Desktop/OnshapeExportTool/onshape_export_manager/core/export_engine.py", line 80, in run_manual_export
    lease = self.api_pool.lease(request.label.assigned_accounts)
  File "/Users/hrebis/Desktop/OnshapeExportTool/onshape_export_manager/core/api_pool.py", line 138, in lease
    raise NoEnabledAccountsError("No enabled Onshape accounts are configured.")
onshape_export_manager.core.api_pool.NoEnabledAccountsError: No enabled Onshape accounts are configured.
2026-07-09 11:14:00 INFO     [onshape_export_manager.worker] Running queued export id=3d3a6f5a-e4d5-42cc-8eae-b75c843c7c74 label=testins profile=STEP
2026-07-09 11:14:00 ERROR    [onshape_export_manager.worker] Queued export failed id=3d3a6f5a-e4d5-42cc-8eae-b75c843c7c74: NoEnabledAccountsError: No enabled Onshape accounts are configured.
Traceback (most recent call last):
  File "/Users/hrebis/Desktop/OnshapeExportTool/onshape_export_manager/core/worker.py", line 375, in _run_job
    export = await asyncio.wait_for(
             ^^^^^^^^^^^^^^^^^^^^^^^
    ...<2 lines>...
    )
    ^
  File "/opt/homebrew/Cellar/python@3.13/3.13.14/Frameworks/Python.framework/Versions/3.13/lib/python3.13/asyncio/tasks.py", line 507, in wait_for
    return await fut
           ^^^^^^^^^
  File "/Users/hrebis/Desktop/OnshapeExportTool/onshape_export_manager/core/export_engine.py", line 80, in run_manual_export
    lease = self.api_pool.lease(request.label.assigned_accounts)
  File "/Users/hrebis/Desktop/OnshapeExportTool/onshape_export_manager/core/api_pool.py", line 138, in lease
    raise NoEnabledAccountsError("No enabled Onshape accounts are configured.")
onshape_export_manager.core.api_pool.NoEnabledAccountsError: No enabled Onshape accounts are configured.
2026-07-09 11:14:05 INFO     [onshape_export_manager.worker] Running queued export id=3d3a6f5a-e4d5-42cc-8eae-b75c843c7c74 label=testins profile=STEP
2026-07-09 11:14:05 ERROR    [onshape_export_manager.worker] Queued export failed id=3d3a6f5a-e4d5-42cc-8eae-b75c843c7c74: NoEnabledAccountsError: No enabled Onshape accounts are configured.
Traceback (most recent call last):
  File "/Users/hrebis/Desktop/OnshapeExportTool/onshape_export_manager/core/worker.py", line 375, in _run_job
    export = await asyncio.wait_for(
             ^^^^^^^^^^^^^^^^^^^^^^^
    ...<2 lines>...
    )
    ^
  File "/opt/homebrew/Cellar/python@3.13/3.13.14/Frameworks/Python.framework/Versions/3.13/lib/python3.13/asyncio/tasks.py", line 507, in wait_for
    return await fut
           ^^^^^^^^^
  File "/Users/hrebis/Desktop/OnshapeExportTool/onshape_export_manager/core/export_engine.py", line 80, in run_manual_export
    lease = self.api_pool.lease(request.label.assigned_accounts)
  File "/Users/hrebis/Desktop/OnshapeExportTool/onshape_export_manager/core/api_pool.py", line 138, in lease
    raise NoEnabledAccountsError("No enabled Onshape accounts are configured.")
onshape_export_manager.core.api_pool.NoEnabledAccountsError: No enabled Onshape accounts are configured.
2026-07-09 11:14:20 INFO     [onshape_export_manager.worker] Running queued export id=3e49e18e-26a1-400b-897c-a6b1d564b4e1 label=testins profile=STEP
2026-07-09 11:14:21 ERROR    [onshape_export_manager.worker] Queued export failed id=3e49e18e-26a1-400b-897c-a6b1d564b4e1: NoEnabledAccountsError: No enabled Onshape accounts are configured.
Traceback (most recent call last):
  File "/Users/hrebis/Desktop/OnshapeExportTool/onshape_export_manager/core/worker.py", line 375, in _run_job
    export = await asyncio.wait_for(
             ^^^^^^^^^^^^^^^^^^^^^^^
    ...<2 lines>...
    )
    ^
  File "/opt/homebrew/Cellar/python@3.13/3.13.14/Frameworks/Python.framework/Versions/3.13/lib/python3.13/asyncio/tasks.py", line 507, in wait_for
    return await fut
           ^^^^^^^^^
  File "/Users/hrebis/Desktop/OnshapeExportTool/onshape_export_manager/core/export_engine.py", line 80, in run_manual_export
    lease = self.api_pool.lease(request.label.assigned_accounts)
  File "/Users/hrebis/Desktop/OnshapeExportTool/onshape_export_manager/core/api_pool.py", line 138, in lease
    raise NoEnabledAccountsError("No enabled Onshape accounts are configured.")
onshape_export_manager.core.api_pool.NoEnabledAccountsError: No enabled Onshape accounts are configured.
2026-07-09 11:14:26 INFO     [onshape_export_manager.worker] Running queued export id=3e49e18e-26a1-400b-897c-a6b1d564b4e1 label=testins profile=STEP
2026-07-09 11:14:26 ERROR    [onshape_export_manager.worker] Queued export failed id=3e49e18e-26a1-400b-897c-a6b1d564b4e1: NoEnabledAccountsError: No enabled Onshape accounts are configured.
Traceback (most recent call last):
  File "/Users/hrebis/Desktop/OnshapeExportTool/onshape_export_manager/core/worker.py", line 375, in _run_job
    export = await asyncio.wait_for(
             ^^^^^^^^^^^^^^^^^^^^^^^
    ...<2 lines>...
    )
    ^
  File "/opt/homebrew/Cellar/python@3.13/3.13.14/Frameworks/Python.framework/Versions/3.13/lib/python3.13/asyncio/tasks.py", line 507, in wait_for
    return await fut
           ^^^^^^^^^
  File "/Users/hrebis/Desktop/OnshapeExportTool/onshape_export_manager/core/export_engine.py", line 80, in run_manual_export
    lease = self.api_pool.lease(request.label.assigned_accounts)
  File "/Users/hrebis/Desktop/OnshapeExportTool/onshape_export_manager/core/api_pool.py", line 138, in lease
    raise NoEnabledAccountsError("No enabled Onshape accounts are configured.")
onshape_export_manager.core.api_pool.NoEnabledAccountsError: No enabled Onshape accounts are configured.
2026-07-09 11:14:31 INFO     [onshape_export_manager.worker] Running queued export id=3e49e18e-26a1-400b-897c-a6b1d564b4e1 label=testins profile=STEP
2026-07-09 11:14:31 ERROR    [onshape_export_manager.worker] Queued export failed id=3e49e18e-26a1-400b-897c-a6b1d564b4e1: NoEnabledAccountsError: No enabled Onshape accounts are configured.
Traceback (most recent call last):
  File "/Users/hrebis/Desktop/OnshapeExportTool/onshape_export_manager/core/worker.py", line 375, in _run_job
    export = await asyncio.wait_for(
             ^^^^^^^^^^^^^^^^^^^^^^^
    ...<2 lines>...
    )
    ^
  File "/opt/homebrew/Cellar/python@3.13/3.13.14/Frameworks/Python.framework/Versions/3.13/lib/python3.13/asyncio/tasks.py", line 507, in wait_for
    return await fut
           ^^^^^^^^^
  File "/Users/hrebis/Desktop/OnshapeExportTool/onshape_export_manager/core/export_engine.py", line 80, in run_manual_export
    lease = self.api_pool.lease(request.label.assigned_accounts)
  File "/Users/hrebis/Desktop/OnshapeExportTool/onshape_export_manager/core/api_pool.py", line 138, in lease
    raise NoEnabledAccountsError("No enabled Onshape accounts are configured.")
onshape_export_manager.core.api_pool.NoEnabledAccountsError: No enabled Onshape accounts are configured.
2026-07-09 11:14:36 INFO     [onshape_export_manager.worker] Running queued export id=3e49e18e-26a1-400b-897c-a6b1d564b4e1 label=testins profile=STEP
2026-07-09 11:14:36 ERROR    [onshape_export_manager.worker] Queued export failed id=3e49e18e-26a1-400b-897c-a6b1d564b4e1: NoEnabledAccountsError: No enabled Onshape accounts are configured.
Traceback (most recent call last):
  File "/Users/hrebis/Desktop/OnshapeExportTool/onshape_export_manager/core/worker.py", line 375, in _run_job
    export = await asyncio.wait_for(
             ^^^^^^^^^^^^^^^^^^^^^^^
    ...<2 lines>...
    )
    ^
  File "/opt/homebrew/Cellar/python@3.13/3.13.14/Frameworks/Python.framework/Versions/3.13/lib/python3.13/asyncio/tasks.py", line 507, in wait_for
    return await fut
           ^^^^^^^^^
  File "/Users/hrebis/Desktop/OnshapeExportTool/onshape_export_manager/core/export_engine.py", line 80, in run_manual_export
    lease = self.api_pool.lease(request.label.assigned_accounts)
  File "/Users/hrebis/Desktop/OnshapeExportTool/onshape_export_manager/core/api_pool.py", line 138, in lease
    raise NoEnabledAccountsError("No enabled Onshape accounts are configured.")
onshape_export_manager.core.api_pool.NoEnabledAccountsError: No enabled Onshape accounts are configured.
2026-07-09 11:14:56 INFO     [onshape_export_manager.worker] Running queued export id=bde809d8-09cf-4f50-9cc3-ee5570adc19f label=testins profile=STEP
2026-07-09 11:14:56 ERROR    [onshape_export_manager.worker] Queued export failed id=bde809d8-09cf-4f50-9cc3-ee5570adc19f: NoEnabledAccountsError: No enabled Onshape accounts are configured.
Traceback (most recent call last):
  File "/Users/hrebis/Desktop/OnshapeExportTool/onshape_export_manager/core/worker.py", line 375, in _run_job
    export = await asyncio.wait_for(
             ^^^^^^^^^^^^^^^^^^^^^^^
    ...<2 lines>...
    )
    ^
  File "/opt/homebrew/Cellar/python@3.13/3.13.14/Frameworks/Python.framework/Versions/3.13/lib/python3.13/asyncio/tasks.py", line 507, in wait_for
    return await fut
           ^^^^^^^^^
  File "/Users/hrebis/Desktop/OnshapeExportTool/onshape_export_manager/core/export_engine.py", line 80, in run_manual_export
    lease = self.api_pool.lease(request.label.assigned_accounts)
  File "/Users/hrebis/Desktop/OnshapeExportTool/onshape_export_manager/core/api_pool.py", line 138, in lease
    raise NoEnabledAccountsError("No enabled Onshape accounts are configured.")
onshape_export_manager.core.api_pool.NoEnabledAccountsError: No enabled Onshape accounts are configured.
2026-07-09 11:15:01 INFO     [onshape_export_manager.worker] Running queued export id=bde809d8-09cf-4f50-9cc3-ee5570adc19f label=testins profile=STEP
2026-07-09 11:15:01 ERROR    [onshape_export_manager.worker] Queued export failed id=bde809d8-09cf-4f50-9cc3-ee5570adc19f: NoEnabledAccountsError: No enabled Onshape accounts are configured.
Traceback (most recent call last):
  File "/Users/hrebis/Desktop/OnshapeExportTool/onshape_export_manager/core/worker.py", line 375, in _run_job
    export = await asyncio.wait_for(
             ^^^^^^^^^^^^^^^^^^^^^^^
    ...<2 lines>...
    )
    ^
  File "/opt/homebrew/Cellar/python@3.13/3.13.14/Frameworks/Python.framework/Versions/3.13/lib/python3.13/asyncio/tasks.py", line 507, in wait_for
    return await fut
           ^^^^^^^^^
  File "/Users/hrebis/Desktop/OnshapeExportTool/onshape_export_manager/core/export_engine.py", line 80, in run_manual_export
    lease = self.api_pool.lease(request.label.assigned_accounts)
  File "/Users/hrebis/Desktop/OnshapeExportTool/onshape_export_manager/core/api_pool.py", line 138, in lease
    raise NoEnabledAccountsError("No enabled Onshape accounts are configured.")
onshape_export_manager.core.api_pool.NoEnabledAccountsError: No enabled Onshape accounts are configured.
2026-07-09 11:15:06 INFO     [onshape_export_manager.worker] Running queued export id=bde809d8-09cf-4f50-9cc3-ee5570adc19f label=testins profile=STEP
2026-07-09 11:15:06 ERROR    [onshape_export_manager.worker] Queued export failed id=bde809d8-09cf-4f50-9cc3-ee5570adc19f: NoEnabledAccountsError: No enabled Onshape accounts are configured.
Traceback (most recent call last):
  File "/Users/hrebis/Desktop/OnshapeExportTool/onshape_export_manager/core/worker.py", line 375, in _run_job
    export = await asyncio.wait_for(
             ^^^^^^^^^^^^^^^^^^^^^^^
    ...<2 lines>...
    )
    ^
  File "/opt/homebrew/Cellar/python@3.13/3.13.14/Frameworks/Python.framework/Versions/3.13/lib/python3.13/asyncio/tasks.py", line 507, in wait_for
    return await fut
           ^^^^^^^^^
  File "/Users/hrebis/Desktop/OnshapeExportTool/onshape_export_manager/core/export_engine.py", line 80, in run_manual_export
    lease = self.api_pool.lease(request.label.assigned_accounts)
  File "/Users/hrebis/Desktop/OnshapeExportTool/onshape_export_manager/core/api_pool.py", line 138, in lease
    raise NoEnabledAccountsError("No enabled Onshape accounts are configured.")
onshape_export_manager.core.api_pool.NoEnabledAccountsError: No enabled Onshape accounts are configured.
2026-07-09 11:15:11 INFO     [onshape_export_manager.worker] Running queued export id=bde809d8-09cf-4f50-9cc3-ee5570adc19f label=testins profile=STEP
2026-07-09 11:15:11 ERROR    [onshape_export_manager.worker] Queued export failed id=bde809d8-09cf-4f50-9cc3-ee5570adc19f: NoEnabledAccountsError: No enabled Onshape accounts are configured.
Traceback (most recent call last):
  File "/Users/hrebis/Desktop/OnshapeExportTool/onshape_export_manager/core/worker.py", line 375, in _run_job
    export = await asyncio.wait_for(
             ^^^^^^^^^^^^^^^^^^^^^^^
    ...<2 lines>...
    )
    ^
  File "/opt/homebrew/Cellar/python@3.13/3.13.14/Frameworks/Python.framework/Versions/3.13/lib/python3.13/asyncio/tasks.py", line 507, in wait_for
    return await fut
           ^^^^^^^^^
  File "/Users/hrebis/Desktop/OnshapeExportTool/onshape_export_manager/core/export_engine.py", line 80, in run_manual_export
    lease = self.api_pool.lease(request.label.assigned_accounts)
  File "/Users/hrebis/Desktop/OnshapeExportTool/onshape_export_manager/core/api_pool.py", line 138, in lease
    raise NoEnabledAccountsError("No enabled Onshape accounts are configured.")
onshape_export_manager.core.api_pool.NoEnabledAccountsError: No enabled Onshape accounts are configured.
2026-07-09 11:15:16 INFO     [onshape_export_manager.worker] Running queued export id=1f4f0ed9-5603-43b9-a9bc-76d22e697224 label=testins profile=STEP
2026-07-09 11:15:16 ERROR    [onshape_export_manager.worker] Queued export failed id=1f4f0ed9-5603-43b9-a9bc-76d22e697224: NoEnabledAccountsError: No enabled Onshape accounts are configured.
Traceback (most recent call last):
  File "/Users/hrebis/Desktop/OnshapeExportTool/onshape_export_manager/core/worker.py", line 375, in _run_job
    export = await asyncio.wait_for(
             ^^^^^^^^^^^^^^^^^^^^^^^
    ...<2 lines>...
    )
    ^
  File "/opt/homebrew/Cellar/python@3.13/3.13.14/Frameworks/Python.framework/Versions/3.13/lib/python3.13/asyncio/tasks.py", line 507, in wait_for
    return await fut
           ^^^^^^^^^
  File "/Users/hrebis/Desktop/OnshapeExportTool/onshape_export_manager/core/export_engine.py", line 80, in run_manual_export
    lease = self.api_pool.lease(request.label.assigned_accounts)
  File "/Users/hrebis/Desktop/OnshapeExportTool/onshape_export_manager/core/api_pool.py", line 138, in lease
    raise NoEnabledAccountsError("No enabled Onshape accounts are configured.")
onshape_export_manager.core.api_pool.NoEnabledAccountsError: No enabled Onshape accounts are configured.
2026-07-09 11:15:21 INFO     [onshape_export_manager.worker] Running queued export id=1f4f0ed9-5603-43b9-a9bc-76d22e697224 label=testins profile=STEP
2026-07-09 11:15:21 ERROR    [onshape_export_manager.worker] Queued export failed id=1f4f0ed9-5603-43b9-a9bc-76d22e697224: NoEnabledAccountsError: No enabled Onshape accounts are configured.
Traceback (most recent call last):
  File "/Users/hrebis/Desktop/OnshapeExportTool/onshape_export_manager/core/worker.py", line 375, in _run_job
    export = await asyncio.wait_for(
             ^^^^^^^^^^^^^^^^^^^^^^^
    ...<2 lines>...
    )
    ^
  File "/opt/homebrew/Cellar/python@3.13/3.13.14/Frameworks/Python.framework/Versions/3.13/lib/python3.13/asyncio/tasks.py", line 507, in wait_for
    return await fut
           ^^^^^^^^^
  File "/Users/hrebis/Desktop/OnshapeExportTool/onshape_export_manager/core/export_engine.py", line 80, in run_manual_export
    lease = self.api_pool.lease(request.label.assigned_accounts)
  File "/Users/hrebis/Desktop/OnshapeExportTool/onshape_export_manager/core/api_pool.py", line 138, in lease
    raise NoEnabledAccountsError("No enabled Onshape accounts are configured.")
onshape_export_manager.core.api_pool.NoEnabledAccountsError: No enabled Onshape accounts are configured.
2026-07-09 11:15:26 INFO     [onshape_export_manager.worker] Running queued export id=1f4f0ed9-5603-43b9-a9bc-76d22e697224 label=testins profile=STEP
2026-07-09 11:15:26 ERROR    [onshape_export_manager.worker] Queued export failed id=1f4f0ed9-5603-43b9-a9bc-76d22e697224: NoEnabledAccountsError: No enabled Onshape accounts are configured.
Traceback (most recent call last):
  File "/Users/hrebis/Desktop/OnshapeExportTool/onshape_export_manager/core/worker.py", line 375, in _run_job
    export = await asyncio.wait_for(
             ^^^^^^^^^^^^^^^^^^^^^^^
    ...<2 lines>...
    )
    ^
  File "/opt/homebrew/Cellar/python@3.13/3.13.14/Frameworks/Python.framework/Versions/3.13/lib/python3.13/asyncio/tasks.py", line 507, in wait_for
    return await fut
           ^^^^^^^^^
  File "/Users/hrebis/Desktop/OnshapeExportTool/onshape_export_manager/core/export_engine.py", line 80, in run_manual_export
    lease = self.api_pool.lease(request.label.assigned_accounts)
  File "/Users/hrebis/Desktop/OnshapeExportTool/onshape_export_manager/core/api_pool.py", line 138, in lease
    raise NoEnabledAccountsError("No enabled Onshape accounts are configured.")
onshape_export_manager.core.api_pool.NoEnabledAccountsError: No enabled Onshape accounts are configured.
2026-07-09 11:15:31 INFO     [onshape_export_manager.worker] Running queued export id=1f4f0ed9-5603-43b9-a9bc-76d22e697224 label=testins profile=STEP
2026-07-09 11:15:31 ERROR    [onshape_export_manager.worker] Queued export failed id=1f4f0ed9-5603-43b9-a9bc-76d22e697224: NoEnabledAccountsError: No enabled Onshape accounts are configured.
Traceback (most recent call last):
  File "/Users/hrebis/Desktop/OnshapeExportTool/onshape_export_manager/core/worker.py", line 375, in _run_job
    export = await asyncio.wait_for(
             ^^^^^^^^^^^^^^^^^^^^^^^
    ...<2 lines>...
    )
    ^
  File "/opt/homebrew/Cellar/python@3.13/3.13.14/Frameworks/Python.framework/Versions/3.13/lib/python3.13/asyncio/tasks.py", line 507, in wait_for
    return await fut
           ^^^^^^^^^
  File "/Users/hrebis/Desktop/OnshapeExportTool/onshape_export_manager/core/export_engine.py", line 80, in run_manual_export
    lease = self.api_pool.lease(request.label.assigned_accounts)
  File "/Users/hrebis/Desktop/OnshapeExportTool/onshape_export_manager/core/api_pool.py", line 138, in lease
    raise NoEnabledAccountsError("No enabled Onshape accounts are configured.")
onshape_export_manager.core.api_pool.NoEnabledAccountsError: No enabled Onshape accounts are configured.
2026-07-09 11:16:31 INFO     [onshape_export_manager.worker] Running queued export id=ff118aa3-927a-433f-aca3-5d3f86282514 label=testins profile=STEP
2026-07-09 11:16:31 ERROR    [onshape_export_manager.worker] Queued export failed id=ff118aa3-927a-433f-aca3-5d3f86282514: NoEnabledAccountsError: No enabled Onshape accounts are configured.
Traceback (most recent call last):
  File "/Users/hrebis/Desktop/OnshapeExportTool/onshape_export_manager/core/worker.py", line 375, in _run_job
    export = await asyncio.wait_for(
             ^^^^^^^^^^^^^^^^^^^^^^^
    ...<2 lines>...
    )
    ^
  File "/opt/homebrew/Cellar/python@3.13/3.13.14/Frameworks/Python.framework/Versions/3.13/lib/python3.13/asyncio/tasks.py", line 507, in wait_for
    return await fut
           ^^^^^^^^^
  File "/Users/hrebis/Desktop/OnshapeExportTool/onshape_export_manager/core/export_engine.py", line 80, in run_manual_export
    lease = self.api_pool.lease(request.label.assigned_accounts)
  File "/Users/hrebis/Desktop/OnshapeExportTool/onshape_export_manager/core/api_pool.py", line 138, in lease
    raise NoEnabledAccountsError("No enabled Onshape accounts are configured.")
onshape_export_manager.core.api_pool.NoEnabledAccountsError: No enabled Onshape accounts are configured.
2026-07-09 11:16:36 INFO     [onshape_export_manager.worker] Running queued export id=ff118aa3-927a-433f-aca3-5d3f86282514 label=testins profile=STEP
2026-07-09 11:16:36 ERROR    [onshape_export_manager.worker] Queued export failed id=ff118aa3-927a-433f-aca3-5d3f86282514: NoEnabledAccountsError: No enabled Onshape accounts are configured.
Traceback (most recent call last):
  File "/Users/hrebis/Desktop/OnshapeExportTool/onshape_export_manager/core/worker.py", line 375, in _run_job
    export = await asyncio.wait_for(
             ^^^^^^^^^^^^^^^^^^^^^^^
    ...<2 lines>...
    )
    ^
  File "/opt/homebrew/Cellar/python@3.13/3.13.14/Frameworks/Python.framework/Versions/3.13/lib/python3.13/asyncio/tasks.py", line 507, in wait_for
    return await fut
           ^^^^^^^^^
  File "/Users/hrebis/Desktop/OnshapeExportTool/onshape_export_manager/core/export_engine.py", line 80, in run_manual_export
    lease = self.api_pool.lease(request.label.assigned_accounts)
  File "/Users/hrebis/Desktop/OnshapeExportTool/onshape_export_manager/core/api_pool.py", line 138, in lease
    raise NoEnabledAccountsError("No enabled Onshape accounts are configured.")
onshape_export_manager.core.api_pool.NoEnabledAccountsError: No enabled Onshape accounts are configured.
2026-07-09 11:16:41 INFO     [onshape_export_manager.worker] Running queued export id=ff118aa3-927a-433f-aca3-5d3f86282514 label=testins profile=STEP
2026-07-09 11:16:41 ERROR    [onshape_export_manager.worker] Queued export failed id=ff118aa3-927a-433f-aca3-5d3f86282514: NoEnabledAccountsError: No enabled Onshape accounts are configured.
Traceback (most recent call last):
  File "/Users/hrebis/Desktop/OnshapeExportTool/onshape_export_manager/core/worker.py", line 375, in _run_job
    export = await asyncio.wait_for(
             ^^^^^^^^^^^^^^^^^^^^^^^
    ...<2 lines>...
    )
    ^
  File "/opt/homebrew/Cellar/python@3.13/3.13.14/Frameworks/Python.framework/Versions/3.13/lib/python3.13/asyncio/tasks.py", line 507, in wait_for
    return await fut
           ^^^^^^^^^
  File "/Users/hrebis/Desktop/OnshapeExportTool/onshape_export_manager/core/export_engine.py", line 80, in run_manual_export
    lease = self.api_pool.lease(request.label.assigned_accounts)
  File "/Users/hrebis/Desktop/OnshapeExportTool/onshape_export_manager/core/api_pool.py", line 138, in lease
    raise NoEnabledAccountsError("No enabled Onshape accounts are configured.")
onshape_export_manager.core.api_pool.NoEnabledAccountsError: No enabled Onshape accounts are configured.
2026-07-09 11:16:46 INFO     [onshape_export_manager.worker] Running queued export id=ff118aa3-927a-433f-aca3-5d3f86282514 label=testins profile=STEP
2026-07-09 11:16:46 ERROR    [onshape_export_manager.worker] Queued export failed id=ff118aa3-927a-433f-aca3-5d3f86282514: NoEnabledAccountsError: No enabled Onshape accounts are configured.
Traceback (most recent call last):
  File "/Users/hrebis/Desktop/OnshapeExportTool/onshape_export_manager/core/worker.py", line 375, in _run_job
    export = await asyncio.wait_for(
             ^^^^^^^^^^^^^^^^^^^^^^^
    ...<2 lines>...
    )
    ^
  File "/opt/homebrew/Cellar/python@3.13/3.13.14/Frameworks/Python.framework/Versions/3.13/lib/python3.13/asyncio/tasks.py", line 507, in wait_for
    return await fut
           ^^^^^^^^^
  File "/Users/hrebis/Desktop/OnshapeExportTool/onshape_export_manager/core/export_engine.py", line 80, in run_manual_export
    lease = self.api_pool.lease(request.label.assigned_accounts)
  File "/Users/hrebis/Desktop/OnshapeExportTool/onshape_export_manager/core/api_pool.py", line 138, in lease
    raise NoEnabledAccountsError("No enabled Onshape accounts are configured.")
onshape_export_manager.core.api_pool.NoEnabledAccountsError: No enabled Onshape accounts are configured.
2026-07-09 11:23:47 INFO     [onshape_export_manager.worker] Running queued export id=2164c673-c756-4a0e-8830-49ad1f686044 label=A profile=STL
2026-07-09 11:23:47 INFO     [onshape_export_manager.worker] Running queued export id=84157937-2438-464b-8a3d-47f38ab54669 label=B profile=STL
2026-07-09 11:23:47 ERROR    [onshape_export_manager.worker] Queued export failed id=84157937-2438-464b-8a3d-47f38ab54669: ValueError: unknown or disabled label 'B'
Traceback (most recent call last):
  File "/Users/hrebis/Desktop/OnshapeExportTool/onshape_export_manager/core/worker.py", line 372, in _run_job
    request = self._build_request(job)
  File "/Users/hrebis/Desktop/OnshapeExportTool/onshape_export_manager/core/worker.py", line 487, in _build_request
    raise ValueError(f"unknown or disabled label '{job.label_name}'")
ValueError: unknown or disabled label 'B'
2026-07-09 11:23:47 ERROR    [onshape_export_manager.worker] Queued export failed id=2164c673-c756-4a0e-8830-49ad1f686044: ValueError: unknown or disabled label 'A'
Traceback (most recent call last):
  File "/Users/hrebis/Desktop/OnshapeExportTool/onshape_export_manager/core/worker.py", line 372, in _run_job
    request = self._build_request(job)
  File "/Users/hrebis/Desktop/OnshapeExportTool/onshape_export_manager/core/worker.py", line 487, in _build_request
    raise ValueError(f"unknown or disabled label '{job.label_name}'")
ValueError: unknown or disabled label 'A'
2026-07-09 11:23:52 INFO     [onshape_export_manager.worker] Running queued export id=2164c673-c756-4a0e-8830-49ad1f686044 label=A profile=STL
2026-07-09 11:23:52 ERROR    [onshape_export_manager.worker] Queued export failed id=2164c673-c756-4a0e-8830-49ad1f686044: ValueError: unknown or disabled label 'A'
Traceback (most recent call last):
  File "/Users/hrebis/Desktop/OnshapeExportTool/onshape_export_manager/core/worker.py", line 372, in _run_job
    request = self._build_request(job)
  File "/Users/hrebis/Desktop/OnshapeExportTool/onshape_export_manager/core/worker.py", line 487, in _build_request
    raise ValueError(f"unknown or disabled label '{job.label_name}'")
ValueError: unknown or disabled label 'A'
2026-07-09 11:23:52 INFO     [onshape_export_manager.worker] Running queued export id=84157937-2438-464b-8a3d-47f38ab54669 label=B profile=STL
2026-07-09 11:23:52 ERROR    [onshape_export_manager.worker] Queued export failed id=84157937-2438-464b-8a3d-47f38ab54669: ValueError: unknown or disabled label 'B'
Traceback (most recent call last):
  File "/Users/hrebis/Desktop/OnshapeExportTool/onshape_export_manager/core/worker.py", line 372, in _run_job
    request = self._build_request(job)
  File "/Users/hrebis/Desktop/OnshapeExportTool/onshape_export_manager/core/worker.py", line 487, in _build_request
    raise ValueError(f"unknown or disabled label '{job.label_name}'")
ValueError: unknown or disabled label 'B'
2026-07-09 11:23:57 INFO     [onshape_export_manager.worker] Scheduler subscribed to LABELS_CHANGED events
2026-07-09 11:23:57 INFO     [onshape_export_manager.worker] Started 4 background worker thread(s) (poll=5.0s, max_jobs_per_tick=25)
2026-07-09 11:23:57 INFO     [onshape_export_manager.worker] Running queued export id=2164c673-c756-4a0e-8830-49ad1f686044 label=A profile=STL
2026-07-09 11:23:57 INFO     [onshape_export_manager.worker] Running queued export id=84157937-2438-464b-8a3d-47f38ab54669 label=B profile=STL
2026-07-09 11:23:57 ERROR    [onshape_export_manager.worker] Queued export failed id=2164c673-c756-4a0e-8830-49ad1f686044: ValueError: unknown or disabled label 'A'
Traceback (most recent call last):
  File "/Users/hrebis/Desktop/OnshapeExportTool/onshape_export_manager/core/worker.py", line 372, in _run_job
    request = self._build_request(job)
  File "/Users/hrebis/Desktop/OnshapeExportTool/onshape_export_manager/core/worker.py", line 487, in _build_request
    raise ValueError(f"unknown or disabled label '{job.label_name}'")
ValueError: unknown or disabled label 'A'
2026-07-09 11:23:57 ERROR    [onshape_export_manager.worker] Queued export failed id=84157937-2438-464b-8a3d-47f38ab54669: ValueError: unknown or disabled label 'B'
Traceback (most recent call last):
  File "/Users/hrebis/Desktop/OnshapeExportTool/onshape_export_manager/core/worker.py", line 372, in _run_job
    request = self._build_request(job)
  File "/Users/hrebis/Desktop/OnshapeExportTool/onshape_export_manager/core/worker.py", line 487, in _build_request
    raise ValueError(f"unknown or disabled label '{job.label_name}'")
ValueError: unknown or disabled label 'B'
2026-07-09 11:24:02 INFO     [onshape_export_manager.worker] Running queued export id=2164c673-c756-4a0e-8830-49ad1f686044 label=A profile=STL
2026-07-09 11:24:02 ERROR    [onshape_export_manager.worker] Queued export failed id=2164c673-c756-4a0e-8830-49ad1f686044: ValueError: unknown or disabled label 'A'
Traceback (most recent call last):
  File "/Users/hrebis/Desktop/OnshapeExportTool/onshape_export_manager/core/worker.py", line 372, in _run_job
    request = self._build_request(job)
  File "/Users/hrebis/Desktop/OnshapeExportTool/onshape_export_manager/core/worker.py", line 487, in _build_request
    raise ValueError(f"unknown or disabled label '{job.label_name}'")
ValueError: unknown or disabled label 'A'
2026-07-09 11:24:02 INFO     [onshape_export_manager.worker] Running queued export id=84157937-2438-464b-8a3d-47f38ab54669 label=B profile=STL
2026-07-09 11:24:02 ERROR    [onshape_export_manager.worker] Queued export failed id=84157937-2438-464b-8a3d-47f38ab54669: ValueError: unknown or disabled label 'B'
Traceback (most recent call last):
  File "/Users/hrebis/Desktop/OnshapeExportTool/onshape_export_manager/core/worker.py", line 372, in _run_job
    request = self._build_request(job)
  File "/Users/hrebis/Desktop/OnshapeExportTool/onshape_export_manager/core/worker.py", line 487, in _build_request
    raise ValueError(f"unknown or disabled label '{job.label_name}'")
ValueError: unknown or disabled label 'B'
2026-07-09 11:25:02 INFO     [onshape_export_manager.worker] Scheduler subscribed to LABELS_CHANGED events
2026-07-09 11:25:02 INFO     [onshape_export_manager.worker] Started 4 background worker thread(s) (poll=5.0s, max_jobs_per_tick=25)
2026-07-09 11:25:02 INFO     [onshape_export_manager.worker] Running queued export id=374ccd4b-9fcc-4776-9982-17a35d93fcb0 label=A profile=STL
2026-07-09 11:25:02 ERROR    [onshape_export_manager.worker] Queued export failed id=374ccd4b-9fcc-4776-9982-17a35d93fcb0: ValueError: unknown or disabled label 'A'
Traceback (most recent call last):
  File "/Users/hrebis/Desktop/OnshapeExportTool/onshape_export_manager/core/worker.py", line 372, in _run_job
    request = self._build_request(job)
  File "/Users/hrebis/Desktop/OnshapeExportTool/onshape_export_manager/core/worker.py", line 487, in _build_request
    raise ValueError(f"unknown or disabled label '{job.label_name}'")
ValueError: unknown or disabled label 'A'
2026-07-09 11:25:02 INFO     [onshape_export_manager.worker] Running queued export id=5d01247f-336c-43b5-9077-5fe234133372 label=B profile=STL
2026-07-09 11:25:02 ERROR    [onshape_export_manager.worker] Queued export failed id=5d01247f-336c-43b5-9077-5fe234133372: ValueError: unknown or disabled label 'B'
Traceback (most recent call last):
  File "/Users/hrebis/Desktop/OnshapeExportTool/onshape_export_manager/core/worker.py", line 372, in _run_job
    request = self._build_request(job)
  File "/Users/hrebis/Desktop/OnshapeExportTool/onshape_export_manager/core/worker.py", line 487, in _build_request
    raise ValueError(f"unknown or disabled label '{job.label_name}'")
ValueError: unknown or disabled label 'B'
2026-07-09 11:37:13 INFO     [onshape_export_manager.worker] Scheduler subscribed to LABELS_CHANGED events
2026-07-09 11:37:13 INFO     [onshape_export_manager.worker] Started 4 background worker thread(s) (poll=5.0s, max_jobs_per_tick=25)
2026-07-09 11:37:13 INFO     [onshape_export_manager.worker] Running queued export id=374ccd4b-9fcc-4776-9982-17a35d93fcb0 label=A profile=STL
2026-07-09 11:37:13 INFO     [onshape_export_manager.worker] Running queued export id=5d01247f-336c-43b5-9077-5fe234133372 label=B profile=STL
2026-07-09 11:37:13 ERROR    [onshape_export_manager.worker] Queued export failed id=5d01247f-336c-43b5-9077-5fe234133372: ValueError: unknown or disabled label 'B'
Traceback (most recent call last):
  File "/Users/hrebis/Desktop/OnshapeExportTool/onshape_export_manager/core/worker.py", line 372, in _run_job
    request = self._build_request(job)
  File "/Users/hrebis/Desktop/OnshapeExportTool/onshape_export_manager/core/worker.py", line 487, in _build_request
    raise ValueError(f"unknown or disabled label '{job.label_name}'")
ValueError: unknown or disabled label 'B'
2026-07-09 11:37:13 ERROR    [onshape_export_manager.worker] Queued export failed id=374ccd4b-9fcc-4776-9982-17a35d93fcb0: ValueError: unknown or disabled label 'A'
Traceback (most recent call last):
  File "/Users/hrebis/Desktop/OnshapeExportTool/onshape_export_manager/core/worker.py", line 372, in _run_job
    request = self._build_request(job)
  File "/Users/hrebis/Desktop/OnshapeExportTool/onshape_export_manager/core/worker.py", line 487, in _build_request
    raise ValueError(f"unknown or disabled label '{job.label_name}'")
ValueError: unknown or disabled label 'A'
2026-07-09 11:37:18 INFO     [onshape_export_manager.worker] Running queued export id=374ccd4b-9fcc-4776-9982-17a35d93fcb0 label=A profile=STL
2026-07-09 11:37:18 INFO     [onshape_export_manager.worker] Running queued export id=5d01247f-336c-43b5-9077-5fe234133372 label=B profile=STL
2026-07-09 11:37:18 ERROR    [onshape_export_manager.worker] Queued export failed id=374ccd4b-9fcc-4776-9982-17a35d93fcb0: ValueError: unknown or disabled label 'A'
Traceback (most recent call last):
  File "/Users/hrebis/Desktop/OnshapeExportTool/onshape_export_manager/core/worker.py", line 372, in _run_job
    request = self._build_request(job)
  File "/Users/hrebis/Desktop/OnshapeExportTool/onshape_export_manager/core/worker.py", line 487, in _build_request
    raise ValueError(f"unknown or disabled label '{job.label_name}'")
ValueError: unknown or disabled label 'A'
2026-07-09 11:37:18 ERROR    [onshape_export_manager.worker] Queued export failed id=5d01247f-336c-43b5-9077-5fe234133372: ValueError: unknown or disabled label 'B'
Traceback (most recent call last):
  File "/Users/hrebis/Desktop/OnshapeExportTool/onshape_export_manager/core/worker.py", line 372, in _run_job
    request = self._build_request(job)
  File "/Users/hrebis/Desktop/OnshapeExportTool/onshape_export_manager/core/worker.py", line 487, in _build_request
    raise ValueError(f"unknown or disabled label '{job.label_name}'")
ValueError: unknown or disabled label 'B'
2026-07-09 11:37:23 INFO     [onshape_export_manager.worker] Running queued export id=374ccd4b-9fcc-4776-9982-17a35d93fcb0 label=A profile=STL
2026-07-09 11:37:23 INFO     [onshape_export_manager.worker] Running queued export id=5d01247f-336c-43b5-9077-5fe234133372 label=B profile=STL
2026-07-09 11:37:23 ERROR    [onshape_export_manager.worker] Queued export failed id=374ccd4b-9fcc-4776-9982-17a35d93fcb0: ValueError: unknown or disabled label 'A'
Traceback (most recent call last):
  File "/Users/hrebis/Desktop/OnshapeExportTool/onshape_export_manager/core/worker.py", line 372, in _run_job
    request = self._build_request(job)
  File "/Users/hrebis/Desktop/OnshapeExportTool/onshape_export_manager/core/worker.py", line 487, in _build_request
    raise ValueError(f"unknown or disabled label '{job.label_name}'")
ValueError: unknown or disabled label 'A'
2026-07-09 11:37:23 ERROR    [onshape_export_manager.worker] Queued export failed id=5d01247f-336c-43b5-9077-5fe234133372: ValueError: unknown or disabled label 'B'
Traceback (most recent call last):
  File "/Users/hrebis/Desktop/OnshapeExportTool/onshape_export_manager/core/worker.py", line 372, in _run_job
    request = self._build_request(job)
  File "/Users/hrebis/Desktop/OnshapeExportTool/onshape_export_manager/core/worker.py", line 487, in _build_request
    raise ValueError(f"unknown or disabled label '{job.label_name}'")
ValueError: unknown or disabled label 'B'
2026-07-09 11:37:38 INFO     [onshape_export_manager.worker] Running queued export id=6d107631-5356-44bd-8112-0c6a4e16b90b label=Electronics profile=STL
2026-07-09 11:37:38 ERROR    [onshape_export_manager.worker] Queued export failed id=6d107631-5356-44bd-8112-0c6a4e16b90b: NoEnabledAccountsError: No enabled Onshape accounts are configured.
Traceback (most recent call last):
  File "/Users/hrebis/Desktop/OnshapeExportTool/onshape_export_manager/core/worker.py", line 375, in _run_job
    export = await asyncio.wait_for(
             ^^^^^^^^^^^^^^^^^^^^^^^
    ...<2 lines>...
    )
    ^
  File "/opt/homebrew/Cellar/python@3.13/3.13.14/Frameworks/Python.framework/Versions/3.13/lib/python3.13/asyncio/tasks.py", line 507, in wait_for
    return await fut
           ^^^^^^^^^
  File "/Users/hrebis/Desktop/OnshapeExportTool/onshape_export_manager/core/export_engine.py", line 80, in run_manual_export
    lease = self.api_pool.lease(request.label.assigned_accounts)
  File "/Users/hrebis/Desktop/OnshapeExportTool/onshape_export_manager/core/api_pool.py", line 138, in lease
    raise NoEnabledAccountsError("No enabled Onshape accounts are configured.")
onshape_export_manager.core.api_pool.NoEnabledAccountsError: No enabled Onshape accounts are configured.
2026-07-09 11:37:43 INFO     [onshape_export_manager.worker] Running queued export id=6d107631-5356-44bd-8112-0c6a4e16b90b label=Electronics profile=STL
2026-07-09 11:37:43 ERROR    [onshape_export_manager.worker] Queued export failed id=6d107631-5356-44bd-8112-0c6a4e16b90b: NoEnabledAccountsError: No enabled Onshape accounts are configured.
Traceback (most recent call last):
  File "/Users/hrebis/Desktop/OnshapeExportTool/onshape_export_manager/core/worker.py", line 375, in _run_job
    export = await asyncio.wait_for(
             ^^^^^^^^^^^^^^^^^^^^^^^
    ...<2 lines>...
    )
    ^
  File "/opt/homebrew/Cellar/python@3.13/3.13.14/Frameworks/Python.framework/Versions/3.13/lib/python3.13/asyncio/tasks.py", line 507, in wait_for
    return await fut
           ^^^^^^^^^
  File "/Users/hrebis/Desktop/OnshapeExportTool/onshape_export_manager/core/export_engine.py", line 80, in run_manual_export
    lease = self.api_pool.lease(request.label.assigned_accounts)
  File "/Users/hrebis/Desktop/OnshapeExportTool/onshape_export_manager/core/api_pool.py", line 138, in lease
    raise NoEnabledAccountsError("No enabled Onshape accounts are configured.")
onshape_export_manager.core.api_pool.NoEnabledAccountsError: No enabled Onshape accounts are configured.
2026-07-09 11:37:48 INFO     [onshape_export_manager.worker] Running queued export id=6d107631-5356-44bd-8112-0c6a4e16b90b label=Electronics profile=STL
2026-07-09 11:37:48 ERROR    [onshape_export_manager.worker] Queued export failed id=6d107631-5356-44bd-8112-0c6a4e16b90b: NoEnabledAccountsError: No enabled Onshape accounts are configured.
Traceback (most recent call last):
  File "/Users/hrebis/Desktop/OnshapeExportTool/onshape_export_manager/core/worker.py", line 375, in _run_job
    export = await asyncio.wait_for(
             ^^^^^^^^^^^^^^^^^^^^^^^
    ...<2 lines>...
    )
    ^
  File "/opt/homebrew/Cellar/python@3.13/3.13.14/Frameworks/Python.framework/Versions/3.13/lib/python3.13/asyncio/tasks.py", line 507, in wait_for
    return await fut
           ^^^^^^^^^
  File "/Users/hrebis/Desktop/OnshapeExportTool/onshape_export_manager/core/export_engine.py", line 80, in run_manual_export
    lease = self.api_pool.lease(request.label.assigned_accounts)
  File "/Users/hrebis/Desktop/OnshapeExportTool/onshape_export_manager/core/api_pool.py", line 138, in lease
    raise NoEnabledAccountsError("No enabled Onshape accounts are configured.")
onshape_export_manager.core.api_pool.NoEnabledAccountsError: No enabled Onshape accounts are configured.
2026-07-09 11:37:53 INFO     [onshape_export_manager.worker] Running queued export id=6d107631-5356-44bd-8112-0c6a4e16b90b label=Electronics profile=STL
2026-07-09 11:37:53 ERROR    [onshape_export_manager.worker] Queued export failed id=6d107631-5356-44bd-8112-0c6a4e16b90b: NoEnabledAccountsError: No enabled Onshape accounts are configured.
Traceback (most recent call last):
  File "/Users/hrebis/Desktop/OnshapeExportTool/onshape_export_manager/core/worker.py", line 375, in _run_job
    export = await asyncio.wait_for(
             ^^^^^^^^^^^^^^^^^^^^^^^
    ...<2 lines>...
    )
    ^
  File "/opt/homebrew/Cellar/python@3.13/3.13.14/Frameworks/Python.framework/Versions/3.13/lib/python3.13/asyncio/tasks.py", line 507, in wait_for
    return await fut
           ^^^^^^^^^
  File "/Users/hrebis/Desktop/OnshapeExportTool/onshape_export_manager/core/export_engine.py", line 80, in run_manual_export
    lease = self.api_pool.lease(request.label.assigned_accounts)
  File "/Users/hrebis/Desktop/OnshapeExportTool/onshape_export_manager/core/api_pool.py", line 138, in lease
    raise NoEnabledAccountsError("No enabled Onshape accounts are configured.")
onshape_export_manager.core.api_pool.NoEnabledAccountsError: No enabled Onshape accounts are configured.
2026-07-09 11:38:17 INFO     [onshape_export_manager.worker] Scheduler subscribed to LABELS_CHANGED events
2026-07-09 11:38:17 INFO     [onshape_export_manager.worker] Started 4 background worker thread(s) (poll=5.0s, max_jobs_per_tick=25)
2026-07-09 11:38:17 INFO     [onshape_export_manager.worker] Running queued export id=a4f4f2c7-3503-46f8-bbd9-db88bfd7697b label=A profile=STL
2026-07-09 11:38:17 ERROR    [onshape_export_manager.worker] Queued export failed id=a4f4f2c7-3503-46f8-bbd9-db88bfd7697b: ValueError: unknown or disabled label 'A'
Traceback (most recent call last):
  File "/Users/hrebis/Desktop/OnshapeExportTool/onshape_export_manager/core/worker.py", line 372, in _run_job
    request = self._build_request(job)
  File "/Users/hrebis/Desktop/OnshapeExportTool/onshape_export_manager/core/worker.py", line 487, in _build_request
    raise ValueError(f"unknown or disabled label '{job.label_name}'")
ValueError: unknown or disabled label 'A'
2026-07-09 11:38:17 INFO     [onshape_export_manager.worker] Running queued export id=5d8c9a93-3c32-4c05-bd16-d50f81690d55 label=B profile=STL
2026-07-09 11:38:17 ERROR    [onshape_export_manager.worker] Queued export failed id=5d8c9a93-3c32-4c05-bd16-d50f81690d55: ValueError: unknown or disabled label 'B'
Traceback (most recent call last):
  File "/Users/hrebis/Desktop/OnshapeExportTool/onshape_export_manager/core/worker.py", line 372, in _run_job
    request = self._build_request(job)
  File "/Users/hrebis/Desktop/OnshapeExportTool/onshape_export_manager/core/worker.py", line 487, in _build_request
    raise ValueError(f"unknown or disabled label '{job.label_name}'")
ValueError: unknown or disabled label 'B'
2026-07-09 11:38:52 INFO     [onshape_export_manager.worker] Scheduler subscribed to LABELS_CHANGED events
2026-07-09 11:38:52 INFO     [onshape_export_manager.worker] Started 4 background worker thread(s) (poll=5.0s, max_jobs_per_tick=25)
2026-07-09 11:38:57 INFO     [onshape_export_manager.worker] Running queued export id=ccd08163-54e4-4ec4-8701-8c0af1a135d2 label=Electronics profile=STL
2026-07-09 11:38:57 ERROR    [onshape_export_manager.worker] Queued export failed id=ccd08163-54e4-4ec4-8701-8c0af1a135d2: NoEnabledAccountsError: No enabled Onshape accounts are configured.
Traceback (most recent call last):
  File "/Users/hrebis/Desktop/OnshapeExportTool/onshape_export_manager/core/worker.py", line 375, in _run_job
    export = await asyncio.wait_for(
             ^^^^^^^^^^^^^^^^^^^^^^^
    ...<2 lines>...
    )
    ^
  File "/opt/homebrew/Cellar/python@3.13/3.13.14/Frameworks/Python.framework/Versions/3.13/lib/python3.13/asyncio/tasks.py", line 507, in wait_for
    return await fut
           ^^^^^^^^^
  File "/Users/hrebis/Desktop/OnshapeExportTool/onshape_export_manager/core/export_engine.py", line 80, in run_manual_export
    lease = self.api_pool.lease(request.label.assigned_accounts)
  File "/Users/hrebis/Desktop/OnshapeExportTool/onshape_export_manager/core/api_pool.py", line 138, in lease
    raise NoEnabledAccountsError("No enabled Onshape accounts are configured.")
onshape_export_manager.core.api_pool.NoEnabledAccountsError: No enabled Onshape accounts are configured.
2026-07-09 11:39:02 INFO     [onshape_export_manager.worker] Running queued export id=ccd08163-54e4-4ec4-8701-8c0af1a135d2 label=Electronics profile=STL
2026-07-09 11:39:02 ERROR    [onshape_export_manager.worker] Queued export failed id=ccd08163-54e4-4ec4-8701-8c0af1a135d2: NoEnabledAccountsError: No enabled Onshape accounts are configured.
Traceback (most recent call last):
  File "/Users/hrebis/Desktop/OnshapeExportTool/onshape_export_manager/core/worker.py", line 375, in _run_job
    export = await asyncio.wait_for(
             ^^^^^^^^^^^^^^^^^^^^^^^
    ...<2 lines>...
    )
    ^
  File "/opt/homebrew/Cellar/python@3.13/3.13.14/Frameworks/Python.framework/Versions/3.13/lib/python3.13/asyncio/tasks.py", line 507, in wait_for
    return await fut
           ^^^^^^^^^
  File "/Users/hrebis/Desktop/OnshapeExportTool/onshape_export_manager/core/export_engine.py", line 80, in run_manual_export
    lease = self.api_pool.lease(request.label.assigned_accounts)
  File "/Users/hrebis/Desktop/OnshapeExportTool/onshape_export_manager/core/api_pool.py", line 138, in lease
    raise NoEnabledAccountsError("No enabled Onshape accounts are configured.")
onshape_export_manager.core.api_pool.NoEnabledAccountsError: No enabled Onshape accounts are configured.
2026-07-09 11:39:07 INFO     [onshape_export_manager.worker] Running queued export id=ccd08163-54e4-4ec4-8701-8c0af1a135d2 label=Electronics profile=STL
2026-07-09 11:39:07 ERROR    [onshape_export_manager.worker] Queued export failed id=ccd08163-54e4-4ec4-8701-8c0af1a135d2: NoEnabledAccountsError: No enabled Onshape accounts are configured.
Traceback (most recent call last):
  File "/Users/hrebis/Desktop/OnshapeExportTool/onshape_export_manager/core/worker.py", line 375, in _run_job
    export = await asyncio.wait_for(
             ^^^^^^^^^^^^^^^^^^^^^^^
    ...<2 lines>...
    )
    ^
  File "/opt/homebrew/Cellar/python@3.13/3.13.14/Frameworks/Python.framework/Versions/3.13/lib/python3.13/asyncio/tasks.py", line 507, in wait_for
    return await fut
           ^^^^^^^^^
  File "/Users/hrebis/Desktop/OnshapeExportTool/onshape_export_manager/core/export_engine.py", line 80, in run_manual_export
    lease = self.api_pool.lease(request.label.assigned_accounts)
  File "/Users/hrebis/Desktop/OnshapeExportTool/onshape_export_manager/core/api_pool.py", line 138, in lease
    raise NoEnabledAccountsError("No enabled Onshape accounts are configured.")
onshape_export_manager.core.api_pool.NoEnabledAccountsError: No enabled Onshape accounts are configured.
2026-07-09 11:39:12 INFO     [onshape_export_manager.worker] Running queued export id=ccd08163-54e4-4ec4-8701-8c0af1a135d2 label=Electronics profile=STL
2026-07-09 11:39:12 ERROR    [onshape_export_manager.worker] Queued export failed id=ccd08163-54e4-4ec4-8701-8c0af1a135d2: NoEnabledAccountsError: No enabled Onshape accounts are configured.
Traceback (most recent call last):
  File "/Users/hrebis/Desktop/OnshapeExportTool/onshape_export_manager/core/worker.py", line 375, in _run_job
    export = await asyncio.wait_for(
             ^^^^^^^^^^^^^^^^^^^^^^^
    ...<2 lines>...
    )
    ^
  File "/opt/homebrew/Cellar/python@3.13/3.13.14/Frameworks/Python.framework/Versions/3.13/lib/python3.13/asyncio/tasks.py", line 507, in wait_for
    return await fut
           ^^^^^^^^^
  File "/Users/hrebis/Desktop/OnshapeExportTool/onshape_export_manager/core/export_engine.py", line 80, in run_manual_export
    lease = self.api_pool.lease(request.label.assigned_accounts)
  File "/Users/hrebis/Desktop/OnshapeExportTool/onshape_export_manager/core/api_pool.py", line 138, in lease
    raise NoEnabledAccountsError("No enabled Onshape accounts are configured.")
onshape_export_manager.core.api_pool.NoEnabledAccountsError: No enabled Onshape accounts are configured.
2026-07-09 12:27:04 INFO     [onshape_export_manager.worker] Running queued export id=0e296bb9-7525-4e63-a4a3-3122290722e4 label=A profile=STL
2026-07-09 12:27:04 ERROR    [onshape_export_manager.worker] Queued export failed id=0e296bb9-7525-4e63-a4a3-3122290722e4: ValueError: unknown or disabled label 'A'
Traceback (most recent call last):
  File "/Users/hrebis/Desktop/OnshapeExportTool/onshape_export_manager/core/worker.py", line 372, in _run_job
    request = self._build_request(job)
  File "/Users/hrebis/Desktop/OnshapeExportTool/onshape_export_manager/core/worker.py", line 487, in _build_request
    raise ValueError(f"unknown or disabled label '{job.label_name}'")
ValueError: unknown or disabled label 'A'
2026-07-09 12:27:04 INFO     [onshape_export_manager.worker] Running queued export id=c82cdad6-16f6-46aa-9142-bdffc38fd7df label=B profile=STL
2026-07-09 12:27:04 ERROR    [onshape_export_manager.worker] Queued export failed id=c82cdad6-16f6-46aa-9142-bdffc38fd7df: ValueError: unknown or disabled label 'B'
Traceback (most recent call last):
  File "/Users/hrebis/Desktop/OnshapeExportTool/onshape_export_manager/core/worker.py", line 372, in _run_job
    request = self._build_request(job)
  File "/Users/hrebis/Desktop/OnshapeExportTool/onshape_export_manager/core/worker.py", line 487, in _build_request
    raise ValueError(f"unknown or disabled label '{job.label_name}'")
ValueError: unknown or disabled label 'B'
2026-07-09 12:27:08 INFO     [onshape_export_manager.worker] Running queued export id=0e296bb9-7525-4e63-a4a3-3122290722e4 label=A profile=STL
2026-07-09 12:27:08 INFO     [onshape_export_manager.worker] Running queued export id=c82cdad6-16f6-46aa-9142-bdffc38fd7df label=B profile=STL
2026-07-09 12:27:08 ERROR    [onshape_export_manager.worker] Queued export failed id=0e296bb9-7525-4e63-a4a3-3122290722e4: ValueError: unknown or disabled label 'A'
Traceback (most recent call last):
  File "/Users/hrebis/Desktop/OnshapeExportTool/onshape_export_manager/core/worker.py", line 372, in _run_job
    request = self._build_request(job)
  File "/Users/hrebis/Desktop/OnshapeExportTool/onshape_export_manager/core/worker.py", line 487, in _build_request
    raise ValueError(f"unknown or disabled label '{job.label_name}'")
ValueError: unknown or disabled label 'A'
2026-07-09 12:27:08 ERROR    [onshape_export_manager.worker] Queued export failed id=c82cdad6-16f6-46aa-9142-bdffc38fd7df: ValueError: unknown or disabled label 'B'
Traceback (most recent call last):
  File "/Users/hrebis/Desktop/OnshapeExportTool/onshape_export_manager/core/worker.py", line 372, in _run_job
    request = self._build_request(job)
  File "/Users/hrebis/Desktop/OnshapeExportTool/onshape_export_manager/core/worker.py", line 487, in _build_request
    raise ValueError(f"unknown or disabled label '{job.label_name}'")
ValueError: unknown or disabled label 'B'
2026-07-09 12:27:13 INFO     [onshape_export_manager.worker] Running queued export id=0e296bb9-7525-4e63-a4a3-3122290722e4 label=A profile=STL
2026-07-09 12:27:13 ERROR    [onshape_export_manager.worker] Queued export failed id=0e296bb9-7525-4e63-a4a3-3122290722e4: ValueError: unknown or disabled label 'A'
Traceback (most recent call last):
  File "/Users/hrebis/Desktop/OnshapeExportTool/onshape_export_manager/core/worker.py", line 372, in _run_job
    request = self._build_request(job)
  File "/Users/hrebis/Desktop/OnshapeExportTool/onshape_export_manager/core/worker.py", line 487, in _build_request
    raise ValueError(f"unknown or disabled label '{job.label_name}'")
ValueError: unknown or disabled label 'A'
2026-07-09 12:27:13 INFO     [onshape_export_manager.worker] Running queued export id=c82cdad6-16f6-46aa-9142-bdffc38fd7df label=B profile=STL
2026-07-09 12:27:13 ERROR    [onshape_export_manager.worker] Queued export failed id=c82cdad6-16f6-46aa-9142-bdffc38fd7df: ValueError: unknown or disabled label 'B'
Traceback (most recent call last):
  File "/Users/hrebis/Desktop/OnshapeExportTool/onshape_export_manager/core/worker.py", line 372, in _run_job
    request = self._build_request(job)
  File "/Users/hrebis/Desktop/OnshapeExportTool/onshape_export_manager/core/worker.py", line 487, in _build_request
    raise ValueError(f"unknown or disabled label '{job.label_name}'")
ValueError: unknown or disabled label 'B'
2026-07-09 12:27:17 INFO     [onshape_export_manager.worker] Scheduler subscribed to LABELS_CHANGED events
2026-07-09 12:27:17 INFO     [onshape_export_manager.worker] Started 4 background worker thread(s) (poll=5.0s, max_jobs_per_tick=25)
2026-07-09 12:27:22 INFO     [onshape_export_manager.worker] Running queued export id=db67c8b3-c8e6-4188-9784-42a4b62fa34b label=Electronics profile=STL
2026-07-09 12:27:27 INFO     [onshape_export_manager.worker] Running queued export id=db67c8b3-c8e6-4188-9784-42a4b62fa34b label=Electronics profile=STL
2026-07-09 12:27:32 INFO     [onshape_export_manager.worker] Running queued export id=db67c8b3-c8e6-4188-9784-42a4b62fa34b label=Electronics profile=STL
2026-07-09 12:27:37 INFO     [onshape_export_manager.worker] Running queued export id=db67c8b3-c8e6-4188-9784-42a4b62fa34b label=Electronics profile=STL
2026-07-09 12:28:20 INFO     [onshape_export_manager.worker] Scheduler subscribed to LABELS_CHANGED events
2026-07-09 12:28:20 INFO     [onshape_export_manager.worker] Started 4 background worker thread(s) (poll=5.0s, max_jobs_per_tick=25)
2026-07-09 12:28:25 INFO     [onshape_export_manager.worker] Running queued export id=57c8e2b8-c4fb-416c-b4fb-afcffb3b83ab label=Electronics profile=STL
2026-07-10 16:03:31 INFO     [onshape_export_manager.worker] Running queued export id=d4ed942c-c2da-4e96-8d2c-b09d958a1614 label=A profile=STL
2026-07-10 16:03:31 ERROR    [onshape_export_manager.worker] Queued export failed id=d4ed942c-c2da-4e96-8d2c-b09d958a1614: ValueError: unknown or disabled label 'A'
Traceback (most recent call last):
  File "/Users/hrebis/Desktop/OnshapeExportTool/onshape_export_manager/core/worker.py", line 372, in _run_job
    request = self._build_request(job)
  File "/Users/hrebis/Desktop/OnshapeExportTool/onshape_export_manager/core/worker.py", line 487, in _build_request
    raise ValueError(f"unknown or disabled label '{job.label_name}'")
ValueError: unknown or disabled label 'A'
2026-07-10 16:03:31 INFO     [onshape_export_manager.worker] Running queued export id=ffedba18-e72f-4cc0-a93c-a9e7d39869a2 label=B profile=STL
2026-07-10 16:03:31 ERROR    [onshape_export_manager.worker] Queued export failed id=ffedba18-e72f-4cc0-a93c-a9e7d39869a2: ValueError: unknown or disabled label 'B'
Traceback (most recent call last):
  File "/Users/hrebis/Desktop/OnshapeExportTool/onshape_export_manager/core/worker.py", line 372, in _run_job
    request = self._build_request(job)
  File "/Users/hrebis/Desktop/OnshapeExportTool/onshape_export_manager/core/worker.py", line 487, in _build_request
    raise ValueError(f"unknown or disabled label '{job.label_name}'")
ValueError: unknown or disabled label 'B'
2026-07-10 16:03:35 INFO     [onshape_export_manager.worker] Running queued export id=d4ed942c-c2da-4e96-8d2c-b09d958a1614 label=A profile=STL
2026-07-10 16:03:35 ERROR    [onshape_export_manager.worker] Queued export failed id=d4ed942c-c2da-4e96-8d2c-b09d958a1614: ValueError: unknown or disabled label 'A'
Traceback (most recent call last):
  File "/Users/hrebis/Desktop/OnshapeExportTool/onshape_export_manager/core/worker.py", line 372, in _run_job
    request = self._build_request(job)
  File "/Users/hrebis/Desktop/OnshapeExportTool/onshape_export_manager/core/worker.py", line 487, in _build_request
    raise ValueError(f"unknown or disabled label '{job.label_name}'")
ValueError: unknown or disabled label 'A'
2026-07-10 16:03:35 INFO     [onshape_export_manager.worker] Running queued export id=ffedba18-e72f-4cc0-a93c-a9e7d39869a2 label=B profile=STL
2026-07-10 16:03:35 ERROR    [onshape_export_manager.worker] Queued export failed id=ffedba18-e72f-4cc0-a93c-a9e7d39869a2: ValueError: unknown or disabled label 'B'
Traceback (most recent call last):
  File "/Users/hrebis/Desktop/OnshapeExportTool/onshape_export_manager/core/worker.py", line 372, in _run_job
    request = self._build_request(job)
  File "/Users/hrebis/Desktop/OnshapeExportTool/onshape_export_manager/core/worker.py", line 487, in _build_request
    raise ValueError(f"unknown or disabled label '{job.label_name}'")
ValueError: unknown or disabled label 'B'
2026-07-10 16:05:37 INFO     [onshape_export_manager.worker] Running queued export id=ca39d7cb-8ded-4584-ac8d-2b8529f3705c label=A profile=STL
2026-07-10 16:05:37 ERROR    [onshape_export_manager.worker] Queued export failed id=ca39d7cb-8ded-4584-ac8d-2b8529f3705c: ValueError: unknown or disabled label 'A'
Traceback (most recent call last):
  File "/Users/hrebis/Desktop/OnshapeExportTool/onshape_export_manager/core/worker.py", line 372, in _run_job
    request = self._build_request(job)
  File "/Users/hrebis/Desktop/OnshapeExportTool/onshape_export_manager/core/worker.py", line 487, in _build_request
    raise ValueError(f"unknown or disabled label '{job.label_name}'")
ValueError: unknown or disabled label 'A'
2026-07-10 16:05:37 INFO     [onshape_export_manager.worker] Running queued export id=3bd94baf-66ba-4644-b838-5e8afe184606 label=B profile=STL
2026-07-10 16:05:37 ERROR    [onshape_export_manager.worker] Queued export failed id=3bd94baf-66ba-4644-b838-5e8afe184606: ValueError: unknown or disabled label 'B'
Traceback (most recent call last):
  File "/Users/hrebis/Desktop/OnshapeExportTool/onshape_export_manager/core/worker.py", line 372, in _run_job
    request = self._build_request(job)
  File "/Users/hrebis/Desktop/OnshapeExportTool/onshape_export_manager/core/worker.py", line 487, in _build_request
    raise ValueError(f"unknown or disabled label '{job.label_name}'")
ValueError: unknown or disabled label 'B'
2026-07-10 16:05:41 INFO     [onshape_export_manager.worker] Running queued export id=ca39d7cb-8ded-4584-ac8d-2b8529f3705c label=A profile=STL
2026-07-10 16:05:41 ERROR    [onshape_export_manager.worker] Queued export failed id=ca39d7cb-8ded-4584-ac8d-2b8529f3705c: ValueError: unknown or disabled label 'A'
Traceback (most recent call last):
  File "/Users/hrebis/Desktop/OnshapeExportTool/onshape_export_manager/core/worker.py", line 372, in _run_job
    request = self._build_request(job)
  File "/Users/hrebis/Desktop/OnshapeExportTool/onshape_export_manager/core/worker.py", line 487, in _build_request
    raise ValueError(f"unknown or disabled label '{job.label_name}'")
ValueError: unknown or disabled label 'A'
2026-07-10 16:05:41 INFO     [onshape_export_manager.worker] Running queued export id=3bd94baf-66ba-4644-b838-5e8afe184606 label=B profile=STL
2026-07-10 16:05:41 ERROR    [onshape_export_manager.worker] Queued export failed id=3bd94baf-66ba-4644-b838-5e8afe184606: ValueError: unknown or disabled label 'B'
Traceback (most recent call last):
  File "/Users/hrebis/Desktop/OnshapeExportTool/onshape_export_manager/core/worker.py", line 372, in _run_job
    request = self._build_request(job)
  File "/Users/hrebis/Desktop/OnshapeExportTool/onshape_export_manager/core/worker.py", line 487, in _build_request
    raise ValueError(f"unknown or disabled label '{job.label_name}'")
ValueError: unknown or disabled label 'B'
2026-07-10 16:05:46 INFO     [onshape_export_manager.worker] Running queued export id=ca39d7cb-8ded-4584-ac8d-2b8529f3705c label=A profile=STL
2026-07-10 16:05:46 ERROR    [onshape_export_manager.worker] Queued export failed id=ca39d7cb-8ded-4584-ac8d-2b8529f3705c: ValueError: unknown or disabled label 'A'
Traceback (most recent call last):
  File "/Users/hrebis/Desktop/OnshapeExportTool/onshape_export_manager/core/worker.py", line 372, in _run_job
    request = self._build_request(job)
  File "/Users/hrebis/Desktop/OnshapeExportTool/onshape_export_manager/core/worker.py", line 487, in _build_request
    raise ValueError(f"unknown or disabled label '{job.label_name}'")
ValueError: unknown or disabled label 'A'
2026-07-10 16:05:46 INFO     [onshape_export_manager.worker] Running queued export id=3bd94baf-66ba-4644-b838-5e8afe184606 label=B profile=STL
2026-07-10 16:05:46 ERROR    [onshape_export_manager.worker] Queued export failed id=3bd94baf-66ba-4644-b838-5e8afe184606: ValueError: unknown or disabled label 'B'
Traceback (most recent call last):
  File "/Users/hrebis/Desktop/OnshapeExportTool/onshape_export_manager/core/worker.py", line 372, in _run_job
    request = self._build_request(job)
  File "/Users/hrebis/Desktop/OnshapeExportTool/onshape_export_manager/core/worker.py", line 487, in _build_request
    raise ValueError(f"unknown or disabled label '{job.label_name}'")
ValueError: unknown or disabled label 'B'
2026-07-10 16:05:51 INFO     [onshape_export_manager.worker] Running queued export id=ca39d7cb-8ded-4584-ac8d-2b8529f3705c label=A profile=STL
2026-07-10 16:05:51 INFO     [onshape_export_manager.worker] Running queued export id=3bd94baf-66ba-4644-b838-5e8afe184606 label=B profile=STL
2026-07-10 16:05:51 ERROR    [onshape_export_manager.worker] Queued export failed id=3bd94baf-66ba-4644-b838-5e8afe184606: ValueError: unknown or disabled label 'B'
Traceback (most recent call last):
  File "/Users/hrebis/Desktop/OnshapeExportTool/onshape_export_manager/core/worker.py", line 372, in _run_job
    request = self._build_request(job)
  File "/Users/hrebis/Desktop/OnshapeExportTool/onshape_export_manager/core/worker.py", line 487, in _build_request
    raise ValueError(f"unknown or disabled label '{job.label_name}'")
ValueError: unknown or disabled label 'B'
2026-07-10 16:05:51 ERROR    [onshape_export_manager.worker] Queued export failed id=ca39d7cb-8ded-4584-ac8d-2b8529f3705c: ValueError: unknown or disabled label 'A'
Traceback (most recent call last):
  File "/Users/hrebis/Desktop/OnshapeExportTool/onshape_export_manager/core/worker.py", line 372, in _run_job
    request = self._build_request(job)
  File "/Users/hrebis/Desktop/OnshapeExportTool/onshape_export_manager/core/worker.py", line 487, in _build_request
    raise ValueError(f"unknown or disabled label '{job.label_name}'")
ValueError: unknown or disabled label 'A'
2026-07-10 16:06:11 INFO     [onshape_export_manager.worker] Running queued export id=55dd68b4-5e42-4edc-9543-f46350afb6ba label=A profile=STL
2026-07-10 16:06:11 INFO     [onshape_export_manager.worker] Running queued export id=7155b783-bd9d-476c-9508-8930f6733152 label=B profile=STL
2026-07-10 16:06:11 ERROR    [onshape_export_manager.worker] Queued export failed id=7155b783-bd9d-476c-9508-8930f6733152: ValueError: unknown or disabled label 'B'
Traceback (most recent call last):
  File "/Users/hrebis/Desktop/OnshapeExportTool/onshape_export_manager/core/worker.py", line 372, in _run_job
    request = self._build_request(job)
  File "/Users/hrebis/Desktop/OnshapeExportTool/onshape_export_manager/core/worker.py", line 487, in _build_request
    raise ValueError(f"unknown or disabled label '{job.label_name}'")
ValueError: unknown or disabled label 'B'
2026-07-10 16:06:11 ERROR    [onshape_export_manager.worker] Queued export failed id=55dd68b4-5e42-4edc-9543-f46350afb6ba: ValueError: unknown or disabled label 'A'
Traceback (most recent call last):
  File "/Users/hrebis/Desktop/OnshapeExportTool/onshape_export_manager/core/worker.py", line 372, in _run_job
    request = self._build_request(job)
  File "/Users/hrebis/Desktop/OnshapeExportTool/onshape_export_manager/core/worker.py", line 487, in _build_request
    raise ValueError(f"unknown or disabled label '{job.label_name}'")
ValueError: unknown or disabled label 'A'
2026-07-10 16:06:12 INFO     [onshape_export_manager.worker] Running queued export id=55dd68b4-5e42-4edc-9543-f46350afb6ba label=A profile=STL
2026-07-10 16:06:12 ERROR    [onshape_export_manager.worker] Queued export failed id=55dd68b4-5e42-4edc-9543-f46350afb6ba: ValueError: unknown or disabled label 'A'
Traceback (most recent call last):
  File "/Users/hrebis/Desktop/OnshapeExportTool/onshape_export_manager/core/worker.py", line 372, in _run_job
    request = self._build_request(job)
  File "/Users/hrebis/Desktop/OnshapeExportTool/onshape_export_manager/core/worker.py", line 487, in _build_request
    raise ValueError(f"unknown or disabled label '{job.label_name}'")
ValueError: unknown or disabled label 'A'
2026-07-10 16:06:12 INFO     [onshape_export_manager.worker] Running queued export id=7155b783-bd9d-476c-9508-8930f6733152 label=B profile=STL
2026-07-10 16:06:12 ERROR    [onshape_export_manager.worker] Queued export failed id=7155b783-bd9d-476c-9508-8930f6733152: ValueError: unknown or disabled label 'B'
Traceback (most recent call last):
  File "/Users/hrebis/Desktop/OnshapeExportTool/onshape_export_manager/core/worker.py", line 372, in _run_job
    request = self._build_request(job)
  File "/Users/hrebis/Desktop/OnshapeExportTool/onshape_export_manager/core/worker.py", line 487, in _build_request
    raise ValueError(f"unknown or disabled label '{job.label_name}'")
ValueError: unknown or disabled label 'B'
2026-07-10 16:06:16 INFO     [onshape_export_manager.worker] Running queued export id=55dd68b4-5e42-4edc-9543-f46350afb6ba label=A profile=STL
2026-07-10 16:06:16 ERROR    [onshape_export_manager.worker] Queued export failed id=55dd68b4-5e42-4edc-9543-f46350afb6ba: ValueError: unknown or disabled label 'A'
Traceback (most recent call last):
  File "/Users/hrebis/Desktop/OnshapeExportTool/onshape_export_manager/core/worker.py", line 372, in _run_job
    request = self._build_request(job)
  File "/Users/hrebis/Desktop/OnshapeExportTool/onshape_export_manager/core/worker.py", line 487, in _build_request
    raise ValueError(f"unknown or disabled label '{job.label_name}'")
ValueError: unknown or disabled label 'A'
2026-07-10 16:06:16 INFO     [onshape_export_manager.worker] Running queued export id=7155b783-bd9d-476c-9508-8930f6733152 label=B profile=STL
2026-07-10 16:06:16 ERROR    [onshape_export_manager.worker] Queued export failed id=7155b783-bd9d-476c-9508-8930f6733152: ValueError: unknown or disabled label 'B'
Traceback (most recent call last):
  File "/Users/hrebis/Desktop/OnshapeExportTool/onshape_export_manager/core/worker.py", line 372, in _run_job
    request = self._build_request(job)
  File "/Users/hrebis/Desktop/OnshapeExportTool/onshape_export_manager/core/worker.py", line 487, in _build_request
    raise ValueError(f"unknown or disabled label '{job.label_name}'")
ValueError: unknown or disabled label 'B'
2026-07-10 16:06:21 INFO     [onshape_export_manager.worker] Running queued export id=55dd68b4-5e42-4edc-9543-f46350afb6ba label=A profile=STL
2026-07-10 16:06:21 INFO     [onshape_export_manager.worker] Running queued export id=7155b783-bd9d-476c-9508-8930f6733152 label=B profile=STL
2026-07-10 16:06:21 ERROR    [onshape_export_manager.worker] Queued export failed id=55dd68b4-5e42-4edc-9543-f46350afb6ba: ValueError: unknown or disabled label 'A'
Traceback (most recent call last):
  File "/Users/hrebis/Desktop/OnshapeExportTool/onshape_export_manager/core/worker.py", line 372, in _run_job
    request = self._build_request(job)
  File "/Users/hrebis/Desktop/OnshapeExportTool/onshape_export_manager/core/worker.py", line 487, in _build_request
    raise ValueError(f"unknown or disabled label '{job.label_name}'")
ValueError: unknown or disabled label 'A'
2026-07-10 16:06:21 ERROR    [onshape_export_manager.worker] Queued export failed id=7155b783-bd9d-476c-9508-8930f6733152: ValueError: unknown or disabled label 'B'
Traceback (most recent call last):
  File "/Users/hrebis/Desktop/OnshapeExportTool/onshape_export_manager/core/worker.py", line 372, in _run_job
    request = self._build_request(job)
  File "/Users/hrebis/Desktop/OnshapeExportTool/onshape_export_manager/core/worker.py", line 487, in _build_request
    raise ValueError(f"unknown or disabled label '{job.label_name}'")
ValueError: unknown or disabled label 'B'
2026-07-10 16:08:03 INFO     [onshape_export_manager.worker] Scheduler subscribed to LABELS_CHANGED events
2026-07-10 16:08:03 INFO     [onshape_export_manager.worker] Started 4 background worker thread(s) (poll=5.0s, max_jobs_per_tick=25)
2026-07-10 16:11:43 INFO     [onshape_export_manager.worker] Running queued export id=a44852f5-3be8-4dc2-8277-2b2b94c9516c label=A profile=STL
2026-07-10 16:11:43 INFO     [onshape_export_manager.worker] Running queued export id=a539d744-443f-488b-b4f7-939138d26aed label=B profile=STL
2026-07-10 16:11:43 ERROR    [onshape_export_manager.worker] Queued export failed id=a44852f5-3be8-4dc2-8277-2b2b94c9516c: ValueError: unknown or disabled label 'A'
Traceback (most recent call last):
  File "/Users/hrebis/Desktop/OnshapeExportTool/onshape_export_manager/core/worker.py", line 372, in _run_job
    request = self._build_request(job)
  File "/Users/hrebis/Desktop/OnshapeExportTool/onshape_export_manager/core/worker.py", line 487, in _build_request
    raise ValueError(f"unknown or disabled label '{job.label_name}'")
ValueError: unknown or disabled label 'A'
2026-07-10 16:11:44 ERROR    [onshape_export_manager.worker] Queued export failed id=a539d744-443f-488b-b4f7-939138d26aed: ValueError: unknown or disabled label 'B'
Traceback (most recent call last):
  File "/Users/hrebis/Desktop/OnshapeExportTool/onshape_export_manager/core/worker.py", line 372, in _run_job
    request = self._build_request(job)
  File "/Users/hrebis/Desktop/OnshapeExportTool/onshape_export_manager/core/worker.py", line 487, in _build_request
    raise ValueError(f"unknown or disabled label '{job.label_name}'")
ValueError: unknown or disabled label 'B'
2026-07-10 16:11:48 INFO     [onshape_export_manager.worker] Running queued export id=a44852f5-3be8-4dc2-8277-2b2b94c9516c label=A profile=STL
2026-07-10 16:11:49 ERROR    [onshape_export_manager.worker] Queued export failed id=a44852f5-3be8-4dc2-8277-2b2b94c9516c: ValueError: unknown or disabled label 'A'
Traceback (most recent call last):
  File "/Users/hrebis/Desktop/OnshapeExportTool/onshape_export_manager/core/worker.py", line 372, in _run_job
    request = self._build_request(job)
  File "/Users/hrebis/Desktop/OnshapeExportTool/onshape_export_manager/core/worker.py", line 487, in _build_request
    raise ValueError(f"unknown or disabled label '{job.label_name}'")
ValueError: unknown or disabled label 'A'
2026-07-10 16:11:49 INFO     [onshape_export_manager.worker] Running queued export id=a539d744-443f-488b-b4f7-939138d26aed label=B profile=STL
2026-07-10 16:11:49 ERROR    [onshape_export_manager.worker] Queued export failed id=a539d744-443f-488b-b4f7-939138d26aed: ValueError: unknown or disabled label 'B'
Traceback (most recent call last):
  File "/Users/hrebis/Desktop/OnshapeExportTool/onshape_export_manager/core/worker.py", line 372, in _run_job
    request = self._build_request(job)
  File "/Users/hrebis/Desktop/OnshapeExportTool/onshape_export_manager/core/worker.py", line 487, in _build_request
    raise ValueError(f"unknown or disabled label '{job.label_name}'")
ValueError: unknown or disabled label 'B'
2026-07-10 16:11:54 INFO     [onshape_export_manager.worker] Scheduler subscribed to LABELS_CHANGED events
2026-07-10 16:11:54 INFO     [onshape_export_manager.worker] Started 4 background worker thread(s) (poll=5.0s, max_jobs_per_tick=25)
2026-07-10 16:11:54 INFO     [onshape_export_manager.worker] Running queued export id=a44852f5-3be8-4dc2-8277-2b2b94c9516c label=A profile=STL
2026-07-10 16:11:54 INFO     [onshape_export_manager.worker] Running queued export id=a539d744-443f-488b-b4f7-939138d26aed label=B profile=STL
2026-07-10 16:11:54 ERROR    [onshape_export_manager.worker] Queued export failed id=a44852f5-3be8-4dc2-8277-2b2b94c9516c: ValueError: unknown or disabled label 'A'
Traceback (most recent call last):
  File "/Users/hrebis/Desktop/OnshapeExportTool/onshape_export_manager/core/worker.py", line 372, in _run_job
    request = self._build_request(job)
  File "/Users/hrebis/Desktop/OnshapeExportTool/onshape_export_manager/core/worker.py", line 487, in _build_request
    raise ValueError(f"unknown or disabled label '{job.label_name}'")
ValueError: unknown or disabled label 'A'
2026-07-10 16:11:54 ERROR    [onshape_export_manager.worker] Queued export failed id=a539d744-443f-488b-b4f7-939138d26aed: ValueError: unknown or disabled label 'B'
Traceback (most recent call last):
  File "/Users/hrebis/Desktop/OnshapeExportTool/onshape_export_manager/core/worker.py", line 372, in _run_job
    request = self._build_request(job)
  File "/Users/hrebis/Desktop/OnshapeExportTool/onshape_export_manager/core/worker.py", line 487, in _build_request
    raise ValueError(f"unknown or disabled label '{job.label_name}'")
ValueError: unknown or disabled label 'B'
2026-07-10 16:11:59 INFO     [onshape_export_manager.worker] Running queued export id=a44852f5-3be8-4dc2-8277-2b2b94c9516c label=A profile=STL
2026-07-10 16:11:59 INFO     [onshape_export_manager.worker] Running queued export id=a539d744-443f-488b-b4f7-939138d26aed label=B profile=STL
2026-07-10 16:11:59 ERROR    [onshape_export_manager.worker] Queued export failed id=a539d744-443f-488b-b4f7-939138d26aed: ValueError: unknown or disabled label 'B'
Traceback (most recent call last):
  File "/Users/hrebis/Desktop/OnshapeExportTool/onshape_export_manager/core/worker.py", line 372, in _run_job
    request = self._build_request(job)
  File "/Users/hrebis/Desktop/OnshapeExportTool/onshape_export_manager/core/worker.py", line 487, in _build_request
    raise ValueError(f"unknown or disabled label '{job.label_name}'")
ValueError: unknown or disabled label 'B'
2026-07-10 16:11:59 ERROR    [onshape_export_manager.worker] Queued export failed id=a44852f5-3be8-4dc2-8277-2b2b94c9516c: ValueError: unknown or disabled label 'A'
Traceback (most recent call last):
  File "/Users/hrebis/Desktop/OnshapeExportTool/onshape_export_manager/core/worker.py", line 372, in _run_job
    request = self._build_request(job)
  File "/Users/hrebis/Desktop/OnshapeExportTool/onshape_export_manager/core/worker.py", line 487, in _build_request
    raise ValueError(f"unknown or disabled label '{job.label_name}'")
ValueError: unknown or disabled label 'A'
2026-07-10 16:18:39 INFO     [onshape_export_manager.worker] Running queued export id=975c6ea1-6451-4115-aca0-3dbe0f86dc06 label=A profile=STL
2026-07-10 16:18:39 INFO     [onshape_export_manager.worker] Running queued export id=9614df73-1eea-4e68-a64f-3bf164fd0dfa label=B profile=STL
2026-07-10 16:18:39 ERROR    [onshape_export_manager.worker] Queued export failed id=975c6ea1-6451-4115-aca0-3dbe0f86dc06: ValueError: unknown or disabled label 'A'
Traceback (most recent call last):
  File "/Users/hrebis/Desktop/OnshapeExportTool/onshape_export_manager/core/worker.py", line 372, in _run_job
    request = self._build_request(job)
  File "/Users/hrebis/Desktop/OnshapeExportTool/onshape_export_manager/core/worker.py", line 487, in _build_request
    raise ValueError(f"unknown or disabled label '{job.label_name}'")
ValueError: unknown or disabled label 'A'
2026-07-10 16:18:39 ERROR    [onshape_export_manager.worker] Queued export failed id=9614df73-1eea-4e68-a64f-3bf164fd0dfa: ValueError: unknown or disabled label 'B'
Traceback (most recent call last):
  File "/Users/hrebis/Desktop/OnshapeExportTool/onshape_export_manager/core/worker.py", line 372, in _run_job
    request = self._build_request(job)
  File "/Users/hrebis/Desktop/OnshapeExportTool/onshape_export_manager/core/worker.py", line 487, in _build_request
    raise ValueError(f"unknown or disabled label '{job.label_name}'")
ValueError: unknown or disabled label 'B'
2026-07-10 16:18:44 INFO     [onshape_export_manager.worker] Running queued export id=975c6ea1-6451-4115-aca0-3dbe0f86dc06 label=A profile=STL
2026-07-10 16:18:44 ERROR    [onshape_export_manager.worker] Queued export failed id=975c6ea1-6451-4115-aca0-3dbe0f86dc06: ValueError: unknown or disabled label 'A'
Traceback (most recent call last):
  File "/Users/hrebis/Desktop/OnshapeExportTool/onshape_export_manager/core/worker.py", line 372, in _run_job
    request = self._build_request(job)
  File "/Users/hrebis/Desktop/OnshapeExportTool/onshape_export_manager/core/worker.py", line 487, in _build_request
    raise ValueError(f"unknown or disabled label '{job.label_name}'")
ValueError: unknown or disabled label 'A'
2026-07-10 16:18:44 INFO     [onshape_export_manager.worker] Running queued export id=9614df73-1eea-4e68-a64f-3bf164fd0dfa label=B profile=STL
2026-07-10 16:18:44 ERROR    [onshape_export_manager.worker] Queued export failed id=9614df73-1eea-4e68-a64f-3bf164fd0dfa: ValueError: unknown or disabled label 'B'
Traceback (most recent call last):
  File "/Users/hrebis/Desktop/OnshapeExportTool/onshape_export_manager/core/worker.py", line 372, in _run_job
    request = self._build_request(job)
  File "/Users/hrebis/Desktop/OnshapeExportTool/onshape_export_manager/core/worker.py", line 487, in _build_request
    raise ValueError(f"unknown or disabled label '{job.label_name}'")
ValueError: unknown or disabled label 'B'
2026-07-10 16:18:49 INFO     [onshape_export_manager.worker] Running queued export id=975c6ea1-6451-4115-aca0-3dbe0f86dc06 label=A profile=STL
2026-07-10 16:18:49 ERROR    [onshape_export_manager.worker] Queued export failed id=975c6ea1-6451-4115-aca0-3dbe0f86dc06: ValueError: unknown or disabled label 'A'
Traceback (most recent call last):
  File "/Users/hrebis/Desktop/OnshapeExportTool/onshape_export_manager/core/worker.py", line 372, in _run_job
    request = self._build_request(job)
  File "/Users/hrebis/Desktop/OnshapeExportTool/onshape_export_manager/core/worker.py", line 487, in _build_request
    raise ValueError(f"unknown or disabled label '{job.label_name}'")
ValueError: unknown or disabled label 'A'
2026-07-10 16:18:49 INFO     [onshape_export_manager.worker] Running queued export id=9614df73-1eea-4e68-a64f-3bf164fd0dfa label=B profile=STL
2026-07-10 16:18:49 ERROR    [onshape_export_manager.worker] Queued export failed id=9614df73-1eea-4e68-a64f-3bf164fd0dfa: ValueError: unknown or disabled label 'B'
Traceback (most recent call last):
  File "/Users/hrebis/Desktop/OnshapeExportTool/onshape_export_manager/core/worker.py", line 372, in _run_job
    request = self._build_request(job)
  File "/Users/hrebis/Desktop/OnshapeExportTool/onshape_export_manager/core/worker.py", line 487, in _build_request
    raise ValueError(f"unknown or disabled label '{job.label_name}'")
ValueError: unknown or disabled label 'B'
2026-07-10 16:18:54 INFO     [onshape_export_manager.worker] Running queued export id=975c6ea1-6451-4115-aca0-3dbe0f86dc06 label=A profile=STL
2026-07-10 16:18:54 ERROR    [onshape_export_manager.worker] Queued export failed id=975c6ea1-6451-4115-aca0-3dbe0f86dc06: ValueError: unknown or disabled label 'A'
Traceback (most recent call last):
  File "/Users/hrebis/Desktop/OnshapeExportTool/onshape_export_manager/core/worker.py", line 372, in _run_job
    request = self._build_request(job)
  File "/Users/hrebis/Desktop/OnshapeExportTool/onshape_export_manager/core/worker.py", line 487, in _build_request
    raise ValueError(f"unknown or disabled label '{job.label_name}'")
ValueError: unknown or disabled label 'A'
2026-07-10 16:18:54 INFO     [onshape_export_manager.worker] Running queued export id=9614df73-1eea-4e68-a64f-3bf164fd0dfa label=B profile=STL
2026-07-10 16:18:54 ERROR    [onshape_export_manager.worker] Queued export failed id=9614df73-1eea-4e68-a64f-3bf164fd0dfa: ValueError: unknown or disabled label 'B'
Traceback (most recent call last):
  File "/Users/hrebis/Desktop/OnshapeExportTool/onshape_export_manager/core/worker.py", line 372, in _run_job
    request = self._build_request(job)
  File "/Users/hrebis/Desktop/OnshapeExportTool/onshape_export_manager/core/worker.py", line 487, in _build_request
    raise ValueError(f"unknown or disabled label '{job.label_name}'")
ValueError: unknown or disabled label 'B'
2026-07-10 16:19:30 INFO     [onshape_export_manager.worker] Running queued export id=efefd003-6eae-45ca-91d6-8962f09c0270 label=A profile=STL
2026-07-10 16:19:30 INFO     [onshape_export_manager.worker] Running queued export id=e039f94d-afad-49a0-97a2-9d56d2635203 label=B profile=STL
2026-07-10 16:19:30 ERROR    [onshape_export_manager.worker] Queued export failed id=efefd003-6eae-45ca-91d6-8962f09c0270: ValueError: unknown or disabled label 'A'
Traceback (most recent call last):
  File "/Users/hrebis/Desktop/OnshapeExportTool/onshape_export_manager/core/worker.py", line 372, in _run_job
    request = self._build_request(job)
  File "/Users/hrebis/Desktop/OnshapeExportTool/onshape_export_manager/core/worker.py", line 487, in _build_request
    raise ValueError(f"unknown or disabled label '{job.label_name}'")
ValueError: unknown or disabled label 'A'
2026-07-10 16:19:30 ERROR    [onshape_export_manager.worker] Queued export failed id=e039f94d-afad-49a0-97a2-9d56d2635203: ValueError: unknown or disabled label 'B'
Traceback (most recent call last):
  File "/Users/hrebis/Desktop/OnshapeExportTool/onshape_export_manager/core/worker.py", line 372, in _run_job
    request = self._build_request(job)
  File "/Users/hrebis/Desktop/OnshapeExportTool/onshape_export_manager/core/worker.py", line 487, in _build_request
    raise ValueError(f"unknown or disabled label '{job.label_name}'")
ValueError: unknown or disabled label 'B'
2026-07-10 16:19:35 INFO     [onshape_export_manager.worker] Running queued export id=efefd003-6eae-45ca-91d6-8962f09c0270 label=A profile=STL
2026-07-10 16:19:35 ERROR    [onshape_export_manager.worker] Queued export failed id=efefd003-6eae-45ca-91d6-8962f09c0270: ValueError: unknown or disabled label 'A'
Traceback (most recent call last):
  File "/Users/hrebis/Desktop/OnshapeExportTool/onshape_export_manager/core/worker.py", line 372, in _run_job
    request = self._build_request(job)
  File "/Users/hrebis/Desktop/OnshapeExportTool/onshape_export_manager/core/worker.py", line 487, in _build_request
    raise ValueError(f"unknown or disabled label '{job.label_name}'")
ValueError: unknown or disabled label 'A'
2026-07-10 16:19:35 INFO     [onshape_export_manager.worker] Running queued export id=e039f94d-afad-49a0-97a2-9d56d2635203 label=B profile=STL
2026-07-10 16:19:35 ERROR    [onshape_export_manager.worker] Queued export failed id=e039f94d-afad-49a0-97a2-9d56d2635203: ValueError: unknown or disabled label 'B'
Traceback (most recent call last):
  File "/Users/hrebis/Desktop/OnshapeExportTool/onshape_export_manager/core/worker.py", line 372, in _run_job
    request = self._build_request(job)
  File "/Users/hrebis/Desktop/OnshapeExportTool/onshape_export_manager/core/worker.py", line 487, in _build_request
    raise ValueError(f"unknown or disabled label '{job.label_name}'")
ValueError: unknown or disabled label 'B'
2026-07-10 16:19:40 INFO     [onshape_export_manager.worker] Running queued export id=efefd003-6eae-45ca-91d6-8962f09c0270 label=A profile=STL
2026-07-10 16:19:40 INFO     [onshape_export_manager.worker] Running queued export id=e039f94d-afad-49a0-97a2-9d56d2635203 label=B profile=STL
2026-07-10 16:19:40 ERROR    [onshape_export_manager.worker] Queued export failed id=e039f94d-afad-49a0-97a2-9d56d2635203: ValueError: unknown or disabled label 'B'
Traceback (most recent call last):
  File "/Users/hrebis/Desktop/OnshapeExportTool/onshape_export_manager/core/worker.py", line 372, in _run_job
    request = self._build_request(job)
  File "/Users/hrebis/Desktop/OnshapeExportTool/onshape_export_manager/core/worker.py", line 487, in _build_request
    raise ValueError(f"unknown or disabled label '{job.label_name}'")
ValueError: unknown or disabled label 'B'
2026-07-10 16:19:40 ERROR    [onshape_export_manager.worker] Queued export failed id=efefd003-6eae-45ca-91d6-8962f09c0270: ValueError: unknown or disabled label 'A'
Traceback (most recent call last):
  File "/Users/hrebis/Desktop/OnshapeExportTool/onshape_export_manager/core/worker.py", line 372, in _run_job
    request = self._build_request(job)
  File "/Users/hrebis/Desktop/OnshapeExportTool/onshape_export_manager/core/worker.py", line 487, in _build_request
    raise ValueError(f"unknown or disabled label '{job.label_name}'")
ValueError: unknown or disabled label 'A'
2026-07-10 16:19:45 INFO     [onshape_export_manager.worker] Running queued export id=efefd003-6eae-45ca-91d6-8962f09c0270 label=A profile=STL
2026-07-10 16:19:45 ERROR    [onshape_export_manager.worker] Queued export failed id=efefd003-6eae-45ca-91d6-8962f09c0270: ValueError: unknown or disabled label 'A'
Traceback (most recent call last):
  File "/Users/hrebis/Desktop/OnshapeExportTool/onshape_export_manager/core/worker.py", line 372, in _run_job
    request = self._build_request(job)
  File "/Users/hrebis/Desktop/OnshapeExportTool/onshape_export_manager/core/worker.py", line 487, in _build_request
    raise ValueError(f"unknown or disabled label '{job.label_name}'")
ValueError: unknown or disabled label 'A'
2026-07-10 16:19:45 INFO     [onshape_export_manager.worker] Running queued export id=e039f94d-afad-49a0-97a2-9d56d2635203 label=B profile=STL
2026-07-10 16:19:45 ERROR    [onshape_export_manager.worker] Queued export failed id=e039f94d-afad-49a0-97a2-9d56d2635203: ValueError: unknown or disabled label 'B'
Traceback (most recent call last):
  File "/Users/hrebis/Desktop/OnshapeExportTool/onshape_export_manager/core/worker.py", line 372, in _run_job
    request = self._build_request(job)
  File "/Users/hrebis/Desktop/OnshapeExportTool/onshape_export_manager/core/worker.py", line 487, in _build_request
    raise ValueError(f"unknown or disabled label '{job.label_name}'")
ValueError: unknown or disabled label 'B'
2026-07-10 16:20:44 INFO     [onshape_export_manager.worker] Scheduler subscribed to LABELS_CHANGED events
2026-07-10 16:20:44 INFO     [onshape_export_manager.worker] Started 4 background worker thread(s) (poll=5.0s, max_jobs_per_tick=25)
2026-07-10 16:23:59 INFO     [onshape_export_manager.worker] Running queued export id=7c321a71-442f-4e79-9c4e-ed78f95225f2 label=testins profile=STEP
2026-07-10 16:24:54 INFO     [onshape_export_manager.worker] Running queued export id=e3158eab-bf75-4e7e-aedf-7041622eab13 label=testins profile=STEP
2026-07-10 16:25:39 INFO     [onshape_export_manager.worker] Running queued export id=e54585ab-b122-467e-844b-0288356a194d label=testins profile=STEP
2026-07-10 16:27:23 INFO     [onshape_export_manager.worker] Running queued export id=16e9d26d-5f2c-4688-a6af-79f8caee6169 label=Tests profile=STEP
2026-07-10 16:28:50 INFO     [onshape_export_manager.worker] Running queued export id=2ed383ea-f851-45ea-9972-152194888f5b label=Tests profile=STEP
2026-07-10 16:28:59 INFO     [onshape_export_manager.worker] Running queued export id=6cc901cd-63bb-4912-8921-deef8603ec76 label=Tests profile=STEP
2026-07-10 16:47:01 INFO     [onshape_export_manager.worker] Running queued export id=58e09409-311d-44d2-905a-a3bcfb94adcc label=A profile=STL
2026-07-10 16:47:02 ERROR    [onshape_export_manager.worker] Queued export failed id=58e09409-311d-44d2-905a-a3bcfb94adcc: ValidationError: 2 validation errors for ExportProfilesConfig
profiles.2.formats.0
  Input should be 'stl', 'step', 'parasolid', 'obj', 'iges', 'dxf', 'pdf' or 'custom' [type=enum, input_value='3mf', input_type=str]
    For further information visit https://errors.pydantic.dev/2.13/v/enum
profiles.4.formats.2
  Input should be 'stl', 'step', 'parasolid', 'obj', 'iges', 'dxf', 'pdf' or 'custom' [type=enum, input_value='3mf', input_type=str]
    For further information visit https://errors.pydantic.dev/2.13/v/enum
Traceback (most recent call last):
  File "/Users/hrebis/Desktop/OnshapeExportTool/onshape_export_manager/core/worker.py", line 372, in _run_job
    request = self._build_request(job)
  File "/Users/hrebis/Desktop/OnshapeExportTool/onshape_export_manager/core/worker.py", line 479, in _build_request
    config = self._load_config()
  File "/Users/hrebis/Desktop/OnshapeExportTool/onshape_export_manager/core/worker.py", line 460, in _load_config
    config = self.application.config_manager.load()
  File "/Users/hrebis/Desktop/OnshapeExportTool/onshape_export_manager/core/configuration.py", line 396, in load
    export_profiles=ExportProfilesConfig.model_validate(
                    ~~~~~~~~~~~~~~~~~~~~~~~~~~~~~~~~~~~^
        read_json(self.export_profiles_file)
        ^^^^^^^^^^^^^^^^^^^^^^^^^^^^^^^^^^^^
    ),
    ^
  File "/Users/hrebis/Desktop/OnshapeExportTool/.venv/lib/python3.13/site-packages/pydantic/main.py", line 732, in model_validate
    return cls.__pydantic_validator__.validate_python(
           ~~~~~~~~~~~~~~~~~~~~~~~~~~~~~~~~~~~~~~~~~~^
        obj,
        ^^^^
    ...<5 lines>...
        by_name=by_name,
        ^^^^^^^^^^^^^^^^
    )
    ^
pydantic_core._pydantic_core.ValidationError: 2 validation errors for ExportProfilesConfig
profiles.2.formats.0
  Input should be 'stl', 'step', 'parasolid', 'obj', 'iges', 'dxf', 'pdf' or 'custom' [type=enum, input_value='3mf', input_type=str]
    For further information visit https://errors.pydantic.dev/2.13/v/enum
profiles.4.formats.2
  Input should be 'stl', 'step', 'parasolid', 'obj', 'iges', 'dxf', 'pdf' or 'custom' [type=enum, input_value='3mf', input_type=str]
    For further information visit https://errors.pydantic.dev/2.13/v/enum
2026-07-10 16:47:02 INFO     [onshape_export_manager.worker] Running queued export id=aa0082b7-0af0-4a74-be0b-1a0a0fdfe994 label=B profile=STL
2026-07-10 16:47:02 ERROR    [onshape_export_manager.worker] Queued export failed id=aa0082b7-0af0-4a74-be0b-1a0a0fdfe994: ValidationError: 2 validation errors for ExportProfilesConfig
profiles.2.formats.0
  Input should be 'stl', 'step', 'parasolid', 'obj', 'iges', 'dxf', 'pdf' or 'custom' [type=enum, input_value='3mf', input_type=str]
    For further information visit https://errors.pydantic.dev/2.13/v/enum
profiles.4.formats.2
  Input should be 'stl', 'step', 'parasolid', 'obj', 'iges', 'dxf', 'pdf' or 'custom' [type=enum, input_value='3mf', input_type=str]
    For further information visit https://errors.pydantic.dev/2.13/v/enum
Traceback (most recent call last):
  File "/Users/hrebis/Desktop/OnshapeExportTool/onshape_export_manager/core/worker.py", line 372, in _run_job
    request = self._build_request(job)
  File "/Users/hrebis/Desktop/OnshapeExportTool/onshape_export_manager/core/worker.py", line 479, in _build_request
    config = self._load_config()
  File "/Users/hrebis/Desktop/OnshapeExportTool/onshape_export_manager/core/worker.py", line 460, in _load_config
    config = self.application.config_manager.load()
  File "/Users/hrebis/Desktop/OnshapeExportTool/onshape_export_manager/core/configuration.py", line 396, in load
    export_profiles=ExportProfilesConfig.model_validate(
                    ~~~~~~~~~~~~~~~~~~~~~~~~~~~~~~~~~~~^
        read_json(self.export_profiles_file)
        ^^^^^^^^^^^^^^^^^^^^^^^^^^^^^^^^^^^^
    ),
    ^
  File "/Users/hrebis/Desktop/OnshapeExportTool/.venv/lib/python3.13/site-packages/pydantic/main.py", line 732, in model_validate
    return cls.__pydantic_validator__.validate_python(
           ~~~~~~~~~~~~~~~~~~~~~~~~~~~~~~~~~~~~~~~~~~^
        obj,
        ^^^^
    ...<5 lines>...
        by_name=by_name,
        ^^^^^^^^^^^^^^^^
    )
    ^
pydantic_core._pydantic_core.ValidationError: 2 validation errors for ExportProfilesConfig
profiles.2.formats.0
  Input should be 'stl', 'step', 'parasolid', 'obj', 'iges', 'dxf', 'pdf' or 'custom' [type=enum, input_value='3mf', input_type=str]
    For further information visit https://errors.pydantic.dev/2.13/v/enum
profiles.4.formats.2
  Input should be 'stl', 'step', 'parasolid', 'obj', 'iges', 'dxf', 'pdf' or 'custom' [type=enum, input_value='3mf', input_type=str]
    For further information visit https://errors.pydantic.dev/2.13/v/enum
2026-07-10 16:47:05 INFO     [onshape_export_manager.worker] Running queued export id=58e09409-311d-44d2-905a-a3bcfb94adcc label=A profile=STL
2026-07-10 16:47:05 ERROR    [onshape_export_manager.worker] Queued export failed id=58e09409-311d-44d2-905a-a3bcfb94adcc: ValidationError: 2 validation errors for ExportProfilesConfig
profiles.2.formats.0
  Input should be 'stl', 'step', 'parasolid', 'obj', 'iges', 'dxf', 'pdf' or 'custom' [type=enum, input_value='3mf', input_type=str]
    For further information visit https://errors.pydantic.dev/2.13/v/enum
profiles.4.formats.2
  Input should be 'stl', 'step', 'parasolid', 'obj', 'iges', 'dxf', 'pdf' or 'custom' [type=enum, input_value='3mf', input_type=str]
    For further information visit https://errors.pydantic.dev/2.13/v/enum
Traceback (most recent call last):
  File "/Users/hrebis/Desktop/OnshapeExportTool/onshape_export_manager/core/worker.py", line 372, in _run_job
    request = self._build_request(job)
  File "/Users/hrebis/Desktop/OnshapeExportTool/onshape_export_manager/core/worker.py", line 479, in _build_request
    config = self._load_config()
  File "/Users/hrebis/Desktop/OnshapeExportTool/onshape_export_manager/core/worker.py", line 460, in _load_config
    config = self.application.config_manager.load()
  File "/Users/hrebis/Desktop/OnshapeExportTool/onshape_export_manager/core/configuration.py", line 396, in load
    export_profiles=ExportProfilesConfig.model_validate(
                    ~~~~~~~~~~~~~~~~~~~~~~~~~~~~~~~~~~~^
        read_json(self.export_profiles_file)
        ^^^^^^^^^^^^^^^^^^^^^^^^^^^^^^^^^^^^
    ),
    ^
  File "/Users/hrebis/Desktop/OnshapeExportTool/.venv/lib/python3.13/site-packages/pydantic/main.py", line 732, in model_validate
    return cls.__pydantic_validator__.validate_python(
           ~~~~~~~~~~~~~~~~~~~~~~~~~~~~~~~~~~~~~~~~~~^
        obj,
        ^^^^
    ...<5 lines>...
        by_name=by_name,
        ^^^^^^^^^^^^^^^^
    )
    ^
pydantic_core._pydantic_core.ValidationError: 2 validation errors for ExportProfilesConfig
profiles.2.formats.0
  Input should be 'stl', 'step', 'parasolid', 'obj', 'iges', 'dxf', 'pdf' or 'custom' [type=enum, input_value='3mf', input_type=str]
    For further information visit https://errors.pydantic.dev/2.13/v/enum
profiles.4.formats.2
  Input should be 'stl', 'step', 'parasolid', 'obj', 'iges', 'dxf', 'pdf' or 'custom' [type=enum, input_value='3mf', input_type=str]
    For further information visit https://errors.pydantic.dev/2.13/v/enum
2026-07-10 16:47:05 INFO     [onshape_export_manager.worker] Running queued export id=aa0082b7-0af0-4a74-be0b-1a0a0fdfe994 label=B profile=STL
2026-07-10 16:47:05 ERROR    [onshape_export_manager.worker] Queued export failed id=aa0082b7-0af0-4a74-be0b-1a0a0fdfe994: ValidationError: 2 validation errors for ExportProfilesConfig
profiles.2.formats.0
  Input should be 'stl', 'step', 'parasolid', 'obj', 'iges', 'dxf', 'pdf' or 'custom' [type=enum, input_value='3mf', input_type=str]
    For further information visit https://errors.pydantic.dev/2.13/v/enum
profiles.4.formats.2
  Input should be 'stl', 'step', 'parasolid', 'obj', 'iges', 'dxf', 'pdf' or 'custom' [type=enum, input_value='3mf', input_type=str]
    For further information visit https://errors.pydantic.dev/2.13/v/enum
Traceback (most recent call last):
  File "/Users/hrebis/Desktop/OnshapeExportTool/onshape_export_manager/core/worker.py", line 372, in _run_job
    request = self._build_request(job)
  File "/Users/hrebis/Desktop/OnshapeExportTool/onshape_export_manager/core/worker.py", line 479, in _build_request
    config = self._load_config()
  File "/Users/hrebis/Desktop/OnshapeExportTool/onshape_export_manager/core/worker.py", line 460, in _load_config
    config = self.application.config_manager.load()
  File "/Users/hrebis/Desktop/OnshapeExportTool/onshape_export_manager/core/configuration.py", line 396, in load
    export_profiles=ExportProfilesConfig.model_validate(
                    ~~~~~~~~~~~~~~~~~~~~~~~~~~~~~~~~~~~^
        read_json(self.export_profiles_file)
        ^^^^^^^^^^^^^^^^^^^^^^^^^^^^^^^^^^^^
    ),
    ^
  File "/Users/hrebis/Desktop/OnshapeExportTool/.venv/lib/python3.13/site-packages/pydantic/main.py", line 732, in model_validate
    return cls.__pydantic_validator__.validate_python(
           ~~~~~~~~~~~~~~~~~~~~~~~~~~~~~~~~~~~~~~~~~~^
        obj,
        ^^^^
    ...<5 lines>...
        by_name=by_name,
        ^^^^^^^^^^^^^^^^
    )
    ^
pydantic_core._pydantic_core.ValidationError: 2 validation errors for ExportProfilesConfig
profiles.2.formats.0
  Input should be 'stl', 'step', 'parasolid', 'obj', 'iges', 'dxf', 'pdf' or 'custom' [type=enum, input_value='3mf', input_type=str]
    For further information visit https://errors.pydantic.dev/2.13/v/enum
profiles.4.formats.2
  Input should be 'stl', 'step', 'parasolid', 'obj', 'iges', 'dxf', 'pdf' or 'custom' [type=enum, input_value='3mf', input_type=str]
    For further information visit https://errors.pydantic.dev/2.13/v/enum
2026-07-10 16:47:07 INFO     [onshape_export_manager.worker] Running queued export id=58e09409-311d-44d2-905a-a3bcfb94adcc label=A profile=STL
2026-07-10 16:47:07 ERROR    [onshape_export_manager.worker] Queued export failed id=58e09409-311d-44d2-905a-a3bcfb94adcc: ValidationError: 2 validation errors for ExportProfilesConfig
profiles.2.formats.0
  Input should be 'stl', 'step', 'parasolid', 'obj', 'iges', 'dxf', 'pdf' or 'custom' [type=enum, input_value='3mf', input_type=str]
    For further information visit https://errors.pydantic.dev/2.13/v/enum
profiles.4.formats.2
  Input should be 'stl', 'step', 'parasolid', 'obj', 'iges', 'dxf', 'pdf' or 'custom' [type=enum, input_value='3mf', input_type=str]
    For further information visit https://errors.pydantic.dev/2.13/v/enum
Traceback (most recent call last):
  File "/Users/hrebis/Desktop/OnshapeExportTool/onshape_export_manager/core/worker.py", line 372, in _run_job
    request = self._build_request(job)
  File "/Users/hrebis/Desktop/OnshapeExportTool/onshape_export_manager/core/worker.py", line 479, in _build_request
    config = self._load_config()
  File "/Users/hrebis/Desktop/OnshapeExportTool/onshape_export_manager/core/worker.py", line 460, in _load_config
    config = self.application.config_manager.load()
  File "/Users/hrebis/Desktop/OnshapeExportTool/onshape_export_manager/core/configuration.py", line 396, in load
    export_profiles=ExportProfilesConfig.model_validate(
                    ~~~~~~~~~~~~~~~~~~~~~~~~~~~~~~~~~~~^
        read_json(self.export_profiles_file)
        ^^^^^^^^^^^^^^^^^^^^^^^^^^^^^^^^^^^^
    ),
    ^
  File "/Users/hrebis/Desktop/OnshapeExportTool/.venv/lib/python3.13/site-packages/pydantic/main.py", line 732, in model_validate
    return cls.__pydantic_validator__.validate_python(
           ~~~~~~~~~~~~~~~~~~~~~~~~~~~~~~~~~~~~~~~~~~^
        obj,
        ^^^^
    ...<5 lines>...
        by_name=by_name,
        ^^^^^^^^^^^^^^^^
    )
    ^
pydantic_core._pydantic_core.ValidationError: 2 validation errors for ExportProfilesConfig
profiles.2.formats.0
  Input should be 'stl', 'step', 'parasolid', 'obj', 'iges', 'dxf', 'pdf' or 'custom' [type=enum, input_value='3mf', input_type=str]
    For further information visit https://errors.pydantic.dev/2.13/v/enum
profiles.4.formats.2
  Input should be 'stl', 'step', 'parasolid', 'obj', 'iges', 'dxf', 'pdf' or 'custom' [type=enum, input_value='3mf', input_type=str]
    For further information visit https://errors.pydantic.dev/2.13/v/enum
2026-07-10 16:47:07 INFO     [onshape_export_manager.worker] Running queued export id=aa0082b7-0af0-4a74-be0b-1a0a0fdfe994 label=B profile=STL
2026-07-10 16:47:07 ERROR    [onshape_export_manager.worker] Queued export failed id=aa0082b7-0af0-4a74-be0b-1a0a0fdfe994: ValidationError: 2 validation errors for ExportProfilesConfig
profiles.2.formats.0
  Input should be 'stl', 'step', 'parasolid', 'obj', 'iges', 'dxf', 'pdf' or 'custom' [type=enum, input_value='3mf', input_type=str]
    For further information visit https://errors.pydantic.dev/2.13/v/enum
profiles.4.formats.2
  Input should be 'stl', 'step', 'parasolid', 'obj', 'iges', 'dxf', 'pdf' or 'custom' [type=enum, input_value='3mf', input_type=str]
    For further information visit https://errors.pydantic.dev/2.13/v/enum
Traceback (most recent call last):
  File "/Users/hrebis/Desktop/OnshapeExportTool/onshape_export_manager/core/worker.py", line 372, in _run_job
    request = self._build_request(job)
  File "/Users/hrebis/Desktop/OnshapeExportTool/onshape_export_manager/core/worker.py", line 479, in _build_request
    config = self._load_config()
  File "/Users/hrebis/Desktop/OnshapeExportTool/onshape_export_manager/core/worker.py", line 460, in _load_config
    config = self.application.config_manager.load()
  File "/Users/hrebis/Desktop/OnshapeExportTool/onshape_export_manager/core/configuration.py", line 396, in load
    export_profiles=ExportProfilesConfig.model_validate(
                    ~~~~~~~~~~~~~~~~~~~~~~~~~~~~~~~~~~~^
        read_json(self.export_profiles_file)
        ^^^^^^^^^^^^^^^^^^^^^^^^^^^^^^^^^^^^
    ),
    ^
  File "/Users/hrebis/Desktop/OnshapeExportTool/.venv/lib/python3.13/site-packages/pydantic/main.py", line 732, in model_validate
    return cls.__pydantic_validator__.validate_python(
           ~~~~~~~~~~~~~~~~~~~~~~~~~~~~~~~~~~~~~~~~~~^
        obj,
        ^^^^
    ...<5 lines>...
        by_name=by_name,
        ^^^^^^^^^^^^^^^^
    )
    ^
pydantic_core._pydantic_core.ValidationError: 2 validation errors for ExportProfilesConfig
profiles.2.formats.0
  Input should be 'stl', 'step', 'parasolid', 'obj', 'iges', 'dxf', 'pdf' or 'custom' [type=enum, input_value='3mf', input_type=str]
    For further information visit https://errors.pydantic.dev/2.13/v/enum
profiles.4.formats.2
  Input should be 'stl', 'step', 'parasolid', 'obj', 'iges', 'dxf', 'pdf' or 'custom' [type=enum, input_value='3mf', input_type=str]
    For further information visit https://errors.pydantic.dev/2.13/v/enum
2026-07-10 16:47:12 INFO     [onshape_export_manager.worker] Running queued export id=58e09409-311d-44d2-905a-a3bcfb94adcc label=A profile=STL
2026-07-10 16:47:12 ERROR    [onshape_export_manager.worker] Queued export failed id=58e09409-311d-44d2-905a-a3bcfb94adcc: ValidationError: 2 validation errors for ExportProfilesConfig
profiles.2.formats.0
  Input should be 'stl', 'step', 'parasolid', 'obj', 'iges', 'dxf', 'pdf' or 'custom' [type=enum, input_value='3mf', input_type=str]
    For further information visit https://errors.pydantic.dev/2.13/v/enum
profiles.4.formats.2
  Input should be 'stl', 'step', 'parasolid', 'obj', 'iges', 'dxf', 'pdf' or 'custom' [type=enum, input_value='3mf', input_type=str]
    For further information visit https://errors.pydantic.dev/2.13/v/enum
Traceback (most recent call last):
  File "/Users/hrebis/Desktop/OnshapeExportTool/onshape_export_manager/core/worker.py", line 372, in _run_job
    request = self._build_request(job)
  File "/Users/hrebis/Desktop/OnshapeExportTool/onshape_export_manager/core/worker.py", line 479, in _build_request
    config = self._load_config()
  File "/Users/hrebis/Desktop/OnshapeExportTool/onshape_export_manager/core/worker.py", line 460, in _load_config
    config = self.application.config_manager.load()
  File "/Users/hrebis/Desktop/OnshapeExportTool/onshape_export_manager/core/configuration.py", line 396, in load
    export_profiles=ExportProfilesConfig.model_validate(
                    ~~~~~~~~~~~~~~~~~~~~~~~~~~~~~~~~~~~^
        read_json(self.export_profiles_file)
        ^^^^^^^^^^^^^^^^^^^^^^^^^^^^^^^^^^^^
    ),
    ^
  File "/Users/hrebis/Desktop/OnshapeExportTool/.venv/lib/python3.13/site-packages/pydantic/main.py", line 732, in model_validate
    return cls.__pydantic_validator__.validate_python(
           ~~~~~~~~~~~~~~~~~~~~~~~~~~~~~~~~~~~~~~~~~~^
        obj,
        ^^^^
    ...<5 lines>...
        by_name=by_name,
        ^^^^^^^^^^^^^^^^
    )
    ^
pydantic_core._pydantic_core.ValidationError: 2 validation errors for ExportProfilesConfig
profiles.2.formats.0
  Input should be 'stl', 'step', 'parasolid', 'obj', 'iges', 'dxf', 'pdf' or 'custom' [type=enum, input_value='3mf', input_type=str]
    For further information visit https://errors.pydantic.dev/2.13/v/enum
profiles.4.formats.2
  Input should be 'stl', 'step', 'parasolid', 'obj', 'iges', 'dxf', 'pdf' or 'custom' [type=enum, input_value='3mf', input_type=str]
    For further information visit https://errors.pydantic.dev/2.13/v/enum
2026-07-10 16:47:12 INFO     [onshape_export_manager.worker] Running queued export id=aa0082b7-0af0-4a74-be0b-1a0a0fdfe994 label=B profile=STL
2026-07-10 16:47:12 ERROR    [onshape_export_manager.worker] Queued export failed id=aa0082b7-0af0-4a74-be0b-1a0a0fdfe994: ValidationError: 2 validation errors for ExportProfilesConfig
profiles.2.formats.0
  Input should be 'stl', 'step', 'parasolid', 'obj', 'iges', 'dxf', 'pdf' or 'custom' [type=enum, input_value='3mf', input_type=str]
    For further information visit https://errors.pydantic.dev/2.13/v/enum
profiles.4.formats.2
  Input should be 'stl', 'step', 'parasolid', 'obj', 'iges', 'dxf', 'pdf' or 'custom' [type=enum, input_value='3mf', input_type=str]
    For further information visit https://errors.pydantic.dev/2.13/v/enum
Traceback (most recent call last):
  File "/Users/hrebis/Desktop/OnshapeExportTool/onshape_export_manager/core/worker.py", line 372, in _run_job
    request = self._build_request(job)
  File "/Users/hrebis/Desktop/OnshapeExportTool/onshape_export_manager/core/worker.py", line 479, in _build_request
    config = self._load_config()
  File "/Users/hrebis/Desktop/OnshapeExportTool/onshape_export_manager/core/worker.py", line 460, in _load_config
    config = self.application.config_manager.load()
  File "/Users/hrebis/Desktop/OnshapeExportTool/onshape_export_manager/core/configuration.py", line 396, in load
    export_profiles=ExportProfilesConfig.model_validate(
                    ~~~~~~~~~~~~~~~~~~~~~~~~~~~~~~~~~~~^
        read_json(self.export_profiles_file)
        ^^^^^^^^^^^^^^^^^^^^^^^^^^^^^^^^^^^^
    ),
    ^
  File "/Users/hrebis/Desktop/OnshapeExportTool/.venv/lib/python3.13/site-packages/pydantic/main.py", line 732, in model_validate
    return cls.__pydantic_validator__.validate_python(
           ~~~~~~~~~~~~~~~~~~~~~~~~~~~~~~~~~~~~~~~~~~^
        obj,
        ^^^^
    ...<5 lines>...
        by_name=by_name,
        ^^^^^^^^^^^^^^^^
    )
    ^
pydantic_core._pydantic_core.ValidationError: 2 validation errors for ExportProfilesConfig
profiles.2.formats.0
  Input should be 'stl', 'step', 'parasolid', 'obj', 'iges', 'dxf', 'pdf' or 'custom' [type=enum, input_value='3mf', input_type=str]
    For further information visit https://errors.pydantic.dev/2.13/v/enum
profiles.4.formats.2
  Input should be 'stl', 'step', 'parasolid', 'obj', 'iges', 'dxf', 'pdf' or 'custom' [type=enum, input_value='3mf', input_type=str]
    For further information visit https://errors.pydantic.dev/2.13/v/enum
2026-07-10 17:20:23 INFO     [onshape_export_manager.worker] Scheduler subscribed to LABELS_CHANGED events
2026-07-10 17:20:23 INFO     [onshape_export_manager.worker] Started 4 background worker thread(s) (poll=5.0s, max_jobs_per_tick=25)
2026-07-10 17:20:23 INFO     [onshape_export_manager.worker] Running queued export id=dac143ae-4101-4a39-a5c6-b6877d0867b7 label=A profile=STL
2026-07-10 17:20:23 INFO     [onshape_export_manager.worker] Running queued export id=048b3dc5-58ab-48df-b911-ecd3df102b0c label=B profile=STL
2026-07-10 17:20:23 INFO     [onshape_export_manager.worker] Running queued export id=fc1f05b3-7334-454c-95d8-09ee956919d1 label=A profile=STL
2026-07-10 17:20:23 INFO     [onshape_export_manager.worker] Running queued export id=ddc02e02-eeac-4561-862b-ed809ab006a3 label=B profile=STL
2026-07-10 17:20:23 ERROR    [onshape_export_manager.worker] Queued export failed id=048b3dc5-58ab-48df-b911-ecd3df102b0c: ValueError: unknown or disabled label 'B'
Traceback (most recent call last):
  File "/Users/hrebis/Desktop/OnshapeExportTool/onshape_export_manager/core/worker.py", line 372, in _run_job
    request = self._build_request(job)
  File "/Users/hrebis/Desktop/OnshapeExportTool/onshape_export_manager/core/worker.py", line 487, in _build_request
    raise ValueError(f"unknown or disabled label '{job.label_name}'")
ValueError: unknown or disabled label 'B'
2026-07-10 17:20:23 ERROR    [onshape_export_manager.worker] Queued export failed id=dac143ae-4101-4a39-a5c6-b6877d0867b7: ValueError: unknown or disabled label 'A'
Traceback (most recent call last):
  File "/Users/hrebis/Desktop/OnshapeExportTool/onshape_export_manager/core/worker.py", line 372, in _run_job
    request = self._build_request(job)
  File "/Users/hrebis/Desktop/OnshapeExportTool/onshape_export_manager/core/worker.py", line 487, in _build_request
    raise ValueError(f"unknown or disabled label '{job.label_name}'")
ValueError: unknown or disabled label 'A'
2026-07-10 17:20:23 ERROR    [onshape_export_manager.worker] Queued export failed id=ddc02e02-eeac-4561-862b-ed809ab006a3: ValueError: unknown or disabled label 'B'
Traceback (most recent call last):
  File "/Users/hrebis/Desktop/OnshapeExportTool/onshape_export_manager/core/worker.py", line 372, in _run_job
    request = self._build_request(job)
  File "/Users/hrebis/Desktop/OnshapeExportTool/onshape_export_manager/core/worker.py", line 487, in _build_request
    raise ValueError(f"unknown or disabled label '{job.label_name}'")
ValueError: unknown or disabled label 'B'
2026-07-10 17:20:23 ERROR    [onshape_export_manager.worker] Queued export failed id=fc1f05b3-7334-454c-95d8-09ee956919d1: ValueError: unknown or disabled label 'A'
Traceback (most recent call last):
  File "/Users/hrebis/Desktop/OnshapeExportTool/onshape_export_manager/core/worker.py", line 372, in _run_job
    request = self._build_request(job)
  File "/Users/hrebis/Desktop/OnshapeExportTool/onshape_export_manager/core/worker.py", line 487, in _build_request
    raise ValueError(f"unknown or disabled label '{job.label_name}'")
ValueError: unknown or disabled label 'A'
2026-07-10 17:20:28 INFO     [onshape_export_manager.worker] Running queued export id=dac143ae-4101-4a39-a5c6-b6877d0867b7 label=A profile=STL
2026-07-10 17:20:28 INFO     [onshape_export_manager.worker] Running queued export id=048b3dc5-58ab-48df-b911-ecd3df102b0c label=B profile=STL
2026-07-10 17:20:28 ERROR    [onshape_export_manager.worker] Queued export failed id=dac143ae-4101-4a39-a5c6-b6877d0867b7: ValueError: unknown or disabled label 'A'
Traceback (most recent call last):
  File "/Users/hrebis/Desktop/OnshapeExportTool/onshape_export_manager/core/worker.py", line 372, in _run_job
    request = self._build_request(job)
  File "/Users/hrebis/Desktop/OnshapeExportTool/onshape_export_manager/core/worker.py", line 487, in _build_request
    raise ValueError(f"unknown or disabled label '{job.label_name}'")
ValueError: unknown or disabled label 'A'
2026-07-10 17:20:28 ERROR    [onshape_export_manager.worker] Queued export failed id=048b3dc5-58ab-48df-b911-ecd3df102b0c: ValueError: unknown or disabled label 'B'
Traceback (most recent call last):
  File "/Users/hrebis/Desktop/OnshapeExportTool/onshape_export_manager/core/worker.py", line 372, in _run_job
    request = self._build_request(job)
  File "/Users/hrebis/Desktop/OnshapeExportTool/onshape_export_manager/core/worker.py", line 487, in _build_request
    raise ValueError(f"unknown or disabled label '{job.label_name}'")
ValueError: unknown or disabled label 'B'
2026-07-10 17:20:28 INFO     [onshape_export_manager.worker] Running queued export id=fc1f05b3-7334-454c-95d8-09ee956919d1 label=A profile=STL
2026-07-10 17:20:28 INFO     [onshape_export_manager.worker] Running queued export id=ddc02e02-eeac-4561-862b-ed809ab006a3 label=B profile=STL
2026-07-10 17:20:28 ERROR    [onshape_export_manager.worker] Queued export failed id=ddc02e02-eeac-4561-862b-ed809ab006a3: ValueError: unknown or disabled label 'B'
Traceback (most recent call last):
  File "/Users/hrebis/Desktop/OnshapeExportTool/onshape_export_manager/core/worker.py", line 372, in _run_job
    request = self._build_request(job)
  File "/Users/hrebis/Desktop/OnshapeExportTool/onshape_export_manager/core/worker.py", line 487, in _build_request
    raise ValueError(f"unknown or disabled label '{job.label_name}'")
ValueError: unknown or disabled label 'B'
2026-07-10 17:20:28 ERROR    [onshape_export_manager.worker] Queued export failed id=fc1f05b3-7334-454c-95d8-09ee956919d1: ValueError: unknown or disabled label 'A'
Traceback (most recent call last):
  File "/Users/hrebis/Desktop/OnshapeExportTool/onshape_export_manager/core/worker.py", line 372, in _run_job
    request = self._build_request(job)
  File "/Users/hrebis/Desktop/OnshapeExportTool/onshape_export_manager/core/worker.py", line 487, in _build_request
    raise ValueError(f"unknown or disabled label '{job.label_name}'")
ValueError: unknown or disabled label 'A'
2026-07-10 17:20:33 INFO     [onshape_export_manager.worker] Running queued export id=dac143ae-4101-4a39-a5c6-b6877d0867b7 label=A profile=STL
2026-07-10 17:20:33 ERROR    [onshape_export_manager.worker] Queued export failed id=dac143ae-4101-4a39-a5c6-b6877d0867b7: ValueError: unknown or disabled label 'A'
Traceback (most recent call last):
  File "/Users/hrebis/Desktop/OnshapeExportTool/onshape_export_manager/core/worker.py", line 372, in _run_job
    request = self._build_request(job)
  File "/Users/hrebis/Desktop/OnshapeExportTool/onshape_export_manager/core/worker.py", line 487, in _build_request
    raise ValueError(f"unknown or disabled label '{job.label_name}'")
ValueError: unknown or disabled label 'A'
2026-07-10 17:20:33 INFO     [onshape_export_manager.worker] Running queued export id=048b3dc5-58ab-48df-b911-ecd3df102b0c label=B profile=STL
2026-07-10 17:20:33 INFO     [onshape_export_manager.worker] Running queued export id=fc1f05b3-7334-454c-95d8-09ee956919d1 label=A profile=STL
2026-07-10 17:20:33 ERROR    [onshape_export_manager.worker] Queued export failed id=fc1f05b3-7334-454c-95d8-09ee956919d1: ValueError: unknown or disabled label 'A'
Traceback (most recent call last):
  File "/Users/hrebis/Desktop/OnshapeExportTool/onshape_export_manager/core/worker.py", line 372, in _run_job
    request = self._build_request(job)
  File "/Users/hrebis/Desktop/OnshapeExportTool/onshape_export_manager/core/worker.py", line 487, in _build_request
    raise ValueError(f"unknown or disabled label '{job.label_name}'")
ValueError: unknown or disabled label 'A'
2026-07-10 17:20:33 ERROR    [onshape_export_manager.worker] Queued export failed id=048b3dc5-58ab-48df-b911-ecd3df102b0c: ValueError: unknown or disabled label 'B'
Traceback (most recent call last):
  File "/Users/hrebis/Desktop/OnshapeExportTool/onshape_export_manager/core/worker.py", line 372, in _run_job
    request = self._build_request(job)
  File "/Users/hrebis/Desktop/OnshapeExportTool/onshape_export_manager/core/worker.py", line 487, in _build_request
    raise ValueError(f"unknown or disabled label '{job.label_name}'")
ValueError: unknown or disabled label 'B'
2026-07-10 17:20:33 INFO     [onshape_export_manager.worker] Running queued export id=ddc02e02-eeac-4561-862b-ed809ab006a3 label=B profile=STL
2026-07-10 17:20:33 ERROR    [onshape_export_manager.worker] Queued export failed id=ddc02e02-eeac-4561-862b-ed809ab006a3: ValueError: unknown or disabled label 'B'
Traceback (most recent call last):
  File "/Users/hrebis/Desktop/OnshapeExportTool/onshape_export_manager/core/worker.py", line 372, in _run_job
    request = self._build_request(job)
  File "/Users/hrebis/Desktop/OnshapeExportTool/onshape_export_manager/core/worker.py", line 487, in _build_request
    raise ValueError(f"unknown or disabled label '{job.label_name}'")
ValueError: unknown or disabled label 'B'
2026-07-10 17:20:38 INFO     [onshape_export_manager.worker] Running queued export id=dac143ae-4101-4a39-a5c6-b6877d0867b7 label=A profile=STL
2026-07-10 17:20:38 INFO     [onshape_export_manager.worker] Running queued export id=048b3dc5-58ab-48df-b911-ecd3df102b0c label=B profile=STL
2026-07-10 17:20:38 ERROR    [onshape_export_manager.worker] Queued export failed id=048b3dc5-58ab-48df-b911-ecd3df102b0c: ValueError: unknown or disabled label 'B'
Traceback (most recent call last):
  File "/Users/hrebis/Desktop/OnshapeExportTool/onshape_export_manager/core/worker.py", line 372, in _run_job
    request = self._build_request(job)
  File "/Users/hrebis/Desktop/OnshapeExportTool/onshape_export_manager/core/worker.py", line 487, in _build_request
    raise ValueError(f"unknown or disabled label '{job.label_name}'")
ValueError: unknown or disabled label 'B'
2026-07-10 17:20:38 ERROR    [onshape_export_manager.worker] Queued export failed id=dac143ae-4101-4a39-a5c6-b6877d0867b7: ValueError: unknown or disabled label 'A'
Traceback (most recent call last):
  File "/Users/hrebis/Desktop/OnshapeExportTool/onshape_export_manager/core/worker.py", line 372, in _run_job
    request = self._build_request(job)
  File "/Users/hrebis/Desktop/OnshapeExportTool/onshape_export_manager/core/worker.py", line 487, in _build_request
    raise ValueError(f"unknown or disabled label '{job.label_name}'")
ValueError: unknown or disabled label 'A'
2026-07-10 17:20:38 INFO     [onshape_export_manager.worker] Running queued export id=fc1f05b3-7334-454c-95d8-09ee956919d1 label=A profile=STL
2026-07-10 17:20:38 INFO     [onshape_export_manager.worker] Running queued export id=ddc02e02-eeac-4561-862b-ed809ab006a3 label=B profile=STL
2026-07-10 17:20:38 ERROR    [onshape_export_manager.worker] Queued export failed id=fc1f05b3-7334-454c-95d8-09ee956919d1: ValueError: unknown or disabled label 'A'
Traceback (most recent call last):
  File "/Users/hrebis/Desktop/OnshapeExportTool/onshape_export_manager/core/worker.py", line 372, in _run_job
    request = self._build_request(job)
  File "/Users/hrebis/Desktop/OnshapeExportTool/onshape_export_manager/core/worker.py", line 487, in _build_request
    raise ValueError(f"unknown or disabled label '{job.label_name}'")
ValueError: unknown or disabled label 'A'
2026-07-10 17:20:38 ERROR    [onshape_export_manager.worker] Queued export failed id=ddc02e02-eeac-4561-862b-ed809ab006a3: ValueError: unknown or disabled label 'B'
Traceback (most recent call last):
  File "/Users/hrebis/Desktop/OnshapeExportTool/onshape_export_manager/core/worker.py", line 372, in _run_job
    request = self._build_request(job)
  File "/Users/hrebis/Desktop/OnshapeExportTool/onshape_export_manager/core/worker.py", line 487, in _build_request
    raise ValueError(f"unknown or disabled label '{job.label_name}'")
ValueError: unknown or disabled label 'B'
2026-07-10 17:33:29 INFO     [onshape_export_manager.worker] Running queued export id=ac70e010-0238-45b0-ac7f-09bbef5c5c8a label=A profile=STL
2026-07-10 17:33:29 INFO     [onshape_export_manager.worker] Running queued export id=a1c7b2f4-0d5d-4913-8747-649209c27179 label=B profile=STL
2026-07-10 17:33:29 ERROR    [onshape_export_manager.worker] Queued export failed id=ac70e010-0238-45b0-ac7f-09bbef5c5c8a: ValueError: unknown or disabled label 'A'
Traceback (most recent call last):
  File "/Users/hrebis/Desktop/OnshapeExportTool/onshape_export_manager/core/worker.py", line 372, in _run_job
    request = self._build_request(job)
  File "/Users/hrebis/Desktop/OnshapeExportTool/onshape_export_manager/core/worker.py", line 487, in _build_request
    raise ValueError(f"unknown or disabled label '{job.label_name}'")
ValueError: unknown or disabled label 'A'
2026-07-10 17:33:29 ERROR    [onshape_export_manager.worker] Queued export failed id=a1c7b2f4-0d5d-4913-8747-649209c27179: ValueError: unknown or disabled label 'B'
Traceback (most recent call last):
  File "/Users/hrebis/Desktop/OnshapeExportTool/onshape_export_manager/core/worker.py", line 372, in _run_job
    request = self._build_request(job)
  File "/Users/hrebis/Desktop/OnshapeExportTool/onshape_export_manager/core/worker.py", line 487, in _build_request
    raise ValueError(f"unknown or disabled label '{job.label_name}'")
ValueError: unknown or disabled label 'B'
2026-07-10 17:33:34 INFO     [onshape_export_manager.worker] Running queued export id=ac70e010-0238-45b0-ac7f-09bbef5c5c8a label=A profile=STL
2026-07-10 17:33:34 ERROR    [onshape_export_manager.worker] Queued export failed id=ac70e010-0238-45b0-ac7f-09bbef5c5c8a: ValueError: unknown or disabled label 'A'
Traceback (most recent call last):
  File "/Users/hrebis/Desktop/OnshapeExportTool/onshape_export_manager/core/worker.py", line 372, in _run_job
    request = self._build_request(job)
  File "/Users/hrebis/Desktop/OnshapeExportTool/onshape_export_manager/core/worker.py", line 487, in _build_request
    raise ValueError(f"unknown or disabled label '{job.label_name}'")
ValueError: unknown or disabled label 'A'
2026-07-10 17:33:34 INFO     [onshape_export_manager.worker] Running queued export id=a1c7b2f4-0d5d-4913-8747-649209c27179 label=B profile=STL
2026-07-10 17:33:34 ERROR    [onshape_export_manager.worker] Queued export failed id=a1c7b2f4-0d5d-4913-8747-649209c27179: ValueError: unknown or disabled label 'B'
Traceback (most recent call last):
  File "/Users/hrebis/Desktop/OnshapeExportTool/onshape_export_manager/core/worker.py", line 372, in _run_job
    request = self._build_request(job)
  File "/Users/hrebis/Desktop/OnshapeExportTool/onshape_export_manager/core/worker.py", line 487, in _build_request
    raise ValueError(f"unknown or disabled label '{job.label_name}'")
ValueError: unknown or disabled label 'B'
2026-07-10 17:33:39 INFO     [onshape_export_manager.worker] Running queued export id=ac70e010-0238-45b0-ac7f-09bbef5c5c8a label=A profile=STL
2026-07-10 17:33:39 ERROR    [onshape_export_manager.worker] Queued export failed id=ac70e010-0238-45b0-ac7f-09bbef5c5c8a: ValueError: unknown or disabled label 'A'
Traceback (most recent call last):
  File "/Users/hrebis/Desktop/OnshapeExportTool/onshape_export_manager/core/worker.py", line 372, in _run_job
    request = self._build_request(job)
  File "/Users/hrebis/Desktop/OnshapeExportTool/onshape_export_manager/core/worker.py", line 487, in _build_request
    raise ValueError(f"unknown or disabled label '{job.label_name}'")
ValueError: unknown or disabled label 'A'
2026-07-10 17:33:39 INFO     [onshape_export_manager.worker] Running queued export id=a1c7b2f4-0d5d-4913-8747-649209c27179 label=B profile=STL
2026-07-10 17:33:39 ERROR    [onshape_export_manager.worker] Queued export failed id=a1c7b2f4-0d5d-4913-8747-649209c27179: ValueError: unknown or disabled label 'B'
Traceback (most recent call last):
  File "/Users/hrebis/Desktop/OnshapeExportTool/onshape_export_manager/core/worker.py", line 372, in _run_job
    request = self._build_request(job)
  File "/Users/hrebis/Desktop/OnshapeExportTool/onshape_export_manager/core/worker.py", line 487, in _build_request
    raise ValueError(f"unknown or disabled label '{job.label_name}'")
ValueError: unknown or disabled label 'B'
2026-07-10 17:33:44 INFO     [onshape_export_manager.worker] Running queued export id=ac70e010-0238-45b0-ac7f-09bbef5c5c8a label=A profile=STL
2026-07-10 17:33:44 ERROR    [onshape_export_manager.worker] Queued export failed id=ac70e010-0238-45b0-ac7f-09bbef5c5c8a: ValueError: unknown or disabled label 'A'
Traceback (most recent call last):
  File "/Users/hrebis/Desktop/OnshapeExportTool/onshape_export_manager/core/worker.py", line 372, in _run_job
    request = self._build_request(job)
  File "/Users/hrebis/Desktop/OnshapeExportTool/onshape_export_manager/core/worker.py", line 487, in _build_request
    raise ValueError(f"unknown or disabled label '{job.label_name}'")
ValueError: unknown or disabled label 'A'
2026-07-10 17:33:44 INFO     [onshape_export_manager.worker] Running queued export id=a1c7b2f4-0d5d-4913-8747-649209c27179 label=B profile=STL
2026-07-10 17:33:44 ERROR    [onshape_export_manager.worker] Queued export failed id=a1c7b2f4-0d5d-4913-8747-649209c27179: ValueError: unknown or disabled label 'B'
Traceback (most recent call last):
  File "/Users/hrebis/Desktop/OnshapeExportTool/onshape_export_manager/core/worker.py", line 372, in _run_job
    request = self._build_request(job)
  File "/Users/hrebis/Desktop/OnshapeExportTool/onshape_export_manager/core/worker.py", line 487, in _build_request
    raise ValueError(f"unknown or disabled label '{job.label_name}'")
ValueError: unknown or disabled label 'B'
2026-07-10 17:36:04 INFO     [onshape_export_manager.worker] Running queued export id=3c7a1e2f-1eda-4deb-b7fb-6126fb53c14f label=A profile=STL
2026-07-10 17:36:04 ERROR    [onshape_export_manager.worker] Queued export failed id=3c7a1e2f-1eda-4deb-b7fb-6126fb53c14f: ValueError: unknown or disabled label 'A'
Traceback (most recent call last):
  File "/Users/hrebis/Desktop/OnshapeExportTool/onshape_export_manager/core/worker.py", line 372, in _run_job
    request = self._build_request(job)
  File "/Users/hrebis/Desktop/OnshapeExportTool/onshape_export_manager/core/worker.py", line 487, in _build_request
    raise ValueError(f"unknown or disabled label '{job.label_name}'")
ValueError: unknown or disabled label 'A'
2026-07-10 17:36:04 INFO     [onshape_export_manager.worker] Running queued export id=20a47d2e-6c8a-45fe-b191-2979fb110bf9 label=B profile=STL
2026-07-10 17:36:04 ERROR    [onshape_export_manager.worker] Queued export failed id=20a47d2e-6c8a-45fe-b191-2979fb110bf9: ValueError: unknown or disabled label 'B'
Traceback (most recent call last):
  File "/Users/hrebis/Desktop/OnshapeExportTool/onshape_export_manager/core/worker.py", line 372, in _run_job
    request = self._build_request(job)
  File "/Users/hrebis/Desktop/OnshapeExportTool/onshape_export_manager/core/worker.py", line 487, in _build_request
    raise ValueError(f"unknown or disabled label '{job.label_name}'")
ValueError: unknown or disabled label 'B'
2026-07-10 17:36:10 INFO     [onshape_export_manager.worker] Running queued export id=3c7a1e2f-1eda-4deb-b7fb-6126fb53c14f label=A profile=STL
2026-07-10 17:36:10 ERROR    [onshape_export_manager.worker] Queued export failed id=3c7a1e2f-1eda-4deb-b7fb-6126fb53c14f: ValueError: unknown or disabled label 'A'
Traceback (most recent call last):
  File "/Users/hrebis/Desktop/OnshapeExportTool/onshape_export_manager/core/worker.py", line 372, in _run_job
    request = self._build_request(job)
  File "/Users/hrebis/Desktop/OnshapeExportTool/onshape_export_manager/core/worker.py", line 487, in _build_request
    raise ValueError(f"unknown or disabled label '{job.label_name}'")
ValueError: unknown or disabled label 'A'
2026-07-10 17:36:10 INFO     [onshape_export_manager.worker] Running queued export id=20a47d2e-6c8a-45fe-b191-2979fb110bf9 label=B profile=STL
2026-07-10 17:36:10 ERROR    [onshape_export_manager.worker] Queued export failed id=20a47d2e-6c8a-45fe-b191-2979fb110bf9: ValueError: unknown or disabled label 'B'
Traceback (most recent call last):
  File "/Users/hrebis/Desktop/OnshapeExportTool/onshape_export_manager/core/worker.py", line 372, in _run_job
    request = self._build_request(job)
  File "/Users/hrebis/Desktop/OnshapeExportTool/onshape_export_manager/core/worker.py", line 487, in _build_request
    raise ValueError(f"unknown or disabled label '{job.label_name}'")
ValueError: unknown or disabled label 'B'
2026-07-10 17:36:15 INFO     [onshape_export_manager.worker] Running queued export id=3c7a1e2f-1eda-4deb-b7fb-6126fb53c14f label=A profile=STL
2026-07-10 17:36:15 ERROR    [onshape_export_manager.worker] Queued export failed id=3c7a1e2f-1eda-4deb-b7fb-6126fb53c14f: ValueError: unknown or disabled label 'A'
Traceback (most recent call last):
  File "/Users/hrebis/Desktop/OnshapeExportTool/onshape_export_manager/core/worker.py", line 372, in _run_job
    request = self._build_request(job)
  File "/Users/hrebis/Desktop/OnshapeExportTool/onshape_export_manager/core/worker.py", line 487, in _build_request
    raise ValueError(f"unknown or disabled label '{job.label_name}'")
ValueError: unknown or disabled label 'A'
2026-07-10 17:36:15 INFO     [onshape_export_manager.worker] Running queued export id=20a47d2e-6c8a-45fe-b191-2979fb110bf9 label=B profile=STL
2026-07-10 17:36:15 ERROR    [onshape_export_manager.worker] Queued export failed id=20a47d2e-6c8a-45fe-b191-2979fb110bf9: ValueError: unknown or disabled label 'B'
Traceback (most recent call last):
  File "/Users/hrebis/Desktop/OnshapeExportTool/onshape_export_manager/core/worker.py", line 372, in _run_job
    request = self._build_request(job)
  File "/Users/hrebis/Desktop/OnshapeExportTool/onshape_export_manager/core/worker.py", line 487, in _build_request
    raise ValueError(f"unknown or disabled label '{job.label_name}'")
ValueError: unknown or disabled label 'B'
2026-07-10 17:36:20 INFO     [onshape_export_manager.worker] Running queued export id=3c7a1e2f-1eda-4deb-b7fb-6126fb53c14f label=A profile=STL
2026-07-10 17:36:20 ERROR    [onshape_export_manager.worker] Queued export failed id=3c7a1e2f-1eda-4deb-b7fb-6126fb53c14f: ValueError: unknown or disabled label 'A'
Traceback (most recent call last):
  File "/Users/hrebis/Desktop/OnshapeExportTool/onshape_export_manager/core/worker.py", line 372, in _run_job
    request = self._build_request(job)
  File "/Users/hrebis/Desktop/OnshapeExportTool/onshape_export_manager/core/worker.py", line 487, in _build_request
    raise ValueError(f"unknown or disabled label '{job.label_name}'")
ValueError: unknown or disabled label 'A'
2026-07-10 17:36:20 INFO     [onshape_export_manager.worker] Running queued export id=20a47d2e-6c8a-45fe-b191-2979fb110bf9 label=B profile=STL
2026-07-10 17:36:20 ERROR    [onshape_export_manager.worker] Queued export failed id=20a47d2e-6c8a-45fe-b191-2979fb110bf9: ValueError: unknown or disabled label 'B'
Traceback (most recent call last):
  File "/Users/hrebis/Desktop/OnshapeExportTool/onshape_export_manager/core/worker.py", line 372, in _run_job
    request = self._build_request(job)
  File "/Users/hrebis/Desktop/OnshapeExportTool/onshape_export_manager/core/worker.py", line 487, in _build_request
    raise ValueError(f"unknown or disabled label '{job.label_name}'")
ValueError: unknown or disabled label 'B'
2026-07-10 17:42:27 INFO     [onshape_export_manager.worker] Scheduler subscribed to LABELS_CHANGED events
2026-07-10 17:42:27 INFO     [onshape_export_manager.worker] Started 4 background worker thread(s) (poll=5.0s, max_jobs_per_tick=25)
2026-07-10 17:43:12 INFO     [onshape_export_manager.worker] Running queued export id=6b2e5c77-4938-419e-80bd-4fd03a5f43e2 label=A profile=STL
2026-07-10 17:43:12 ERROR    [onshape_export_manager.worker] Queued export failed id=6b2e5c77-4938-419e-80bd-4fd03a5f43e2: ValueError: unknown or disabled label 'A'
Traceback (most recent call last):
  File "/Users/hrebis/Desktop/OnshapeExportTool/onshape_export_manager/core/worker.py", line 372, in _run_job
    request = self._build_request(job)
  File "/Users/hrebis/Desktop/OnshapeExportTool/onshape_export_manager/core/worker.py", line 487, in _build_request
    raise ValueError(f"unknown or disabled label '{job.label_name}'")
ValueError: unknown or disabled label 'A'
2026-07-10 17:43:12 INFO     [onshape_export_manager.worker] Running queued export id=fa327f3a-dfeb-4d57-bc17-3fb3b13d8250 label=B profile=STL
2026-07-10 17:43:12 ERROR    [onshape_export_manager.worker] Queued export failed id=fa327f3a-dfeb-4d57-bc17-3fb3b13d8250: ValueError: unknown or disabled label 'B'
Traceback (most recent call last):
  File "/Users/hrebis/Desktop/OnshapeExportTool/onshape_export_manager/core/worker.py", line 372, in _run_job
    request = self._build_request(job)
  File "/Users/hrebis/Desktop/OnshapeExportTool/onshape_export_manager/core/worker.py", line 487, in _build_request
    raise ValueError(f"unknown or disabled label '{job.label_name}'")
ValueError: unknown or disabled label 'B'
2026-07-10 17:43:17 INFO     [onshape_export_manager.worker] Running queued export id=6b2e5c77-4938-419e-80bd-4fd03a5f43e2 label=A profile=STL
2026-07-10 17:43:17 INFO     [onshape_export_manager.worker] Running queued export id=fa327f3a-dfeb-4d57-bc17-3fb3b13d8250 label=B profile=STL
2026-07-10 17:43:17 ERROR    [onshape_export_manager.worker] Queued export failed id=6b2e5c77-4938-419e-80bd-4fd03a5f43e2: ValueError: unknown or disabled label 'A'
Traceback (most recent call last):
  File "/Users/hrebis/Desktop/OnshapeExportTool/onshape_export_manager/core/worker.py", line 372, in _run_job
    request = self._build_request(job)
  File "/Users/hrebis/Desktop/OnshapeExportTool/onshape_export_manager/core/worker.py", line 487, in _build_request
    raise ValueError(f"unknown or disabled label '{job.label_name}'")
ValueError: unknown or disabled label 'A'
2026-07-10 17:43:17 ERROR    [onshape_export_manager.worker] Queued export failed id=fa327f3a-dfeb-4d57-bc17-3fb3b13d8250: ValueError: unknown or disabled label 'B'
Traceback (most recent call last):
  File "/Users/hrebis/Desktop/OnshapeExportTool/onshape_export_manager/core/worker.py", line 372, in _run_job
    request = self._build_request(job)
  File "/Users/hrebis/Desktop/OnshapeExportTool/onshape_export_manager/core/worker.py", line 487, in _build_request
    raise ValueError(f"unknown or disabled label '{job.label_name}'")
ValueError: unknown or disabled label 'B'
2026-07-10 17:43:22 INFO     [onshape_export_manager.worker] Running queued export id=6b2e5c77-4938-419e-80bd-4fd03a5f43e2 label=A profile=STL
2026-07-10 17:43:22 ERROR    [onshape_export_manager.worker] Queued export failed id=6b2e5c77-4938-419e-80bd-4fd03a5f43e2: ValueError: unknown or disabled label 'A'
Traceback (most recent call last):
  File "/Users/hrebis/Desktop/OnshapeExportTool/onshape_export_manager/core/worker.py", line 372, in _run_job
    request = self._build_request(job)
  File "/Users/hrebis/Desktop/OnshapeExportTool/onshape_export_manager/core/worker.py", line 487, in _build_request
    raise ValueError(f"unknown or disabled label '{job.label_name}'")
ValueError: unknown or disabled label 'A'
2026-07-10 17:43:22 INFO     [onshape_export_manager.worker] Running queued export id=fa327f3a-dfeb-4d57-bc17-3fb3b13d8250 label=B profile=STL
2026-07-10 17:43:22 ERROR    [onshape_export_manager.worker] Queued export failed id=fa327f3a-dfeb-4d57-bc17-3fb3b13d8250: ValueError: unknown or disabled label 'B'
Traceback (most recent call last):
  File "/Users/hrebis/Desktop/OnshapeExportTool/onshape_export_manager/core/worker.py", line 372, in _run_job
    request = self._build_request(job)
  File "/Users/hrebis/Desktop/OnshapeExportTool/onshape_export_manager/core/worker.py", line 487, in _build_request
    raise ValueError(f"unknown or disabled label '{job.label_name}'")
ValueError: unknown or disabled label 'B'
2026-07-10 17:43:27 INFO     [onshape_export_manager.worker] Running queued export id=6b2e5c77-4938-419e-80bd-4fd03a5f43e2 label=A profile=STL
2026-07-10 17:43:27 INFO     [onshape_export_manager.worker] Running queued export id=fa327f3a-dfeb-4d57-bc17-3fb3b13d8250 label=B profile=STL
2026-07-10 17:43:27 ERROR    [onshape_export_manager.worker] Queued export failed id=6b2e5c77-4938-419e-80bd-4fd03a5f43e2: ValueError: unknown or disabled label 'A'
Traceback (most recent call last):
  File "/Users/hrebis/Desktop/OnshapeExportTool/onshape_export_manager/core/worker.py", line 372, in _run_job
    request = self._build_request(job)
  File "/Users/hrebis/Desktop/OnshapeExportTool/onshape_export_manager/core/worker.py", line 487, in _build_request
    raise ValueError(f"unknown or disabled label '{job.label_name}'")
ValueError: unknown or disabled label 'A'
2026-07-10 17:43:27 ERROR    [onshape_export_manager.worker] Queued export failed id=fa327f3a-dfeb-4d57-bc17-3fb3b13d8250: ValueError: unknown or disabled label 'B'
Traceback (most recent call last):
  File "/Users/hrebis/Desktop/OnshapeExportTool/onshape_export_manager/core/worker.py", line 372, in _run_job
    request = self._build_request(job)
  File "/Users/hrebis/Desktop/OnshapeExportTool/onshape_export_manager/core/worker.py", line 487, in _build_request
    raise ValueError(f"unknown or disabled label '{job.label_name}'")
ValueError: unknown or disabled label 'B'
2026-07-10 17:46:15 INFO     [onshape_export_manager.worker] Scheduler subscribed to LABELS_CHANGED events
2026-07-10 17:46:15 INFO     [onshape_export_manager.worker] Started 4 background worker thread(s) (poll=5.0s, max_jobs_per_tick=25)
2026-07-10 17:46:15 INFO     [onshape_export_manager.worker] Running queued export id=a017d90e-4070-446c-86b6-d327b6f3ff04 label=A profile=STL
2026-07-10 17:46:15 INFO     [onshape_export_manager.worker] Running queued export id=2c0f7e38-dd3a-4e38-aacb-6b8b8b17c233 label=B profile=STL
2026-07-10 17:46:15 INFO     [onshape_export_manager.worker] Running queued export id=2b3ac9fc-08e6-4cc2-84ab-2534a5acb98b label=A profile=STL
2026-07-10 17:46:15 ERROR    [onshape_export_manager.worker] Queued export failed id=a017d90e-4070-446c-86b6-d327b6f3ff04: ValueError: unknown or disabled label 'A'
Traceback (most recent call last):
  File "/Users/hrebis/Desktop/OnshapeExportTool/onshape_export_manager/core/worker.py", line 372, in _run_job
    request = self._build_request(job)
  File "/Users/hrebis/Desktop/OnshapeExportTool/onshape_export_manager/core/worker.py", line 487, in _build_request
    raise ValueError(f"unknown or disabled label '{job.label_name}'")
ValueError: unknown or disabled label 'A'
2026-07-10 17:46:15 INFO     [onshape_export_manager.worker] Running queued export id=b434275c-960e-493a-8e8c-e31ce47b3c96 label=B profile=STL
2026-07-10 17:46:15 ERROR    [onshape_export_manager.worker] Queued export failed id=2c0f7e38-dd3a-4e38-aacb-6b8b8b17c233: ValueError: unknown or disabled label 'B'
Traceback (most recent call last):
  File "/Users/hrebis/Desktop/OnshapeExportTool/onshape_export_manager/core/worker.py", line 372, in _run_job
    request = self._build_request(job)
  File "/Users/hrebis/Desktop/OnshapeExportTool/onshape_export_manager/core/worker.py", line 487, in _build_request
    raise ValueError(f"unknown or disabled label '{job.label_name}'")
ValueError: unknown or disabled label 'B'
2026-07-10 17:46:15 ERROR    [onshape_export_manager.worker] Queued export failed id=2b3ac9fc-08e6-4cc2-84ab-2534a5acb98b: ValueError: unknown or disabled label 'A'
Traceback (most recent call last):
  File "/Users/hrebis/Desktop/OnshapeExportTool/onshape_export_manager/core/worker.py", line 372, in _run_job
    request = self._build_request(job)
  File "/Users/hrebis/Desktop/OnshapeExportTool/onshape_export_manager/core/worker.py", line 487, in _build_request
    raise ValueError(f"unknown or disabled label '{job.label_name}'")
ValueError: unknown or disabled label 'A'
2026-07-10 17:46:15 ERROR    [onshape_export_manager.worker] Queued export failed id=b434275c-960e-493a-8e8c-e31ce47b3c96: ValueError: unknown or disabled label 'B'
Traceback (most recent call last):
  File "/Users/hrebis/Desktop/OnshapeExportTool/onshape_export_manager/core/worker.py", line 372, in _run_job
    request = self._build_request(job)
  File "/Users/hrebis/Desktop/OnshapeExportTool/onshape_export_manager/core/worker.py", line 487, in _build_request
    raise ValueError(f"unknown or disabled label '{job.label_name}'")
ValueError: unknown or disabled label 'B'
2026-07-10 17:46:20 INFO     [onshape_export_manager.worker] Running queued export id=a017d90e-4070-446c-86b6-d327b6f3ff04 label=A profile=STL
2026-07-10 17:46:20 INFO     [onshape_export_manager.worker] Running queued export id=2c0f7e38-dd3a-4e38-aacb-6b8b8b17c233 label=B profile=STL
2026-07-10 17:46:20 INFO     [onshape_export_manager.worker] Running queued export id=2b3ac9fc-08e6-4cc2-84ab-2534a5acb98b label=A profile=STL
2026-07-10 17:46:20 ERROR    [onshape_export_manager.worker] Queued export failed id=2b3ac9fc-08e6-4cc2-84ab-2534a5acb98b: ValueError: unknown or disabled label 'A'
Traceback (most recent call last):
  File "/Users/hrebis/Desktop/OnshapeExportTool/onshape_export_manager/core/worker.py", line 372, in _run_job
    request = self._build_request(job)
  File "/Users/hrebis/Desktop/OnshapeExportTool/onshape_export_manager/core/worker.py", line 487, in _build_request
    raise ValueError(f"unknown or disabled label '{job.label_name}'")
ValueError: unknown or disabled label 'A'
2026-07-10 17:46:20 ERROR    [onshape_export_manager.worker] Queued export failed id=a017d90e-4070-446c-86b6-d327b6f3ff04: ValueError: unknown or disabled label 'A'
Traceback (most recent call last):
  File "/Users/hrebis/Desktop/OnshapeExportTool/onshape_export_manager/core/worker.py", line 372, in _run_job
    request = self._build_request(job)
  File "/Users/hrebis/Desktop/OnshapeExportTool/onshape_export_manager/core/worker.py", line 487, in _build_request
    raise ValueError(f"unknown or disabled label '{job.label_name}'")
ValueError: unknown or disabled label 'A'
2026-07-10 17:46:20 ERROR    [onshape_export_manager.worker] Queued export failed id=2c0f7e38-dd3a-4e38-aacb-6b8b8b17c233: ValueError: unknown or disabled label 'B'
Traceback (most recent call last):
  File "/Users/hrebis/Desktop/OnshapeExportTool/onshape_export_manager/core/worker.py", line 372, in _run_job
    request = self._build_request(job)
  File "/Users/hrebis/Desktop/OnshapeExportTool/onshape_export_manager/core/worker.py", line 487, in _build_request
    raise ValueError(f"unknown or disabled label '{job.label_name}'")
ValueError: unknown or disabled label 'B'
2026-07-10 17:46:20 INFO     [onshape_export_manager.worker] Running queued export id=b434275c-960e-493a-8e8c-e31ce47b3c96 label=B profile=STL
2026-07-10 17:46:20 ERROR    [onshape_export_manager.worker] Queued export failed id=b434275c-960e-493a-8e8c-e31ce47b3c96: ValueError: unknown or disabled label 'B'
Traceback (most recent call last):
  File "/Users/hrebis/Desktop/OnshapeExportTool/onshape_export_manager/core/worker.py", line 372, in _run_job
    request = self._build_request(job)
  File "/Users/hrebis/Desktop/OnshapeExportTool/onshape_export_manager/core/worker.py", line 487, in _build_request
    raise ValueError(f"unknown or disabled label '{job.label_name}'")
ValueError: unknown or disabled label 'B'
2026-07-10 17:46:25 INFO     [onshape_export_manager.worker] Running queued export id=a017d90e-4070-446c-86b6-d327b6f3ff04 label=A profile=STL
2026-07-10 17:46:25 INFO     [onshape_export_manager.worker] Running queued export id=2c0f7e38-dd3a-4e38-aacb-6b8b8b17c233 label=B profile=STL
2026-07-10 17:46:25 INFO     [onshape_export_manager.worker] Running queued export id=2b3ac9fc-08e6-4cc2-84ab-2534a5acb98b label=A profile=STL
2026-07-10 17:46:25 ERROR    [onshape_export_manager.worker] Queued export failed id=2c0f7e38-dd3a-4e38-aacb-6b8b8b17c233: ValueError: unknown or disabled label 'B'
Traceback (most recent call last):
  File "/Users/hrebis/Desktop/OnshapeExportTool/onshape_export_manager/core/worker.py", line 372, in _run_job
    request = self._build_request(job)
  File "/Users/hrebis/Desktop/OnshapeExportTool/onshape_export_manager/core/worker.py", line 487, in _build_request
    raise ValueError(f"unknown or disabled label '{job.label_name}'")
ValueError: unknown or disabled label 'B'
2026-07-10 17:46:25 ERROR    [onshape_export_manager.worker] Queued export failed id=2b3ac9fc-08e6-4cc2-84ab-2534a5acb98b: ValueError: unknown or disabled label 'A'
Traceback (most recent call last):
  File "/Users/hrebis/Desktop/OnshapeExportTool/onshape_export_manager/core/worker.py", line 372, in _run_job
    request = self._build_request(job)
  File "/Users/hrebis/Desktop/OnshapeExportTool/onshape_export_manager/core/worker.py", line 487, in _build_request
    raise ValueError(f"unknown or disabled label '{job.label_name}'")
ValueError: unknown or disabled label 'A'
2026-07-10 17:46:25 ERROR    [onshape_export_manager.worker] Queued export failed id=a017d90e-4070-446c-86b6-d327b6f3ff04: ValueError: unknown or disabled label 'A'
Traceback (most recent call last):
  File "/Users/hrebis/Desktop/OnshapeExportTool/onshape_export_manager/core/worker.py", line 372, in _run_job
    request = self._build_request(job)
  File "/Users/hrebis/Desktop/OnshapeExportTool/onshape_export_manager/core/worker.py", line 487, in _build_request
    raise ValueError(f"unknown or disabled label '{job.label_name}'")
ValueError: unknown or disabled label 'A'
2026-07-10 17:46:25 INFO     [onshape_export_manager.worker] Running queued export id=b434275c-960e-493a-8e8c-e31ce47b3c96 label=B profile=STL
2026-07-10 17:46:25 ERROR    [onshape_export_manager.worker] Queued export failed id=b434275c-960e-493a-8e8c-e31ce47b3c96: ValueError: unknown or disabled label 'B'
Traceback (most recent call last):
  File "/Users/hrebis/Desktop/OnshapeExportTool/onshape_export_manager/core/worker.py", line 372, in _run_job
    request = self._build_request(job)
  File "/Users/hrebis/Desktop/OnshapeExportTool/onshape_export_manager/core/worker.py", line 487, in _build_request
    raise ValueError(f"unknown or disabled label '{job.label_name}'")
ValueError: unknown or disabled label 'B'
2026-07-10 17:46:30 INFO     [onshape_export_manager.worker] Running queued export id=a017d90e-4070-446c-86b6-d327b6f3ff04 label=A profile=STL
2026-07-10 17:46:30 ERROR    [onshape_export_manager.worker] Queued export failed id=a017d90e-4070-446c-86b6-d327b6f3ff04: ValueError: unknown or disabled label 'A'
Traceback (most recent call last):
  File "/Users/hrebis/Desktop/OnshapeExportTool/onshape_export_manager/core/worker.py", line 372, in _run_job
    request = self._build_request(job)
  File "/Users/hrebis/Desktop/OnshapeExportTool/onshape_export_manager/core/worker.py", line 487, in _build_request
    raise ValueError(f"unknown or disabled label '{job.label_name}'")
ValueError: unknown or disabled label 'A'
2026-07-10 17:46:30 INFO     [onshape_export_manager.worker] Running queued export id=2c0f7e38-dd3a-4e38-aacb-6b8b8b17c233 label=B profile=STL
2026-07-10 17:46:30 INFO     [onshape_export_manager.worker] Running queued export id=2b3ac9fc-08e6-4cc2-84ab-2534a5acb98b label=A profile=STL
2026-07-10 17:46:30 ERROR    [onshape_export_manager.worker] Queued export failed id=2c0f7e38-dd3a-4e38-aacb-6b8b8b17c233: ValueError: unknown or disabled label 'B'
Traceback (most recent call last):
  File "/Users/hrebis/Desktop/OnshapeExportTool/onshape_export_manager/core/worker.py", line 372, in _run_job
    request = self._build_request(job)
  File "/Users/hrebis/Desktop/OnshapeExportTool/onshape_export_manager/core/worker.py", line 487, in _build_request
    raise ValueError(f"unknown or disabled label '{job.label_name}'")
ValueError: unknown or disabled label 'B'
2026-07-10 17:46:30 ERROR    [onshape_export_manager.worker] Queued export failed id=2b3ac9fc-08e6-4cc2-84ab-2534a5acb98b: ValueError: unknown or disabled label 'A'
Traceback (most recent call last):
  File "/Users/hrebis/Desktop/OnshapeExportTool/onshape_export_manager/core/worker.py", line 372, in _run_job
    request = self._build_request(job)
  File "/Users/hrebis/Desktop/OnshapeExportTool/onshape_export_manager/core/worker.py", line 487, in _build_request
    raise ValueError(f"unknown or disabled label '{job.label_name}'")
ValueError: unknown or disabled label 'A'
2026-07-10 17:46:30 INFO     [onshape_export_manager.worker] Running queued export id=b434275c-960e-493a-8e8c-e31ce47b3c96 label=B profile=STL
2026-07-10 17:46:30 ERROR    [onshape_export_manager.worker] Queued export failed id=b434275c-960e-493a-8e8c-e31ce47b3c96: ValueError: unknown or disabled label 'B'
Traceback (most recent call last):
  File "/Users/hrebis/Desktop/OnshapeExportTool/onshape_export_manager/core/worker.py", line 372, in _run_job
    request = self._build_request(job)
  File "/Users/hrebis/Desktop/OnshapeExportTool/onshape_export_manager/core/worker.py", line 487, in _build_request
    raise ValueError(f"unknown or disabled label '{job.label_name}'")
ValueError: unknown or disabled label 'B'
2026-07-10 17:52:10 INFO     [onshape_export_manager.worker] Scheduler subscribed to LABELS_CHANGED events
2026-07-10 17:52:10 INFO     [onshape_export_manager.worker] Started 4 background worker thread(s) (poll=5.0s, max_jobs_per_tick=25)
2026-07-10 18:25:41 INFO     [onshape_export_manager.worker] Scheduler subscribed to LABELS_CHANGED events
2026-07-10 18:25:41 INFO     [onshape_export_manager.worker] Started 4 background worker thread(s) (poll=5.0s, max_jobs_per_tick=25)
2026-07-26 17:32:38 INFO     [onshape_export_manager.worker] Scheduler subscribed to LABELS_CHANGED events
2026-07-26 17:32:38 INFO     [onshape_export_manager.worker] Started 4 background worker thread(s) (poll=5.0s, max_jobs_per_tick=25)
2026-07-26 17:33:08 WARNING  [onshape_export_manager.worker] Worker not started: queue manager unavailable
2026-07-26 17:35:23 INFO     [onshape_export_manager.worker] Scheduler subscribed to LABELS_CHANGED events
2026-07-26 17:35:23 INFO     [onshape_export_manager.worker] Started 4 background worker thread(s) (poll=5.0s, max_jobs_per_tick=25)
2026-07-26 17:37:41 INFO     [onshape_export_manager.worker] Scheduler subscribed to LABELS_CHANGED events
2026-07-26 17:37:41 INFO     [onshape_export_manager.worker] Started 4 background worker thread(s) (poll=5.0s, max_jobs_per_tick=25)
2026-07-26 17:40:52 INFO     [onshape_export_manager.worker] Scheduler subscribed to LABELS_CHANGED events
2026-07-26 17:40:52 INFO     [onshape_export_manager.worker] Started 4 background worker thread(s) (poll=5.0s, max_jobs_per_tick=25)
2026-07-26 17:42:08 INFO     [onshape_export_manager.worker] Scheduler subscribed to LABELS_CHANGED events
2026-07-26 17:42:08 INFO     [onshape_export_manager.worker] Started 4 background worker thread(s) (poll=5.0s, max_jobs_per_tick=25)
2026-07-26 18:06:01 INFO     [onshape_export_manager.worker] Scheduler subscribed to LABELS_CHANGED events
2026-07-26 18:06:01 INFO     [onshape_export_manager.worker] Started 4 background worker thread(s) (poll=5.0s, max_jobs_per_tick=25)
2026-07-26 18:16:28 INFO     [onshape_export_manager.worker] Scheduler subscribed to LABELS_CHANGED events
2026-07-26 18:16:28 INFO     [onshape_export_manager.worker] Started 4 background worker thread(s) (poll=5.0s, max_jobs_per_tick=25)
2026-07-26 18:35:20 INFO     [onshape_export_manager.worker] Scheduler subscribed to LABELS_CHANGED events
2026-07-26 18:35:20 INFO     [onshape_export_manager.worker] Started 4 background worker thread(s) (poll=5.0s, max_jobs_per_tick=25)
2026-07-26 18:44:11 INFO     [onshape_export_manager.worker] Scheduler subscribed to LABELS_CHANGED events
2026-07-26 18:44:11 INFO     [onshape_export_manager.worker] Started 4 background worker thread(s) (poll=5.0s, max_jobs_per_tick=25)
2026-07-26 18:54:42 INFO     [onshape_export_manager.worker] Scheduler subscribed to LABELS_CHANGED events
2026-07-26 18:54:42 INFO     [onshape_export_manager.worker] Started 4 background worker thread(s) (poll=5.0s, max_jobs_per_tick=25)
2026-07-26 18:58:13 INFO     [onshape_export_manager.worker] Scheduler subscribed to LABELS_CHANGED events
2026-07-26 18:58:13 INFO     [onshape_export_manager.worker] Started 4 background worker thread(s) (poll=5.0s, max_jobs_per_tick=25)
